graph,w,fly,cond,active,MN9_L,MN9_R,DNp01,DNa_L,DNa_R,DNa02_L,DNa02_R,headDN,wall_ms
malecns_all_shuf,0.152,1,sugar10,0.0,0.0,0.0,0.0,0.0,0.0,0.0,0.0,0.0,67.21210098266602
malecns_all_shuf,0.152,1,sugar20,1.3333333333333333,0.0,0.0,0.0,0.0,0.0,0.0,0.0,0.0,93.48949813842773
malecns_all_shuf,0.152,1,sugar40,8.333333333333334,0.0,0.0,0.0,0.0,0.0,0.0,0.0,0.0,143.93579864501953
malecns_all_shuf,0.152,1,sugar60,23.0,0.0,0.0,0.0,0.0,0.0,0.0,0.0,0.0,160.89929962158203
malecns_all_shuf,0.152,1,sugar80,42.0,0.0,0.0,0.0,0.0,0.0,0.0,0.0,0.0,253.3217010498047
malecns_all_shuf,0.152,1,sugar100,55.666666666666664,0.0,0.0,0.0,0.0,0.0,0.0,0.0,0.0,285.6126937866211
malecns_all_shuf,0.152,1,sugar150,129.0,0.0,0.0,0.0,0.0,0.0,0.0,0.0,0.0,591.9704895019531
malecns_all_shuf,0.152,1,rand0_40,7.666666666666667,0.0,0.0,0.0,0.0,0.0,0.0,0.0,0.0,154.59569931030273
malecns_all_shuf,0.152,1,rand0_80,33.666666666666664,0.0,0.0,0.0,0.0,0.0,0.0,0.0,0.0,290.7907028198242
malecns_all_shuf,0.152,1,rand0_150,102.66666666666667,0.0,0.0,0.0,0.0,0.0,0.0,0.0,0.0,525.6184997558594
malecns_all_shuf,0.152,1,rand1_40,13.666666666666666,0.0,0.0,0.0,0.0,0.0,0.0,0.0,0.0,180.14729690551758
malecns_all_shuf,0.152,1,rand1_80,44.666666666666664,0.0,0.0,0.0,0.0,0.0,0.0,0.0,0.0,294.7750015258789
malecns_all_shuf,0.152,1,rand1_150,106.66666666666667,0.0,0.0,0.0,0.0,0.0,0.0,0.0,0.0,533.7982025146484
malecns_all_shuf,0.152,1,rand2_40,9.333333333333334,0.0,0.0,0.0,0.0,0.0,0.0,0.0,0.0,156.97629928588867
malecns_all_shuf,0.152,1,rand2_80,30.0,0.0,0.0,0.0,0.0,0.0,0.0,0.0,0.0,296.6052017211914
malecns_all_shuf,0.152,1,rand2_150,92.0,0.0,0.0,0.0,0.0,0.0,0.0,0.0,0.0,580.2126007080078
malecns_all_shuf,0.152,1,bitter150,90.66666666666667,0.0,0.0,0.0,0.0,0.0,0.0,0.0,0.0,416.8037109375
malecns_all_shuf,0.152,1,sugar40_bitter,108.0,0.0,0.0,0.0,0.0,0.0,0.0,0.0,0.0,561.385986328125
malecns_all_shuf,0.152,1,sugar80_bitter,132.66666666666666,0.0,0.0,0.0,0.0,0.0,0.0,0.0,0.0,610.7639923095703
malecns_all_shuf,0.152,1,sugar100_bitter,166.66666666666666,0.0,0.0,0.0,0.0,0.0,0.0,0.0,0.0,727.6566162109375
malecns_all_shuf,0.152,1,loom,1563.3333333333333,0.0,0.0,0.0,0.0,0.0,0.0,0.0,2.7778,3173.8602294921875
malecns_all_shuf,0.152,1,loomL,622.6666666666666,0.0,0.0,0.0,0.0,0.0,0.0,0.0,2.8889,2421.31298828125
malecns_all_shuf,0.152,1,loomR,681.3333333333334,0.0,0.0,0.0,0.0,0.0,0.0,0.0,0.0,2421.4248046875
malecns_all_shuf,0.152,1,lc10L,750.0,0.0,0.0,0.0,0.0,0.0,0.0,0.0,0.0,2417.20166015625
malecns_all_shuf,0.152,1,lc10R,965.3333333333334,0.0,0.0,0.0,0.0,0.0,0.0,0.0,0.2222,2512.8843383789062
malecns_all_shuf,0.152,1,head,893.0,0.0,0.0,0.0,0.0,0.0,0.0,0.0,0.0,2644.030029296875
malecns_all_shuf,0.152,0,sugar10,0.0,0.0,0.0,0.0,0.0,0.0,0.0,0.0,0.0,72.35859870910645
malecns_all_shuf,0.152,0,sugar20,1.0,0.0,0.0,0.0,0.0,0.0,0.0,0.0,0.0,107.03779983520508
malecns_all_shuf,0.152,0,sugar40,6.666666666666667,0.0,0.0,0.0,0.0,0.0,0.0,0.0,0.0,97.00139999389648
malecns_all_shuf,0.152,0,sugar60,16.333333333333332,0.0,0.0,0.0,0.0,0.0,0.0,0.0,0.0,150.2223014831543
malecns_all_shuf,0.152,0,sugar80,46.0,0.0,0.0,0.0,0.0,0.0,0.0,0.0,0.0,233.56210327148438
malecns_all_shuf,0.152,0,sugar100,66.33333333333333,0.0,0.0,0.0,0.0,0.0,0.0,0.0,0.0,316.3779983520508
malecns_all_shuf,0.152,0,sugar150,130.66666666666666,0.0,0.0,0.0,0.0,0.0,0.0,0.0,0.0,658.8769073486328
malecns_all_shuf,0.152,0,rand0_40,13.666666666666666,0.0,0.0,0.0,0.0,0.0,0.0,0.0,0.0,156.42019653320312
malecns_all_shuf,0.152,0,rand0_80,35.333333333333336,0.0,0.0,0.0,0.0,0.0,0.0,0.0,0.0,252.55670166015625
malecns_all_shuf,0.152,0,rand0_150,102.0,0.0,0.0,0.0,0.0,0.0,0.0,0.0,0.0,624.8152923583984
malecns_all_shuf,0.152,0,rand1_40,15.666666666666666,0.0,0.0,0.0,0.0,0.0,0.0,0.0,0.0,186.44280624389648
malecns_all_shuf,0.152,0,rand1_80,42.666666666666664,0.0,0.0,0.0,0.0,0.0,0.0,0.0,0.0,295.28910064697266
malecns_all_shuf,0.152,0,rand1_150,103.33333333333333,0.0,0.0,0.0,0.0,0.0,0.0,0.0,0.0,506.3955993652344
malecns_all_shuf,0.152,0,rand2_40,9.333333333333334,0.0,0.0,0.0,0.0,0.0,0.0,0.0,0.0,159.53009796142578
malecns_all_shuf,0.152,0,rand2_80,26.666666666666668,0.0,0.0,0.0,0.0,0.0,0.0,0.0,0.0,291.90989685058594
malecns_all_shuf,0.152,0,rand2_150,96.0,0.0,0.0,0.0,0.0,0.0,0.0,0.0,0.0,563.0838012695312
malecns_all_shuf,0.152,0,bitter150,95.33333333333333,0.0,0.0,0.0,0.0,0.0,0.0,0.0,0.0,401.64420318603516
malecns_all_shuf,0.152,0,sugar40_bitter,103.33333333333333,0.0,0.0,0.0,0.0,0.0,0.0,0.0,0.0,590.1683959960938
malecns_all_shuf,0.152,0,sugar80_bitter,137.33333333333334,0.0,0.0,0.0,0.0,0.0,0.0,0.0,0.0,661.1656951904297
malecns_all_shuf,0.152,0,sugar100_bitter,163.66666666666666,0.0,0.0,0.0,0.0,0.0,0.0,0.0,0.0,737.7728118896484
malecns_all_shuf,0.152,0,loom,1554.3333333333333,0.0,0.0,0.0,0.0,0.0,0.0,0.0,1.6667,3179.231201171875
malecns_all_shuf,0.152,0,loomL,656.0,0.0,0.0,0.0,0.0,0.0,0.0,0.0,2.4444,2468.4588012695312
malecns_all_shuf,0.152,0,loomR,690.6666666666666,0.0,0.0,0.0,0.0,0.0,0.0,0.0,0.0,2306.0640869140625
malecns_all_shuf,0.152,0,lc10L,736.0,0.0,0.0,0.0,0.0,0.0,0.0,0.0,0.0,2356.5820922851562
malecns_all_shuf,0.152,0,lc10R,979.3333333333334,0.0,0.0,0.0,0.0,0.0,0.0,0.0,0.33330000000000004,2617.71337890625
malecns_all_shuf,0.152,0,head,884.6666666666666,0.0,0.0,0.0,0.0,0.0,0.0,0.0,0.0,2602.4683837890625
malecns_all_shuf,0.152,3,sugar10,0.0,0.0,0.0,0.0,0.0,0.0,0.0,0.0,0.0,81.76319885253906
malecns_all_shuf,0.152,3,sugar20,0.3333333333333333,0.0,0.0,0.0,0.0,0.0,0.0,0.0,0.0,110.54830169677734
malecns_all_shuf,0.152,3,sugar40,11.333333333333334,0.0,0.0,0.0,0.0,0.0,0.0,0.0,0.0,154.64690017700195
malecns_all_shuf,0.152,3,sugar60,21.666666666666668,0.0,0.0,0.0,0.0,0.0,0.0,0.0,0.0,166.81639862060547
malecns_all_shuf,0.152,3,sugar80,34.333333333333336,0.0,0.0,0.0,0.0,0.0,0.0,0.0,0.0,204.76130294799805
malecns_all_shuf,0.152,3,sugar100,60.333333333333336,0.0,0.0,0.0,0.0,0.0,0.0,0.0,0.0,263.16529083251953
malecns_all_shuf,0.152,3,sugar150,113.66666666666667,0.0,0.0,0.0,0.0,0.0,0.0,0.0,0.0,527.2509002685547
malecns_all_shuf,0.152,3,rand0_40,18.0,0.0,0.0,0.0,0.0,0.0,0.0,0.0,0.0,192.77519989013672
malecns_all_shuf,0.152,3,rand0_80,33.0,0.0,0.0,0.0,0.0,0.0,0.0,0.0,0.0,252.1009979248047
malecns_all_shuf,0.152,3,rand0_150,104.33333333333333,0.0,0.0,0.0,0.0,0.0,0.0,0.0,0.0,594.9464111328125
malecns_all_shuf,0.152,3,rand1_40,14.666666666666666,0.0,0.0,0.0,0.0,0.0,0.0,0.0,0.0,176.75510025024414
malecns_all_shuf,0.152,3,rand1_80,40.0,0.0,0.0,0.0,0.0,0.0,0.0,0.0,0.0,232.6356964111328
malecns_all_shuf,0.152,3,rand1_150,99.33333333333333,0.0,0.0,0.0,0.0,0.0,0.0,0.0,0.0,511.7872009277344
malecns_all_shuf,0.152,3,rand2_40,5.333333333333333,0.0,0.0,0.0,0.0,0.0,0.0,0.0,0.0,152.99709701538086
malecns_all_shuf,0.152,3,rand2_80,27.333333333333332,0.0,0.0,0.0,0.0,0.0,0.0,0.0,0.0,278.28189849853516
malecns_all_shuf,0.152,3,rand2_150,104.66666666666667,0.0,0.0,0.0,0.0,0.0,0.0,0.0,0.0,620.85400390625
malecns_all_shuf,0.152,3,bitter150,101.66666666666667,0.0,0.0,0.0,0.0,0.0,0.0,0.0,0.0,462.32090759277344
malecns_all_shuf,0.152,3,sugar40_bitter,100.0,0.0,0.0,0.0,0.0,0.0,0.0,0.0,0.0,538.4156951904297
malecns_all_shuf,0.152,3,sugar80_bitter,136.0,0.0,0.0,0.0,0.0,0.0,0.0,0.0,0.0,618.0897827148438
malecns_all_shuf,0.152,3,sugar100_bitter,149.0,0.0,0.0,0.0,0.0,0.0,0.0,0.0,0.0,675.0774841308594
malecns_all_shuf,0.152,3,loom,1539.0,0.0,0.0,0.0,0.0,0.0,0.0,0.0,1.3333,3155.6796875
malecns_all_shuf,0.152,3,loomL,636.6666666666666,0.0,0.0,0.0,0.0,0.0,0.0,0.0,2.0,2384.3909912109375
malecns_all_shuf,0.152,3,loomR,697.0,0.0,0.0,0.0,0.0,0.0,0.0,0.0,0.0,2361.38134765625
malecns_all_shuf,0.152,3,lc10L,767.6666666666666,0.0,0.0,0.0,0.0,0.0,0.0,0.0,0.0,2403.4505615234375
malecns_all_shuf,0.152,3,lc10R,998.6666666666666,0.0,0.0,0.0,0.0,0.0,0.0,0.0,0.7777999999999999,2591.393310546875
malecns_all_shuf,0.152,3,head,924.0,0.0,0.0,0.0,0.0,0.0,0.0,0.0,0.0,2724.3347778320312
malecns_all_shuf,0.152,2,sugar10,0.0,0.0,0.0,0.0,0.0,0.0,0.0,0.0,0.0,76.64859962463379
malecns_all_shuf,0.152,2,sugar20,1.3333333333333333,0.0,0.0,0.0,0.0,0.0,0.0,0.0,0.0,117.46900177001953
malecns_all_shuf,0.152,2,sugar40,12.666666666666666,0.0,0.0,0.0,0.0,0.0,0.0,0.0,0.0,157.22729873657227
malecns_all_shuf,0.152,2,sugar60,19.0,0.0,0.0,0.0,0.0,0.0,0.0,0.0,0.0,176.8852996826172
malecns_all_shuf,0.152,2,sugar80,41.666666666666664,0.0,0.0,0.0,0.0,0.0,0.0,0.0,0.0,241.83090209960938
malecns_all_shuf,0.152,2,sugar100,67.0,0.0,0.0,0.0,0.0,0.0,0.0,0.0,0.0,331.39510345458984
malecns_all_shuf,0.152,2,sugar150,129.33333333333334,0.0,0.0,0.0,0.0,0.0,0.0,0.0,0.0,634.8979034423828
malecns_all_shuf,0.152,2,rand0_40,12.0,0.0,0.0,0.0,0.0,0.0,0.0,0.0,0.0,163.7849998474121
malecns_all_shuf,0.152,2,rand0_80,42.666666666666664,0.0,0.0,0.0,0.0,0.0,0.0,0.0,0.0,310.835693359375
malecns_all_shuf,0.152,2,rand0_150,107.66666666666667,0.0,0.0,0.0,0.0,0.0,0.0,0.0,0.0,528.0467987060547
malecns_all_shuf,0.152,2,rand1_40,12.0,0.0,0.0,0.0,0.0,0.0,0.0,0.0,0.0,170.97740173339844
malecns_all_shuf,0.152,2,rand1_80,43.0,0.0,0.0,0.0,0.0,0.0,0.0,0.0,0.0,313.76609802246094
malecns_all_shuf,0.152,2,rand1_150,106.66666666666667,0.0,0.0,0.0,0.0,0.0,0.0,0.0,0.0,516.4009094238281
malecns_all_shuf,0.152,2,rand2_40,8.0,0.0,0.0,0.0,0.0,0.0,0.0,0.0,0.0,133.23149871826172
malecns_all_shuf,0.152,2,rand2_80,26.666666666666668,0.0,0.0,0.0,0.0,0.0,0.0,0.0,0.0,268.70789337158203
malecns_all_shuf,0.152,2,rand2_150,84.33333333333333,0.0,0.0,0.0,0.0,0.0,0.0,0.0,0.0,541.1705017089844
malecns_all_shuf,0.152,2,bitter150,102.0,0.0,0.0,0.0,0.0,0.0,0.0,0.0,0.0,445.62879943847656
malecns_all_shuf,0.152,2,sugar40_bitter,97.66666666666667,0.0,0.0,0.0,0.0,0.0,0.0,0.0,0.0,544.8170013427734
malecns_all_shuf,0.152,2,sugar80_bitter,142.33333333333334,0.0,0.0,0.0,0.0,0.0,0.0,0.0,0.0,663.5954895019531
malecns_all_shuf,0.152,2,sugar100_bitter,161.0,0.0,0.0,0.0,0.0,0.0,0.0,0.0,0.0,754.8364105224609
malecns_all_shuf,0.152,2,loom,1580.3333333333333,0.0,0.0,0.0,0.0,0.0,0.0,0.0,2.5556,3160.518798828125
malecns_all_shuf,0.152,2,loomL,626.6666666666666,0.0,0.0,0.0,0.0,0.0,0.0,0.0,2.6667,2372.4078369140625
malecns_all_shuf,0.152,2,loomR,715.3333333333334,0.0,0.0,0.0,0.0,0.0,0.0,0.0,0.0,2389.4930419921875
malecns_all_shuf,0.152,2,lc10L,766.3333333333334,0.0,0.0,0.0,0.0,0.0,0.0,0.0,0.0,2367.1353149414062
malecns_all_shuf,0.152,2,lc10R,972.0,0.0,0.0,0.0,0.0,0.0,0.0,0.0,0.0,2623.808349609375
malecns_all_shuf,0.152,2,head,961.6666666666666,0.0,0.0,0.0,0.0,0.0,0.0,0.0,0.1111,2669.9638671875
malecns_all,0.152,3,sugar10,9.333333333333334,0.0,0.0,0.0,0.0,0.0,0.0,0.0,0.0,17.061899662017822
malecns_all,0.152,3,sugar20,44.666666666666664,0.0,0.0,0.0,0.0,0.0,0.0,0.0,0.0,66.33100032806396
malecns_all,0.152,3,sugar40,83.33333333333333,0.0,0.0,0.0,0.0,0.0,0.0,0.0,0.0,141.09280014038086
malecns_all,0.152,3,sugar60,121.0,3.333,0.0,0.0,0.0,0.0,0.0,0.0,0.0,212.45929718017578
malecns_all,0.152,3,sugar80,287.3333333333333,25.556,0.0,0.0,0.0,0.0,0.0,0.0,0.0,323.28560638427734
malecns_all,0.152,3,sugar100,8069.333333333333,81.111,0.0,0.0,2.222,0.0,4.444,0.0,8.7777,2135.9430236816406
malecns_all,0.152,3,sugar150,11773.333333333334,111.111,2.222,0.0,2.222,0.0,4.444,0.0,9.6667,3042.3699340820312
malecns_all,0.152,3,rand0_40,10182.666666666666,22.222,0.0,0.0,0.5555,1.111,1.111,2.222,11.555499999999999,1531.0663299560547
malecns_all,0.152,3,rand0_80,11831.333333333334,42.222,0.0,0.0,1.6665,0.5555,3.333,1.111,22.222200000000004,3309.57861328125
malecns_all,0.152,3,rand0_150,11963.666666666666,52.222,0.0,0.0,0.5555,0.0,1.111,0.0,24.111,3865.1849365234375
malecns_all,0.152,3,rand1_40,11292.666666666666,33.333,0.0,0.0,1.111,0.5555,2.222,1.111,16.777700000000003,2308.48095703125
malecns_all,0.152,3,rand1_80,11916.666666666666,45.556,0.0,0.0,1.111,1.111,2.222,2.222,23.3333,3358.2302856445312
malecns_all,0.152,3,rand1_150,12099.666666666666,50.0,0.0,0.0,0.0,2.222,0.0,4.444,24.1111,3564.7423095703125
malecns_all,0.152,3,rand2_40,3998.0,17.778,0.0,0.0,0.0,0.5555,0.0,1.111,9.2223,1371.2577934265137
malecns_all,0.152,3,rand2_80,11800.0,44.444,0.0,0.0,0.0,1.111,0.0,2.222,21.0,3055.35986328125
malecns_all,0.152,3,rand2_150,11762.666666666666,40.0,0.0,0.0,0.5555,1.6665,1.111,3.333,18.333399999999997,3126.4944458007812
malecns_all,0.152,3,bitter150,7003.666666666667,0.0,0.0,0.0,0.5555,0.0,1.111,0.0,4.2223,1435.7457885742188
malecns_all,0.152,3,sugar40_bitter,10527.333333333334,0.0,0.0,0.0,0.0,0.0,0.0,0.0,7.7777,1840.1553039550781
malecns_all,0.152,3,sugar80_bitter,10378.0,0.0,0.0,0.0,1.111,0.0,2.222,0.0,6.1111,1851.6974792480469
malecns_all,0.152,3,sugar100_bitter,7728.0,0.0,0.0,0.0,1.111,0.0,2.222,0.0,1.2223,1228.2864074707031
malecns_all,0.152,3,loom,3279.3333333333335,0.0,0.0,384.4445,0.0,0.0,0.0,0.0,0.0,3105.7745361328125
malecns_all,0.152,3,loomL,2149.6666666666665,0.0,0.0,251.667,0.0,25.5555,0.0,0.0,0.0,2425.2899780273438
malecns_all,0.152,3,loomR,2372.6666666666665,0.0,0.0,280.5555,7.778,0.0,0.0,0.0,0.0,2794.7135620117188
malecns_all,0.152,3,lc10L,954.6666666666666,0.0,0.0,0.0,86.111,0.0,168.889,0.0,0.1111,1687.2525024414062
malecns_all,0.152,3,lc10R,1225.0,2.222,0.0,0.0,0.0,86.11099999999999,0.0,167.778,0.7777999999999999,2266.5988159179688
malecns_all,0.152,3,head,3427.6666666666665,32.222,0.0,0.0,0.0,0.0,0.0,0.0,176.6667,3205.5655517578125
malecns_all,0.152,5,sugar10,8.333333333333334,0.0,0.0,0.0,0.0,0.0,0.0,0.0,0.0,12.59529995918274
malecns_all,0.152,5,sugar20,22.0,0.0,0.0,0.0,0.0,0.0,0.0,0.0,0.0,41.35739994049072
malecns_all,0.152,5,sugar40,80.0,1.111,0.0,0.0,0.0,0.0,0.0,0.0,0.0,135.35869979858398
malecns_all,0.152,5,sugar60,117.66666666666667,3.333,0.0,0.0,0.0,0.0,0.0,0.0,0.0,205.47850036621094
malecns_all,0.152,5,sugar80,308.0,26.667,0.0,0.0,0.0,0.0,0.0,0.0,0.0,358.4697952270508
malecns_all,0.152,5,sugar100,499.6666666666667,83.333,0.0,0.0,0.0,0.0,0.0,0.0,0.0,800.1132965087891
malecns_all,0.152,5,sugar150,7539.666666666667,128.889,3.333,0.0,0.5555,0.0,1.111,0.0,3.8888,2063.728515625
malecns_all,0.152,5,rand0_40,11828.666666666666,34.444,0.0,0.0,0.0,1.6665,0.0,3.333,24.2221,3129.6422729492188
malecns_all,0.152,5,rand0_80,11928.666666666666,36.667,0.0,0.0,0.0,0.5555,0.0,1.111,27.333299999999998,3657.8809814453125
malecns_all,0.152,5,rand0_150,12108.0,36.667,0.0,0.0,0.5555,0.5555,1.111,1.111,27.4443,3855.0325927734375
malecns_all,0.152,5,rand1_40,11437.666666666666,28.889,0.0,0.0,1.111,1.111,2.222,2.222,20.5556,2518.223663330078
malecns_all,0.152,5,rand1_80,11852.0,31.111,0.0,0.0,1.111,1.111,2.222,2.222,25.111200000000004,3292.5140380859375
malecns_all,0.152,5,rand1_150,12013.0,34.444,0.0,0.0,0.5555,1.6665,1.111,3.333,26.222199999999997,3827.7689208984375
malecns_all,0.152,5,rand2_40,7677.666666666667,18.889,0.0,0.0,0.0,1.111,0.0,2.222,14.4445,1932.7338409423828
malecns_all,0.152,5,rand2_80,8222.666666666666,23.333,0.0,0.5555,0.0,1.111,0.0,2.222,16.7778,2509.0919799804688
malecns_all,0.152,5,rand2_150,12041.0,36.667,0.0,0.0,0.0,0.5555,0.0,1.111,25.6666,3804.3839111328125
malecns_all,0.152,5,bitter150,9817.0,0.0,0.0,0.0,0.0,0.0,0.0,0.0,5.666600000000001,1541.1832885742188
malecns_all,0.152,5,sugar40_bitter,11053.666666666666,0.0,0.0,0.0,0.5555,0.0,1.111,0.0,9.777800000000001,2029.9935913085938
malecns_all,0.152,5,sugar80_bitter,10013.333333333334,0.0,0.0,0.0,0.5555,0.0,1.111,0.0,5.1110999999999995,1670.4364013671875
malecns_all,0.152,5,sugar100_bitter,6619.333333333333,0.0,0.0,0.0,0.5555,0.0,1.111,0.0,1.4445,1297.2803955078125
malecns_all,0.152,5,loom,3195.0,0.0,0.0,387.778,0.0,0.5555,0.0,0.0,0.0,3170.8458251953125
malecns_all,0.152,5,loomL,2145.3333333333335,0.0,0.0,254.44449999999998,0.0,23.889,0.0,0.0,0.0,2528.342529296875
malecns_all,0.152,5,loomR,2295.0,0.0,0.0,275.0,1.6665,0.0,0.0,0.0,0.0,2826.3115844726562
malecns_all,0.152,5,lc10L,1117.6666666666667,0.0,0.0,0.0,80.5555,0.0,160.0,0.0,0.4444,1796.8720092773438
malecns_all,0.152,5,lc10R,1264.6666666666667,1.111,0.0,0.0,0.0,81.6665,0.0,160.0,1.2222,2218.3558349609375
malecns_all,0.152,5,head,3514.0,33.333,0.0,0.0,0.0,0.0,0.0,0.0,174.7777,3177.8275146484375
malecns_all,0.152,1,sugar10,7.666666666666667,0.0,0.0,0.0,0.0,0.0,0.0,0.0,0.0,13.817700147628784
malecns_all,0.152,1,sugar20,22.333333333333332,0.0,0.0,0.0,0.0,0.0,0.0,0.0,0.0,38.07740020751953
malecns_all,0.152,1,sugar40,71.33333333333333,0.0,0.0,0.0,0.0,0.0,0.0,0.0,0.0,98.62470054626465
malecns_all,0.152,1,sugar60,108.66666666666667,1.111,0.0,0.0,0.0,0.0,0.0,0.0,0.0,201.35120010375977
malecns_all,0.152,1,sugar80,235.66666666666666,17.778,0.0,0.0,0.0,0.0,0.0,0.0,0.0,290.83489990234375
malecns_all,0.152,1,sugar100,396.3333333333333,48.889,0.0,0.0,0.0,0.0,0.0,0.0,0.0,430.48590087890625
malecns_all,0.152,1,sugar150,7775.0,134.444,7.778,0.0,1.6665,0.0,3.333,0.0,3.8888000000000007,1874.466552734375
malecns_all,0.152,1,rand0_40,7998.0,20.0,0.0,0.0,2.222,0.5555,4.444,1.111,13.3333,1879.5745582580566
malecns_all,0.152,1,rand0_80,11863.666666666666,32.222,0.0,0.0,3.3335,0.0,6.667,0.0,23.7777,3193.579345703125
malecns_all,0.152,1,rand0_150,12022.0,41.111,0.0,0.0,3.3335,0.5555,6.667,1.111,25.555500000000002,3861.2718505859375
malecns_all,0.152,1,rand1_40,9514.333333333334,21.111,0.0,0.0,0.5555,1.111,1.111,2.222,12.5555,1662.8482208251953
malecns_all,0.152,1,rand1_80,11941.666666666666,38.889,0.0,0.0,2.778,0.5555,5.556,1.111,24.7777,3488.8878173828125
malecns_all,0.152,1,rand1_150,12103.0,40.0,0.0,0.0,1.111,1.6665,2.222,3.333,24.1111,3553.1319580078125
malecns_all,0.152,1,rand2_40,7768.333333333333,20.0,0.0,0.0,1.6665,0.0,3.333,0.0,13.222100000000001,1810.038932800293
malecns_all,0.152,1,rand2_80,11864.666666666666,36.667,0.0,0.0,3.3335,0.5555,6.667,1.111,23.222199999999997,3389.8378295898438
malecns_all,0.152,1,rand2_150,12012.0,35.556,0.0,0.0,4.4445,0.0,8.889,0.0,22.0,3409.1446533203125
malecns_all,0.152,1,bitter150,11831.333333333334,0.0,0.0,0.0,1.6665,0.0,3.333,0.0,13.3333,2670.1157836914062
malecns_all,0.152,1,sugar40_bitter,11861.0,0.0,0.0,0.0,2.222,0.0,4.444,0.0,13.2222,2649.1466064453125
malecns_all,0.152,1,sugar80_bitter,11916.666666666666,0.0,0.0,0.0,2.222,0.0,4.444,0.0,12.666599999999999,2594.6463012695312
malecns_all,0.152,1,sugar100_bitter,12023.333333333334,0.0,0.0,0.0,2.778,0.0,5.556,0.0,11.555499999999999,2832.1524047851562
malecns_all,0.152,1,loom,3243.6666666666665,0.0,0.0,385.0,0.0,0.0,0.0,0.0,0.0,3102.3644409179688
malecns_all,0.152,1,loomL,2092.0,0.0,0.0,250.5555,0.0,25.5555,0.0,0.0,0.0,2389.4384765625
malecns_all,0.152,1,loomR,2266.0,0.0,0.0,277.7775,6.6665,0.0,0.0,0.0,0.0,2732.6723022460938
malecns_all,0.152,1,lc10L,1112.0,0.0,0.0,0.0,85.0,0.0,170.0,0.0,0.2222,2024.961181640625
malecns_all,0.152,1,lc10R,1235.3333333333333,1.111,0.0,0.0,0.0,81.6665,0.0,160.0,0.6667,2318.7899169921875
malecns_all,0.152,1,head,3136.6666666666665,0.0,0.0,0.0,0.0,0.0,0.0,0.0,173.77759999999998,3189.13232421875
malecns_all,0.152,0,sugar10,9.666666666666666,0.0,0.0,0.0,0.0,0.0,0.0,0.0,0.0,22.068499088287354
malecns_all,0.152,0,sugar20,30.333333333333332,0.0,0.0,0.0,0.0,0.0,0.0,0.0,0.0,45.39580059051514
malecns_all,0.152,0,sugar40,85.33333333333333,2.222,0.0,0.0,0.0,0.0,0.0,0.0,0.0,86.67669677734375
malecns_all,0.152,0,sugar60,143.0,4.444,0.0,0.0,0.0,0.0,0.0,0.0,0.1111,188.15869522094727
malecns_all,0.152,0,sugar80,268.6666666666667,30.0,0.0,0.0,0.0,0.0,0.0,0.0,0.0,332.73009490966797
malecns_all,0.152,0,sugar100,4227.0,75.556,0.0,0.0,1.111,0.0,2.222,0.0,4.8889000000000005,1433.0946044921875
malecns_all,0.152,0,sugar150,8164.666666666667,113.333,3.333,0.0,1.111,0.0,2.222,0.0,7.3332999999999995,2407.0909118652344
malecns_all,0.152,0,rand0_40,11073.333333333334,23.333,0.0,0.0,2.222,0.5555,4.444,1.111,15.8888,2105.005401611328
malecns_all,0.152,0,rand0_80,11872.0,38.889,0.0,0.0,2.778,0.5555,5.556,1.111,25.777800000000003,3552.393798828125
malecns_all,0.152,0,rand0_150,12098.333333333334,45.556,0.0,0.0,0.5555,1.111,1.111,2.222,26.7777,3757.089111328125
malecns_all,0.152,0,rand1_40,11051.666666666666,31.111,0.0,0.0,2.222,0.5555,4.444,1.111,19.3334,2455.9579467773438
malecns_all,0.152,0,rand1_80,11956.0,47.778,0.0,0.0,1.111,1.111,2.222,2.222,27.222199999999997,3622.3822021484375
malecns_all,0.152,0,rand1_150,11962.0,44.444,0.0,0.0,0.0,1.6665,0.0,3.333,25.3333,3576.2806396484375
malecns_all,0.152,0,rand2_40,7685.666666666667,30.0,0.0,0.0,0.5555,1.111,1.111,2.222,15.666599999999999,2187.783462524414
malecns_all,0.152,0,rand2_80,7446.333333333333,17.778,0.0,0.0,1.111,0.5555,2.222,1.111,11.7778,1906.0028381347656
malecns_all,0.152,0,rand2_150,11962.0,42.222,0.0,0.5555,0.5555,0.5555,1.111,1.111,25.555600000000002,3662.7933349609375
malecns_all,0.152,0,bitter150,11625.666666666666,0.0,0.0,0.0,1.6665,0.0,3.333,0.0,14.333400000000001,2588.6270141601562
malecns_all,0.152,0,sugar40_bitter,11562.666666666666,0.0,0.0,0.0,2.222,0.0,4.444,0.0,13.6667,2608.6257934570312
malecns_all,0.152,0,sugar80_bitter,11613.666666666666,0.0,0.0,0.0,1.111,0.0,2.222,0.0,11.8888,2602.7261352539062
malecns_all,0.152,0,sugar100_bitter,11149.333333333334,0.0,0.0,0.0,1.111,0.0,2.222,0.0,7.777800000000001,2253.9783935546875
malecns_all,0.152,0,loom,3201.3333333333335,0.0,0.0,385.0,0.0,0.0,0.0,0.0,0.0,3044.0509643554688
malecns_all,0.152,0,loomL,2079.3333333333335,0.0,0.0,251.6665,0.0,25.0,0.0,0.0,0.0,2477.0762329101562
malecns_all,0.152,0,loomR,2314.3333333333335,0.0,0.0,281.667,4.4445,0.0,0.0,0.0,0.0,2800.9237670898438
malecns_all,0.152,0,lc10L,1048.6666666666667,0.0,0.0,0.0,82.778,0.0,165.556,0.0,0.2222,1707.147705078125
malecns_all,0.152,0,lc10R,1220.6666666666667,1.111,0.0,0.0,0.0,83.3335,0.0,165.556,1.3333,2372.13427734375
malecns_all,0.152,0,head,3280.3333333333335,0.0,0.0,0.0,0.0,0.0,0.0,0.0,175.66660000000002,3022.9656372070312
malecns_all,0.152,2,sugar10,11.333333333333334,0.0,0.0,0.0,0.0,0.0,0.0,0.0,0.0,19.292799949645996
malecns_all,0.152,2,sugar20,34.0,2.222,0.0,0.0,0.0,0.0,0.0,0.0,0.0,53.56740093231201
malecns_all,0.152,2,sugar40,88.33333333333333,1.111,0.0,0.0,0.0,0.0,0.0,0.0,0.0,124.3656997680664
malecns_all,0.152,2,sugar60,118.66666666666667,2.222,0.0,0.0,0.0,0.0,0.0,0.0,0.0,201.32009887695312
malecns_all,0.152,2,sugar80,371.6666666666667,38.889,1.111,0.0,0.0,0.0,0.0,0.0,0.0,386.4279022216797
malecns_all,0.152,2,sugar100,11057.666666666666,92.222,3.333,0.0,0.0,0.0,0.0,0.0,7.3332999999999995,1805.0969543457031
malecns_all,0.152,2,sugar150,8304.333333333334,122.222,10.0,0.0,0.5555,0.0,1.111,0.0,5.5556,2535.6463012695312
malecns_all,0.152,2,rand0_40,10857.333333333334,27.778,0.0,0.0,1.111,1.111,2.222,2.222,16.8889,2256.401123046875
malecns_all,0.152,2,rand0_80,11886.0,38.889,0.0,0.0,2.222,0.5555,4.444,1.111,23.0,3346.0244750976562
malecns_all,0.152,2,rand0_150,12043.0,45.556,0.0,0.0,1.6665,0.5555,3.333,1.111,25.8889,3594.0015869140625
malecns_all,0.152,2,rand1_40,11748.333333333334,38.889,0.0,0.0,1.111,1.111,2.222,2.222,21.0,2838.1666870117188
malecns_all,0.152,2,rand1_80,11951.666666666666,45.556,0.0,0.0,1.111,1.111,2.222,2.222,25.444399999999998,3446.5859985351562
malecns_all,0.152,2,rand1_150,12068.666666666666,44.444,0.0,0.0,0.5555,1.6665,1.111,3.333,25.666700000000002,3609.20654296875
malecns_all,0.152,2,rand2_40,6774.333333333333,18.889,0.0,0.0,0.0,1.111,0.0,2.222,10.555499999999999,1429.145378112793
malecns_all,0.152,2,rand2_80,11877.0,40.0,0.0,0.0,0.0,1.6665,0.0,3.333,22.7778,3312.1478271484375
malecns_all,0.152,2,rand2_150,12282.0,28.889,0.0,0.5555,1.111,1.111,2.222,2.222,23.8889,3756.688720703125
malecns_all,0.152,2,bitter150,11518.666666666666,0.0,0.0,0.0,0.5555,0.0,1.111,0.0,11.0,2248.7586669921875
malecns_all,0.152,2,sugar40_bitter,11747.666666666666,0.0,0.0,0.0,0.0,0.0,0.0,0.0,11.333300000000001,2343.9866943359375
malecns_all,0.152,2,sugar80_bitter,10980.666666666666,0.0,0.0,0.0,0.5555,0.0,1.111,0.0,7.222200000000001,2004.1384887695312
malecns_all,0.152,2,sugar100_bitter,11483.666666666666,0.0,0.0,0.0,0.0,0.0,0.0,0.0,7.777799999999999,2257.7105102539062
malecns_all,0.152,2,loom,3227.3333333333335,0.0,0.0,385.5555,0.0,0.0,0.0,0.0,0.0,3129.2548828125
malecns_all,0.152,2,loomL,2112.3333333333335,0.0,0.0,252.22199999999998,0.0,27.778,0.0,0.0,0.0,2556.7982177734375
malecns_all,0.152,2,loomR,2288.0,0.0,0.0,278.33349999999996,7.222,0.0,0.0,0.0,0.0,2774.3507690429688
malecns_all,0.152,2,lc10L,1277.6666666666667,0.0,0.0,0.0,81.11099999999999,0.0,161.111,0.0,0.4444,2093.8363037109375
malecns_all,0.152,2,lc10R,1325.0,7.778,0.0,0.0,0.0,84.44449999999999,0.0,167.778,0.7777999999999999,2272.7288208007812
malecns_all,0.152,2,head,3667.3333333333335,33.333,0.0,0.0,0.0,0.0,0.0,0.0,173.1112,3097.3517456054688
malecns_all,0.152,4,sugar10,8.0,0.0,0.0,0.0,0.0,0.0,0.0,0.0,0.0,11.727799892425537
malecns_all,0.152,4,sugar20,22.333333333333332,0.0,0.0,0.0,0.0,0.0,0.0,0.0,0.0,38.99499988555908
malecns_all,0.152,4,sugar40,73.33333333333333,0.0,0.0,0.0,0.0,0.0,0.0,0.0,0.0,108.87849807739258
malecns_all,0.152,4,sugar60,99.33333333333333,0.0,0.0,0.0,0.0,0.0,0.0,0.0,0.0,191.8910026550293
malecns_all,0.152,4,sugar80,361.0,30.0,0.0,0.0,0.0,0.0,0.0,0.0,0.0,441.25370025634766
malecns_all,0.152,4,sugar100,4058.0,47.778,0.0,0.0,0.5555,0.0,1.111,0.0,4.1111,1132.5187225341797
malecns_all,0.152,4,sugar150,11088.0,101.111,5.556,0.0,1.111,0.0,2.222,0.0,6.7777,2505.5755615234375
malecns_all,0.152,4,rand0_40,11696.333333333334,32.222,0.0,0.0,1.6665,0.5555,3.333,1.111,24.777700000000003,3430.1804809570312
malecns_all,0.152,4,rand0_80,11839.666666666666,41.111,0.0,0.0,0.5555,2.222,1.111,3.333,25.222199999999997,3615.72607421875
malecns_all,0.152,4,rand0_150,11941.333333333334,46.667,0.0,0.0,0.5555,0.0,1.111,0.0,25.555600000000002,3901.5826416015625
malecns_all,0.152,4,rand1_40,11574.666666666666,31.111,0.0,0.0,0.0,1.6665,0.0,3.333,20.0,2602.8760375976562
malecns_all,0.152,4,rand1_80,11564.333333333334,32.222,0.0,0.0,0.0,1.6665,0.0,3.333,18.8889,2625.5819702148438
malecns_all,0.152,4,rand1_150,11983.0,44.444,0.0,0.0,0.5555,1.111,1.111,2.222,26.111199999999997,3816.120849609375
malecns_all,0.152,4,rand2_40,5654.0,10.0,0.0,0.0,0.5555,1.111,1.111,2.222,7.6667000000000005,1108.6966171264648
malecns_all,0.152,4,rand2_80,11601.333333333334,33.333,0.0,0.0,0.5555,0.0,1.111,0.0,20.4444,2980.070068359375
malecns_all,0.152,4,rand2_150,12010.0,36.667,0.0,0.0,0.5555,0.5555,1.111,1.111,25.2223,3925.6573486328125
malecns_all,0.152,4,bitter150,11697.0,0.0,0.0,0.0,1.6665,0.0,3.333,0.0,13.666599999999999,2496.2896118164062
malecns_all,0.152,4,sugar40_bitter,11863.666666666666,0.0,0.0,0.0,0.5555,0.0,1.111,0.0,13.888899999999998,2791.271728515625
malecns_all,0.152,4,sugar80_bitter,11848.0,0.0,0.0,0.0,1.111,0.0,2.222,0.0,13.6667,2914.3953247070312
malecns_all,0.152,4,sugar100_bitter,11703.0,0.0,0.0,0.0,1.111,0.0,2.222,0.0,10.9999,2687.9525146484375
malecns_all,0.152,4,loom,3220.0,0.0,0.0,382.22249999999997,0.0,0.0,0.0,0.0,0.0,3101.79345703125
malecns_all,0.152,4,loomL,2070.6666666666665,0.0,0.0,241.66649999999998,0.0,27.778,0.0,0.0,0.0,2488.9862670898438
malecns_all,0.152,4,loomR,2269.3333333333335,0.0,0.0,273.333,4.4445,0.0,0.0,0.0,0.0,2809.6279907226562
malecns_all,0.152,4,lc10L,879.3333333333334,0.0,0.0,0.0,77.222,0.0,154.444,0.0,0.33330000000000004,1697.5623168945312
malecns_all,0.152,4,lc10R,1212.0,1.111,0.0,0.0,0.0,80.0,0.0,160.0,1.3333,2217.9498291015625
malecns_all,0.152,4,head,3439.3333333333335,60.0,0.0,0.0,0.0,0.0,0.0,0.0,169.66670000000002,3084.8336181640625
malecns_all_shuf,0.152,5,sugar10,0.0,0.0,0.0,0.0,0.0,0.0,0.0,0.0,0.0,79.14469909667969
malecns_all_shuf,0.152,5,sugar20,0.6666666666666666,0.0,0.0,0.0,0.0,0.0,0.0,0.0,0.0,104.93440246582031
malecns_all_shuf,0.152,5,sugar40,7.666666666666667,0.0,0.0,0.0,0.0,0.0,0.0,0.0,0.0,143.9572982788086
malecns_all_shuf,0.152,5,sugar60,23.666666666666668,0.0,0.0,0.0,0.0,0.0,0.0,0.0,0.0,180.81159591674805
malecns_all_shuf,0.152,5,sugar80,41.0,0.0,0.0,0.0,0.0,0.0,0.0,0.0,0.0,203.83749771118164
malecns_all_shuf,0.152,5,sugar100,65.0,0.0,0.0,0.0,0.0,0.0,0.0,0.0,0.0,310.19300079345703
malecns_all_shuf,0.152,5,sugar150,117.66666666666667,0.0,0.0,0.0,0.0,0.0,0.0,0.0,0.0,596.327392578125
malecns_all_shuf,0.152,5,rand0_40,11.333333333333334,0.0,0.0,0.0,0.0,0.0,0.0,0.0,0.0,155.45499801635742
malecns_all_shuf,0.152,5,rand0_80,35.666666666666664,0.0,0.0,0.0,0.0,0.0,0.0,0.0,0.0,258.5366973876953
malecns_all_shuf,0.152,5,rand0_150,103.66666666666667,0.0,0.0,0.0,0.0,0.0,0.0,0.0,0.0,574.8847045898438
malecns_all_shuf,0.152,5,rand1_40,13.333333333333334,0.0,0.0,0.0,0.0,0.0,0.0,0.0,0.0,192.07220077514648
malecns_all_shuf,0.152,5,rand1_80,37.666666666666664,0.0,0.0,0.0,0.0,0.0,0.0,0.0,0.0,254.60330200195312
malecns_all_shuf,0.152,5,rand1_150,101.0,0.0,0.0,0.0,0.0,0.0,0.0,0.0,0.0,574.6092987060547
malecns_all_shuf,0.152,5,rand2_40,9.666666666666666,0.0,0.0,0.0,0.0,0.0,0.0,0.0,0.0,170.86119842529297
malecns_all_shuf,0.152,5,rand2_80,30.333333333333332,0.0,0.0,0.0,0.0,0.0,0.0,0.0,0.0,244.8009033203125
malecns_all_shuf,0.152,5,rand2_150,91.0,0.0,0.0,0.0,0.0,0.0,0.0,0.0,0.0,565.2469177246094
malecns_all_shuf,0.152,5,bitter150,87.0,0.0,0.0,0.0,0.0,0.0,0.0,0.0,0.0,405.98509979248047
malecns_all_shuf,0.152,5,sugar40_bitter,97.66666666666667,0.0,0.0,0.0,0.0,0.0,0.0,0.0,0.0,565.4181976318359
malecns_all_shuf,0.152,5,sugar80_bitter,144.0,0.0,0.0,0.0,0.0,0.0,0.0,0.0,0.0,671.0727844238281
malecns_all_shuf,0.152,5,sugar100_bitter,157.66666666666666,0.0,0.0,0.0,0.0,0.0,0.0,0.0,0.0,803.4096069335938
malecns_all_shuf,0.152,5,loom,1566.3333333333333,0.0,0.0,0.0,0.0,0.0,0.0,0.0,2.1111,3236.4342041015625
malecns_all_shuf,0.152,5,loomL,643.6666666666666,0.0,0.0,0.0,0.0,0.0,0.0,0.0,2.5556,2303.814208984375
malecns_all_shuf,0.152,5,loomR,678.6666666666666,0.0,0.0,0.0,0.0,0.0,0.0,0.0,0.0,2252.5653686523438
malecns_all_shuf,0.152,5,lc10L,779.6666666666666,0.0,0.0,0.0,0.0,0.0,0.0,0.0,0.0,2345.7606201171875
malecns_all_shuf,0.152,5,lc10R,967.3333333333334,0.0,0.0,0.0,0.0,0.0,0.0,0.0,0.5556,2551.5274658203125
malecns_all_shuf,0.152,5,head,893.6666666666666,0.0,0.0,0.0,0.0,0.0,0.0,0.0,0.0,2525.425048828125
malecns_all_shuf,0.152,4,sugar10,0.3333333333333333,0.0,0.0,0.0,0.0,0.0,0.0,0.0,0.0,82.00269889831543
malecns_all_shuf,0.152,4,sugar20,0.0,0.0,0.0,0.0,0.0,0.0,0.0,0.0,0.0,109.54510116577148
malecns_all_shuf,0.152,4,sugar40,6.666666666666667,0.0,0.0,0.0,0.0,0.0,0.0,0.0,0.0,144.53950119018555
malecns_all_shuf,0.152,4,sugar60,17.666666666666668,0.0,0.0,0.0,0.0,0.0,0.0,0.0,0.0,163.48839950561523
malecns_all_shuf,0.152,4,sugar80,45.666666666666664,0.0,0.0,0.0,0.0,0.0,0.0,0.0,0.0,256.1200942993164
malecns_all_shuf,0.152,4,sugar100,58.333333333333336,0.0,0.0,0.0,0.0,0.0,0.0,0.0,0.0,302.0458984375
malecns_all_shuf,0.152,4,sugar150,124.66666666666667,0.0,0.0,0.0,0.0,0.0,0.0,0.0,0.0,630.964599609375
malecns_all_shuf,0.152,4,rand0_40,14.666666666666666,0.0,0.0,0.0,0.0,0.0,0.0,0.0,0.0,199.97930145263672
malecns_all_shuf,0.152,4,rand0_80,41.666666666666664,0.0,0.0,0.0,0.0,0.0,0.0,0.0,0.0,279.05860137939453
malecns_all_shuf,0.152,4,rand0_150,108.66666666666667,0.0,0.0,0.0,0.0,0.0,0.0,0.0,0.0,570.677001953125
malecns_all_shuf,0.152,4,rand1_40,14.0,0.0,0.0,0.0,0.0,0.0,0.0,0.0,0.0,187.70790100097656
malecns_all_shuf,0.152,4,rand1_80,50.333333333333336,0.0,0.0,0.0,0.0,0.0,0.0,0.0,0.0,327.63720703125
malecns_all_shuf,0.152,4,rand1_150,95.66666666666667,0.0,0.0,0.0,0.0,0.0,0.0,0.0,0.0,529.156494140625
malecns_all_shuf,0.152,4,rand2_40,10.333333333333334,0.0,0.0,0.0,0.0,0.0,0.0,0.0,0.0,146.81989669799805
malecns_all_shuf,0.152,4,rand2_80,33.333333333333336,0.0,0.0,0.0,0.0,0.0,0.0,0.0,0.0,351.2706985473633
malecns_all_shuf,0.152,4,rand2_150,91.33333333333333,0.0,0.0,0.0,0.0,0.0,0.0,0.0,0.0,575.5610046386719
malecns_all_shuf,0.152,4,bitter150,87.0,0.0,0.0,0.0,0.0,0.0,0.0,0.0,0.0,443.6893005371094
malecns_all_shuf,0.152,4,sugar40_bitter,108.33333333333333,0.0,0.0,0.0,0.0,0.0,0.0,0.0,0.0,556.5054016113281
malecns_all_shuf,0.152,4,sugar80_bitter,137.33333333333334,0.0,0.0,0.0,0.0,0.0,0.0,0.0,0.0,688.1517944335938
malecns_all_shuf,0.152,4,sugar100_bitter,161.0,0.0,0.0,0.0,0.0,0.0,0.0,0.0,0.0,790.7832946777344
malecns_all_shuf,0.152,4,loom,1504.6666666666667,0.0,0.0,0.0,0.0,0.0,0.0,0.0,2.0,3148.431396484375
malecns_all_shuf,0.152,4,loomL,628.3333333333334,0.0,0.0,0.0,0.0,0.0,0.0,0.0,2.0,2380.3131713867188
malecns_all_shuf,0.152,4,loomR,688.3333333333334,0.0,0.0,0.0,0.0,0.0,0.0,0.0,0.0,2348.2282104492188
malecns_all_shuf,0.152,4,lc10L,767.0,0.0,0.0,0.0,0.0,0.0,0.0,0.0,0.0,2325.0264282226562
malecns_all_shuf,0.152,4,lc10R,993.6666666666666,0.0,0.0,0.0,0.0,0.0,0.0,0.0,0.33330000000000004,2514.802978515625
malecns_all_shuf,0.152,4,head,913.0,0.0,0.0,0.0,0.0,0.0,0.0,0.0,0.0,2561.044921875
malecns_ge5,0.152,1,sugar10,7.666666666666667,0.0,0.0,0.0,0.0,0.0,0.0,0.0,0.0,3.6215999722480774
malecns_ge5,0.152,1,sugar20,21.333333333333332,0.0,0.0,0.0,0.0,0.0,0.0,0.0,0.0,16.29290008544922
malecns_ge5,0.152,1,sugar40,64.33333333333333,0.0,0.0,0.0,0.0,0.0,0.0,0.0,0.0,42.314300537109375
malecns_ge5,0.152,1,sugar60,98.66666666666667,5.556,0.0,0.0,0.0,0.0,0.0,0.0,0.0,81.65119934082031
malecns_ge5,0.152,1,sugar80,240.0,25.556,0.0,0.0,0.0,0.0,0.0,0.0,0.0,106.97100067138672
malecns_ge5,0.152,1,sugar100,287.6666666666667,38.889,0.0,0.0,0.0,0.0,0.0,0.0,0.0,165.4578971862793
malecns_ge5,0.152,1,sugar150,7386.0,133.333,0.0,0.0,3.3335,0.0,6.667,0.0,8.5555,1283.6277160644531
malecns_ge5,0.152,1,rand0_40,5141.333333333333,18.889,0.0,0.0,5.5555,0.5555,11.111,1.111,16.8889,976.6800403594971
malecns_ge5,0.152,1,rand0_80,7899.333333333333,36.667,0.0,0.0,7.778,0.0,15.556,0.0,28.333299999999998,1749.166259765625
malecns_ge5,0.152,1,rand0_150,7983.333333333333,36.667,0.0,0.0,9.4445,0.5555,18.889,1.111,31.666700000000002,2086.9384155273438
malecns_ge5,0.152,1,rand1_40,6481.666666666667,20.0,0.0,0.0,2.778,0.5555,5.556,1.111,15.4445,860.1698837280273
malecns_ge5,0.152,1,rand1_80,7982.666666666667,37.778,0.0,0.0,7.222,1.111,14.444,2.222,29.555600000000005,1765.6737670898438
malecns_ge5,0.152,1,rand1_150,8116.333333333333,41.111,0.0,0.0,5.5555,1.6665,11.111,3.333,30.444499999999998,1886.8726196289062
malecns_ge5,0.152,1,rand2_40,5142.666666666667,20.0,0.0,0.0,4.4445,0.5555,8.889,1.111,15.888900000000001,943.7469635009766
malecns_ge5,0.152,1,rand2_80,7934.333333333333,34.444,0.0,0.0,8.889,1.111,17.778,2.222,29.111200000000004,1790.9013061523438
malecns_ge5,0.152,1,rand2_150,7814.333333333333,33.333,0.0,0.0,11.111,0.0,22.222,0.0,27.3334,1830.1360473632812
malecns_ge5,0.152,1,bitter150,8085.333333333333,0.0,0.0,0.0,7.778,0.0,15.556,0.0,21.110999999999997,1521.3771667480469
malecns_ge5,0.152,1,sugar40_bitter,8120.0,0.0,0.0,0.0,9.4445,0.0,18.889,0.0,21.777800000000003,1530.3480224609375
malecns_ge5,0.152,1,sugar80_bitter,8134.333333333333,0.0,0.0,0.0,7.222,0.5555,14.444,1.111,19.4444,1475.5193786621094
malecns_ge5,0.152,1,sugar100_bitter,8173.0,0.0,0.0,0.0,8.3335,0.5555,16.667,1.111,18.1111,1569.1431884765625
malecns_ge5,0.152,1,loom,2685.0,0.0,0.0,388.889,0.0,0.0,0.0,0.0,0.0,1322.8527221679688
malecns_ge5,0.152,1,loomL,1730.3333333333333,0.0,0.0,272.778,0.0,23.3335,0.0,0.0,0.0,1049.1998901367188
malecns_ge5,0.152,1,loomR,1904.0,0.0,0.0,290.0,3.889,0.0,0.0,0.0,0.0,1232.288818359375
malecns_ge5,0.152,1,lc10L,831.3333333333334,0.0,0.0,0.0,76.111,0.0,152.222,0.0,0.6667,699.8442077636719
malecns_ge5,0.152,1,lc10R,1106.6666666666667,2.222,0.0,0.0,0.0,73.3335,0.0,146.667,0.8888999999999999,1105.9468994140625
malecns_ge5,0.152,1,head,3077.6666666666665,0.0,0.0,0.0,0.0,0.0,0.0,0.0,180.3333,1787.1727905273438
malecns_ge5,0.152,0,sugar10,9.0,0.0,0.0,0.0,0.0,0.0,0.0,0.0,0.0,7.62310004234314
malecns_ge5,0.152,0,sugar20,25.0,0.0,0.0,0.0,0.0,0.0,0.0,0.0,0.0,19.71169948577881
malecns_ge5,0.152,0,sugar40,81.33333333333333,3.333,0.0,0.0,0.0,0.0,0.0,0.0,0.0,53.234999656677246
malecns_ge5,0.152,0,sugar60,106.0,5.556,0.0,0.0,0.0,0.0,0.0,0.0,0.0,83.49920082092285
malecns_ge5,0.152,0,sugar80,219.66666666666666,26.667,0.0,0.0,0.0,0.0,0.0,0.0,0.0,123.86280059814453
malecns_ge5,0.152,0,sugar100,383.0,70.0,0.0,0.0,0.0,0.0,0.0,0.0,0.0,212.62960052490234
malecns_ge5,0.152,0,sugar150,7554.666666666667,125.556,0.0,0.0,7.778,0.0,15.556,0.0,15.777800000000003,1499.2557983398438
malecns_ge5,0.152,0,rand0_40,7013.333333333333,28.889,0.0,0.0,4.4445,0.5555,8.889,1.111,20.3333,1082.978500366211
malecns_ge5,0.152,0,rand0_80,7453.0,41.111,0.0,0.0,7.222,0.5555,14.444,1.111,32.3334,1853.4830322265625
malecns_ge5,0.152,0,rand0_150,7493.333333333333,42.222,0.0,0.0,6.6665,1.6665,13.333,3.333,34.2221,2053.427490234375
malecns_ge5,0.152,0,rand1_40,5774.333333333333,22.222,0.0,0.0,4.4445,0.0,8.889,0.0,21.555500000000002,1182.7261085510254
malecns_ge5,0.152,0,rand1_80,7415.0,42.222,0.0,0.0,6.6665,1.6665,13.333,3.333,33.8889,1943.4085083007812
malecns_ge5,0.152,0,rand1_150,7981.666666666667,42.222,0.0,0.0,3.3335,2.222,6.667,4.444,33.1111,1942.6072998046875
malecns_ge5,0.152,0,rand2_40,4789.333333333333,24.444,0.0,0.0,2.778,0.5555,5.556,1.111,19.3333,1120.2853088378906
malecns_ge5,0.152,0,rand2_80,4884.0,17.778,0.0,0.0,2.222,0.0,4.444,0.0,14.999900000000002,934.3096199035645
malecns_ge5,0.152,0,rand2_150,7328.333333333333,41.111,0.0,0.5555,5.5555,0.5555,11.111,1.111,31.777800000000003,1902.472412109375
malecns_ge5,0.152,0,bitter150,7656.666666666667,0.0,0.0,0.0,6.111,0.0,12.222,0.0,22.777799999999996,1478.3981018066406
malecns_ge5,0.152,0,sugar40_bitter,7798.333333333333,0.0,0.0,0.0,5.5555,0.0,11.111,0.0,21.4444,1505.9165954589844
malecns_ge5,0.152,0,sugar80_bitter,7593.666666666667,0.0,0.0,0.0,6.6665,0.0,13.333,0.0,18.7778,1492.9626770019531
malecns_ge5,0.152,0,sugar100_bitter,7608.0,0.0,0.0,0.0,6.111,0.0,12.222,0.0,17.5556,1472.45947265625
malecns_ge5,0.152,0,loom,2655.6666666666665,0.0,0.0,388.3335,0.0,0.0,0.0,0.0,0.0,1311.5791931152344
malecns_ge5,0.152,0,loomL,1751.0,0.0,0.0,274.4445,0.0,23.889,0.0,0.0,0.0,1003.7406311035156
malecns_ge5,0.152,0,loomR,1949.0,0.0,0.0,291.667,1.6665,0.0,0.0,0.0,0.0,1236.0455017089844
malecns_ge5,0.152,0,lc10L,846.6666666666666,0.0,0.0,0.0,78.3335,0.0,156.667,0.0,0.1111,648.1259002685547
malecns_ge5,0.152,0,lc10R,1117.6666666666667,0.0,0.0,0.0,0.0,75.0,0.0,150.0,1.4444000000000001,1131.9127807617188
malecns_ge5,0.152,0,head,3078.6666666666665,0.0,0.0,0.0,0.0,0.0,0.0,0.0,181.7777,1828.8300170898438
malecns_all_shuf,0.275,0,sugar10,15.666666666666666,0.0,0.0,0.0,0.0,0.0,0.0,0.0,0.0,128.53690147399902
malecns_all_shuf,0.275,0,sugar20,29.0,0.0,0.0,0.0,0.0,0.0,0.0,0.0,0.0,140.51160049438477
malecns_all_shuf,0.275,0,sugar40,89.0,0.0,0.0,0.0,0.0,0.0,0.0,0.0,0.0,486.2200012207031
malecns_all_shuf,0.275,0,sugar60,163.66666666666666,0.0,0.0,0.0,0.0,0.0,0.0,0.0,0.0,765.4141082763672
malecns_all_shuf,0.275,0,sugar80,252.0,0.0,0.0,0.0,0.0,0.0,0.0,0.0,0.0,1150.4365844726562
malecns_all_shuf,0.275,0,sugar100,345.3333333333333,0.0,0.0,0.0,0.0,0.0,0.0,0.0,0.0,1346.6852111816406
malecns_all_shuf,0.275,0,sugar150,618.0,0.0,0.0,0.0,0.0,0.0,0.0,0.0,0.0,2008.978515625
malecns_all_shuf,0.275,0,rand0_40,70.66666666666667,0.0,0.0,0.0,0.0,0.0,0.0,0.0,0.0,338.3265914916992
malecns_all_shuf,0.275,0,rand0_80,237.33333333333334,0.0,0.0,0.0,0.0,0.0,0.0,0.0,0.0,929.8565979003906
malecns_all_shuf,0.275,0,rand0_150,651.3333333333334,0.0,0.0,0.0,0.0,0.0,0.0,0.0,0.0,1894.6149291992188
malecns_all_shuf,0.275,0,rand1_40,94.66666666666667,0.0,0.0,0.0,0.0,0.0,0.0,0.0,0.0,377.36949920654297
malecns_all_shuf,0.275,0,rand1_80,207.0,0.0,0.0,0.0,0.0,0.0,0.0,0.0,0.0,819.4294128417969
malecns_all_shuf,0.275,0,rand1_150,508.6666666666667,0.0,0.0,0.0,0.0,0.0,0.0,0.0,0.0,1617.6688842773438
malecns_all_shuf,0.275,0,rand2_40,50.666666666666664,0.0,0.0,0.0,0.0,0.0,0.0,0.0,0.0,331.0394973754883
malecns_all_shuf,0.275,0,rand2_80,154.33333333333334,0.0,0.0,0.0,0.0,0.0,0.0,0.0,0.0,868.9484252929688
malecns_all_shuf,0.275,0,rand2_150,420.3333333333333,0.0,0.0,0.0,0.0,0.0,0.0,0.0,0.0,1672.323486328125
malecns_all_shuf,0.275,0,bitter150,543.0,0.0,0.0,0.0,0.0,0.0,0.0,0.0,0.0,1805.8010864257812
malecns_all_shuf,0.275,0,sugar40_bitter,670.3333333333334,0.0,0.0,0.0,0.0,0.0,0.0,0.0,0.0,2105.8748779296875
malecns_all_shuf,0.275,0,sugar80_bitter,804.0,0.0,0.0,0.0,0.0,0.0,0.0,0.0,0.0,2171.0838623046875
malecns_all_shuf,0.275,0,sugar100_bitter,974.0,0.0,0.0,0.0,0.0,0.0,0.0,0.0,0.0,2460.85888671875
malecns_all_shuf,0.275,0,loom,42089.333333333336,0.0,0.0,27.778,0.0,1.6665,0.0,3.333,50.888799999999996,6343.37255859375
malecns_all_shuf,0.275,0,loomL,40688.0,0.0,0.0,17.778,0.0,1.111,0.0,2.222,39.6667,5421.8135986328125
malecns_all_shuf,0.275,0,loomR,41017.333333333336,0.0,0.0,18.889,0.0,2.778,0.0,5.556,39.8889,5628.9918212890625
malecns_all_shuf,0.275,0,lc10L,41278.666666666664,0.0,0.0,18.889000000000003,0.0,1.111,0.0,2.222,40.3333,5561.592041015625
malecns_all_shuf,0.275,0,lc10R,41467.0,0.0,0.0,21.111,0.0,2.222,0.0,4.444,42.555400000000006,5689.4390869140625
malecns_all_shuf,0.275,0,head,41919.0,0.0,0.0,21.667,0.0,3.3335,0.0,6.667,45.4443,6066.315185546875
malecns_all_shuf,0.275,3,sugar10,3.6666666666666665,0.0,0.0,0.0,0.0,0.0,0.0,0.0,0.0,90.45709991455078
malecns_all_shuf,0.275,3,sugar20,17.0,0.0,0.0,0.0,0.0,0.0,0.0,0.0,0.0,129.4791030883789
malecns_all_shuf,0.275,3,sugar40,111.66666666666667,0.0,0.0,0.0,0.0,0.0,0.0,0.0,0.0,513.943603515625
malecns_all_shuf,0.275,3,sugar60,157.0,0.0,0.0,0.0,0.0,0.0,0.0,0.0,0.0,802.3406982421875
malecns_all_shuf,0.275,3,sugar80,228.33333333333334,0.0,0.0,0.0,0.0,0.0,0.0,0.0,0.0,1038.6051025390625
malecns_all_shuf,0.275,3,sugar100,324.3333333333333,0.0,0.0,0.0,0.0,0.0,0.0,0.0,0.0,1277.5345458984375
malecns_all_shuf,0.275,3,sugar150,525.3333333333334,0.0,0.0,0.0,0.0,0.0,0.0,0.0,0.0,1807.8878784179688
malecns_all_shuf,0.275,3,rand0_40,65.0,0.0,0.0,0.0,0.0,0.0,0.0,0.0,0.0,341.49169921875
malecns_all_shuf,0.275,3,rand0_80,198.0,0.0,0.0,0.0,0.0,0.0,0.0,0.0,0.0,880.2638854980469
malecns_all_shuf,0.275,3,rand0_150,619.0,0.0,0.0,0.0,0.0,0.0,0.0,0.0,0.0,1798.8450927734375
malecns_all_shuf,0.275,3,rand1_40,77.66666666666667,0.0,0.0,0.0,0.0,0.0,0.0,0.0,0.0,382.91869354248047
malecns_all_shuf,0.275,3,rand1_80,183.0,0.0,0.0,0.0,0.0,0.0,0.0,0.0,0.0,666.0673065185547
malecns_all_shuf,0.275,3,rand1_150,478.6666666666667,0.0,0.0,0.0,0.0,0.0,0.0,0.0,0.0,1553.5570678710938
malecns_all_shuf,0.275,3,rand2_40,33.333333333333336,0.0,0.0,0.0,0.0,0.0,0.0,0.0,0.0,280.86399841308594
malecns_all_shuf,0.275,3,rand2_80,177.33333333333334,0.0,0.0,0.0,0.0,0.0,0.0,0.0,0.0,787.0189208984375
malecns_all_shuf,0.275,3,rand2_150,462.6666666666667,0.0,0.0,0.0,0.0,0.0,0.0,0.0,0.0,1654.6340942382812
malecns_all_shuf,0.275,3,bitter150,505.6666666666667,0.0,0.0,0.0,0.0,0.0,0.0,0.0,0.0,1710.1019287109375
malecns_all_shuf,0.275,3,sugar40_bitter,610.6666666666666,0.0,0.0,0.0,0.0,0.0,0.0,0.0,0.0,1830.845703125
malecns_all_shuf,0.275,3,sugar80_bitter,826.6666666666666,0.0,0.0,0.0,0.0,0.0,0.0,0.0,0.0,2181.3866577148438
malecns_all_shuf,0.275,3,sugar100_bitter,889.6666666666666,0.0,0.0,0.0,0.0,0.0,0.0,0.0,0.0,2317.7626342773438
malecns_all_shuf,0.275,3,loom,42236.333333333336,0.0,0.0,26.110999999999997,0.0,2.778,0.0,5.556,53.3331,6184.9317626953125
malecns_all_shuf,0.275,3,loomL,40897.333333333336,0.0,0.0,18.3335,0.0,3.889,0.0,7.778,39.77760000000001,5337.4886474609375
malecns_all_shuf,0.275,3,loomR,41224.333333333336,0.0,0.0,18.8885,0.0,2.778,0.0,5.556,43.4444,5756.3089599609375
malecns_all_shuf,0.275,3,lc10L,41730.333333333336,0.0,0.0,19.444499999999998,0.0,3.3335,0.0,6.667,44.111,5701.1175537109375
malecns_all_shuf,0.275,3,lc10R,41680.0,0.0,0.0,21.110999999999997,0.0,3.3335,0.0,6.667,45.777699999999996,5710.461181640625
malecns_all_shuf,0.275,3,head,41896.666666666664,0.0,0.0,21.666999999999998,0.0,3.3335,0.0,6.667,46.2222,5908.7744140625
malecns_all_shuf,0.275,1,sugar10,14.0,0.0,0.0,0.0,0.0,0.0,0.0,0.0,0.0,127.90650177001953
malecns_all_shuf,0.275,1,sugar20,27.333333333333332,0.0,0.0,0.0,0.0,0.0,0.0,0.0,0.0,175.91759872436523
malecns_all_shuf,0.275,1,sugar40,89.0,0.0,0.0,0.0,0.0,0.0,0.0,0.0,0.0,463.4624938964844
malecns_all_shuf,0.275,1,sugar60,171.66666666666666,0.0,0.0,0.0,0.0,0.0,0.0,0.0,0.0,825.1849060058594
malecns_all_shuf,0.275,1,sugar80,261.0,0.0,0.0,0.0,0.0,0.0,0.0,0.0,0.0,1167.8186950683594
malecns_all_shuf,0.275,1,sugar100,338.6666666666667,0.0,0.0,0.0,0.0,0.0,0.0,0.0,0.0,1442.8992919921875
malecns_all_shuf,0.275,1,sugar150,617.0,0.0,0.0,0.0,0.0,0.0,0.0,0.0,0.0,2106.3630981445312
malecns_all_shuf,0.275,1,rand0_40,48.333333333333336,0.0,0.0,0.0,0.0,0.0,0.0,0.0,0.0,293.67030334472656
malecns_all_shuf,0.275,1,rand0_80,255.0,0.0,0.0,0.0,0.0,0.0,0.0,0.0,0.0,916.201904296875
malecns_all_shuf,0.275,1,rand0_150,701.6666666666666,0.0,0.0,0.0,0.0,0.0,0.0,0.0,0.0,2060.3549194335938
malecns_all_shuf,0.275,1,rand1_40,89.33333333333333,0.0,0.0,0.0,0.0,0.0,0.0,0.0,0.0,416.73590087890625
malecns_all_shuf,0.275,1,rand1_80,197.33333333333334,0.0,0.0,0.0,0.0,0.0,0.0,0.0,0.0,786.1747131347656
malecns_all_shuf,0.275,1,rand1_150,498.6666666666667,0.0,0.0,0.0,0.0,0.0,0.0,0.0,0.0,1592.9943542480469
malecns_all_shuf,0.275,1,rand2_40,43.0,0.0,0.0,0.0,0.0,0.0,0.0,0.0,0.0,315.4622039794922
malecns_all_shuf,0.275,1,rand2_80,158.66666666666666,0.0,0.0,0.0,0.0,0.0,0.0,0.0,0.0,800.2083892822266
malecns_all_shuf,0.275,1,rand2_150,404.6666666666667,0.0,0.0,0.0,0.0,0.0,0.0,0.0,0.0,1587.5086364746094
malecns_all_shuf,0.275,1,bitter150,574.0,0.0,0.0,0.0,0.0,0.0,0.0,0.0,0.0,1794.648681640625
malecns_all_shuf,0.275,1,sugar40_bitter,725.0,0.0,0.0,0.0,0.0,0.0,0.0,0.0,0.0,2100.1285400390625
malecns_all_shuf,0.275,1,sugar80_bitter,918.6666666666666,0.0,0.0,0.0,0.0,0.0,0.0,0.0,0.0,2425.7282104492188
malecns_all_shuf,0.275,1,sugar100_bitter,961.6666666666666,0.0,0.0,0.0,0.0,0.0,0.0,0.0,0.0,2356.1417846679688
malecns_all_shuf,0.275,1,loom,42256.0,0.0,0.0,25.0,0.0,2.222,0.0,4.444,50.8889,6400.399658203125
malecns_all_shuf,0.275,1,loomL,40939.0,0.0,0.0,17.778,0.0,2.778,0.0,5.556,40.2221,5560.2119140625
malecns_all_shuf,0.275,1,loomR,41085.333333333336,0.0,0.0,16.111,0.0,2.222,0.0,4.444,38.7779,5609.4866943359375
malecns_all_shuf,0.275,1,lc10L,41463.0,0.0,0.0,17.222,0.0,3.3335,0.0,6.667,40.9999,5825.60888671875
malecns_all_shuf,0.275,1,lc10R,41644.666666666664,0.0,0.0,18.3335,0.0,3.3335,0.0,6.667,41.1111,5753.31396484375
malecns_all_shuf,0.275,1,head,41965.0,0.0,0.0,20.0,0.0,3.3335,0.0,6.667,43.888799999999996,6116.7232666015625
malecns_all_shuf,0.275,2,sugar10,16.0,0.0,0.0,0.0,0.0,0.0,0.0,0.0,0.0,122.38460350036621
malecns_all_shuf,0.275,2,sugar20,40.0,0.0,0.0,0.0,0.0,0.0,0.0,0.0,0.0,261.03770446777344
malecns_all_shuf,0.275,2,sugar40,114.0,0.0,0.0,0.0,0.0,0.0,0.0,0.0,0.0,498.72450256347656
malecns_all_shuf,0.275,2,sugar60,153.33333333333334,0.0,0.0,0.0,0.0,0.0,0.0,0.0,0.0,839.0743865966797
malecns_all_shuf,0.275,2,sugar80,240.66666666666666,0.0,0.0,0.0,0.0,0.0,0.0,0.0,0.0,970.8962097167969
malecns_all_shuf,0.275,2,sugar100,318.3333333333333,0.0,0.0,0.0,0.0,0.0,0.0,0.0,0.0,1304.9174194335938
malecns_all_shuf,0.275,2,sugar150,654.6666666666666,0.0,0.0,0.5555,0.0,0.0,0.0,0.0,0.0,2017.05712890625
malecns_all_shuf,0.275,2,rand0_40,61.666666666666664,0.0,0.0,0.0,0.0,0.0,0.0,0.0,0.0,318.10179901123047
malecns_all_shuf,0.275,2,rand0_80,245.33333333333334,0.0,0.0,0.0,0.0,0.0,0.0,0.0,0.0,894.2362976074219
malecns_all_shuf,0.275,2,rand0_150,637.0,0.0,0.0,0.0,0.0,0.0,0.0,0.0,0.0,1817.586181640625
malecns_all_shuf,0.275,2,rand1_40,75.33333333333333,0.0,0.0,0.0,0.0,0.0,0.0,0.0,0.0,375.1700973510742
malecns_all_shuf,0.275,2,rand1_80,195.0,0.0,0.0,0.0,0.0,0.0,0.0,0.0,0.0,763.2501068115234
malecns_all_shuf,0.275,2,rand1_150,492.0,0.0,0.0,0.0,0.0,0.0,0.0,0.0,0.0,1588.2874755859375
malecns_all_shuf,0.275,2,rand2_40,43.0,0.0,0.0,0.0,0.0,0.0,0.0,0.0,0.0,241.68299865722656
malecns_all_shuf,0.275,2,rand2_80,159.66666666666666,0.0,0.0,0.0,0.0,0.0,0.0,0.0,0.0,807.6404113769531
malecns_all_shuf,0.275,2,rand2_150,410.0,0.0,0.0,0.0,0.0,0.0,0.0,0.0,0.0,1619.7520751953125
malecns_all_shuf,0.275,2,bitter150,533.3333333333334,0.0,0.0,0.0,0.0,0.0,0.0,0.0,0.0,1738.68701171875
malecns_all_shuf,0.275,2,sugar40_bitter,661.0,0.0,0.0,0.0,0.0,0.0,0.0,0.0,0.0,1913.57080078125
malecns_all_shuf,0.275,2,sugar80_bitter,914.0,0.0,0.0,0.0,0.0,0.0,0.0,0.0,0.0,2295.3880004882812
malecns_all_shuf,0.275,2,sugar100_bitter,1011.3333333333334,0.0,0.0,0.0,0.0,0.0,0.0,0.0,0.0,2409.8943481445312
malecns_all_shuf,0.275,2,loom,42645.666666666664,0.0,0.0,28.889000000000003,0.0,2.778,0.0,5.556,50.0,6341.4697265625
malecns_all_shuf,0.275,2,loomL,41346.333333333336,0.0,0.0,20.556,0.0,2.778,0.0,5.556,39.111,5566.3428955078125
malecns_all_shuf,0.275,2,loomR,41505.0,0.0,0.0,21.110999999999997,0.0,2.222,0.0,4.444,38.5557,5627.0997314453125
malecns_all_shuf,0.275,2,lc10L,41868.666666666664,0.0,0.0,22.2225,0.0,2.222,0.0,4.444,40.666700000000006,5857.2059326171875
malecns_all_shuf,0.275,2,lc10R,41968.0,0.0,0.0,21.667,0.0,2.222,0.0,4.444,40.0,5731.0289306640625
malecns_all_shuf,0.275,2,head,42419.333333333336,0.0,0.0,26.110999999999997,0.0,2.778,0.0,5.556,44.6666,6071.15869140625
malecns_all_shuf,0.275,4,sugar10,1.3333333333333333,0.0,0.0,0.0,0.0,0.0,0.0,0.0,0.0,64.4404993057251
malecns_all_shuf,0.275,4,sugar20,24.666666666666668,0.0,0.0,0.0,0.0,0.0,0.0,0.0,0.0,166.7962989807129
malecns_all_shuf,0.275,4,sugar40,91.33333333333333,0.0,0.0,0.0,0.0,0.0,0.0,0.0,0.0,407.1391906738281
malecns_all_shuf,0.275,4,sugar60,164.66666666666666,0.0,0.0,0.0,0.0,0.0,0.0,0.0,0.0,833.330078125
malecns_all_shuf,0.275,4,sugar80,267.3333333333333,0.0,0.0,0.0,0.0,0.0,0.0,0.0,0.0,1110.0789184570312
malecns_all_shuf,0.275,4,sugar100,325.6666666666667,0.0,0.0,0.0,0.0,0.0,0.0,0.0,0.0,1368.8890686035156
malecns_all_shuf,0.275,4,sugar150,594.0,0.0,0.0,0.0,0.0,0.0,0.0,0.0,0.0,2025.125244140625
malecns_all_shuf,0.275,4,rand0_40,68.66666666666667,0.0,0.0,0.0,0.0,0.0,0.0,0.0,0.0,407.6293029785156
malecns_all_shuf,0.275,4,rand0_80,243.33333333333334,0.0,0.0,0.0,0.0,0.0,0.0,0.0,0.0,955.1247863769531
malecns_all_shuf,0.275,4,rand0_150,655.6666666666666,0.0,0.0,0.0,0.0,0.0,0.0,0.0,0.0,1895.3381958007812
malecns_all_shuf,0.275,4,rand1_40,96.0,0.0,0.0,0.0,0.0,0.0,0.0,0.0,0.0,442.36639404296875
malecns_all_shuf,0.275,4,rand1_80,257.0,0.0,0.0,0.0,0.0,0.0,0.0,0.0,0.0,956.9707946777344
malecns_all_shuf,0.275,4,rand1_150,474.0,0.0,0.0,0.0,0.0,0.0,0.0,0.0,0.0,1574.7861938476562
malecns_all_shuf,0.275,4,rand2_40,45.666666666666664,0.0,0.0,0.0,0.0,0.0,0.0,0.0,0.0,302.6260986328125
malecns_all_shuf,0.275,4,rand2_80,189.66666666666666,0.0,0.0,0.0,0.0,0.0,0.0,0.0,0.0,866.9633026123047
malecns_all_shuf,0.275,4,rand2_150,424.0,0.0,0.0,0.0,0.0,0.0,0.0,0.0,0.0,1562.7705078125
malecns_all_shuf,0.275,4,bitter150,517.3333333333334,0.0,0.0,0.0,0.0,0.0,0.0,0.0,0.0,1585.1429748535156
malecns_all_shuf,0.275,4,sugar40_bitter,662.3333333333334,0.0,0.0,0.0,0.0,0.0,0.0,0.0,0.0,1945.0065307617188
malecns_all_shuf,0.275,4,sugar80_bitter,867.3333333333334,0.0,0.0,0.0,0.0,0.0,0.0,0.0,0.0,2308.9373168945312
malecns_all_shuf,0.275,4,sugar100_bitter,1002.6666666666666,0.0,0.0,0.0,0.0,0.0,0.0,0.0,0.0,2347.8756103515625
malecns_all_shuf,0.275,4,loom,42416.333333333336,0.0,0.0,27.222,0.0,1.6665,0.0,3.333,49.88879999999999,6425.85009765625
malecns_all_shuf,0.275,4,loomL,40894.333333333336,0.0,0.0,18.8885,0.0,2.222,0.0,4.444,38.2222,5313.4110107421875
malecns_all_shuf,0.275,4,loomR,41277.666666666664,0.0,0.0,18.333000000000002,0.0,1.111,0.0,2.222,37.8888,5660.7794189453125
malecns_all_shuf,0.275,4,lc10L,41839.333333333336,0.0,0.0,19.4445,0.0,2.222,0.0,4.444,41.4444,5727.096923828125
malecns_all_shuf,0.275,4,lc10R,41774.666666666664,0.0,0.0,19.444,0.0,2.222,0.0,4.444,41.7777,5796.7193603515625
malecns_all_shuf,0.275,4,head,42115.0,0.0,0.0,21.111,0.0,1.6665,0.0,3.333,43.888999999999996,5949.916748046875
malecns_all_shuf,0.275,5,sugar10,12.333333333333334,0.0,0.0,0.0,0.0,0.0,0.0,0.0,0.0,112.14070129394531
malecns_all_shuf,0.275,5,sugar20,14.333333333333334,0.0,0.0,0.0,0.0,0.0,0.0,0.0,0.0,134.37150192260742
malecns_all_shuf,0.275,5,sugar40,91.33333333333333,0.0,0.0,0.0,0.0,0.0,0.0,0.0,0.0,374.6438980102539
malecns_all_shuf,0.275,5,sugar60,177.0,0.0,0.0,0.0,0.0,0.0,0.0,0.0,0.0,756.5630950927734
malecns_all_shuf,0.275,5,sugar80,250.0,0.0,0.0,0.0,0.0,0.0,0.0,0.0,0.0,1106.3095092773438
malecns_all_shuf,0.275,5,sugar100,362.6666666666667,0.0,0.0,0.0,0.0,0.0,0.0,0.0,0.0,1443.2951965332031
malecns_all_shuf,0.275,5,sugar150,556.0,0.0,0.0,0.0,0.0,0.0,0.0,0.0,0.0,1933.6049194335938
malecns_all_shuf,0.275,5,rand0_40,56.0,0.0,0.0,0.0,0.0,0.0,0.0,0.0,0.0,295.0459976196289
malecns_all_shuf,0.275,5,rand0_80,223.66666666666666,0.0,0.0,0.0,0.0,0.0,0.0,0.0,0.0,889.0895080566406
malecns_all_shuf,0.275,5,rand0_150,680.0,0.0,0.0,0.0,0.0,0.0,0.0,0.0,0.0,1893.5142822265625
malecns_all_shuf,0.275,5,rand1_40,90.66666666666667,0.0,0.0,0.0,0.0,0.0,0.0,0.0,0.0,363.9134979248047
malecns_all_shuf,0.275,5,rand1_80,210.33333333333334,0.0,0.0,0.0,0.0,0.0,0.0,0.0,0.0,828.2581176757812
malecns_all_shuf,0.275,5,rand1_150,481.0,0.0,0.0,0.0,0.0,0.0,0.0,0.0,0.0,1642.9366455078125
malecns_all_shuf,0.275,5,rand2_40,40.666666666666664,0.0,0.0,0.0,0.0,0.0,0.0,0.0,0.0,312.24220275878906
malecns_all_shuf,0.275,5,rand2_80,150.0,0.0,0.0,0.0,0.0,0.0,0.0,0.0,0.0,755.4757995605469
malecns_all_shuf,0.275,5,rand2_150,442.0,0.0,0.0,0.0,0.0,0.0,0.0,0.0,0.0,1747.390869140625
malecns_all_shuf,0.275,5,bitter150,534.6666666666666,0.0,0.0,0.0,0.0,0.0,0.0,0.0,0.0,1713.3410034179688
malecns_all_shuf,0.275,5,sugar40_bitter,669.0,0.0,0.0,0.0,0.0,0.0,0.0,0.0,0.0,1942.0597534179688
malecns_all_shuf,0.275,5,sugar80_bitter,884.6666666666666,0.0,0.0,0.0,0.0,0.0,0.0,0.0,0.0,2260.4089965820312
malecns_all_shuf,0.275,5,sugar100_bitter,1048.3333333333333,0.0,0.0,0.0,0.0,0.0,0.0,0.0,0.0,2376.3980712890625
malecns_all_shuf,0.275,5,loom,42512.0,0.0,0.0,25.555500000000002,0.0,1.6665,0.0,3.333,52.55550000000001,6383.864013671875
malecns_all_shuf,0.275,5,loomL,41132.666666666664,0.0,0.0,17.2225,0.0,2.222,0.0,4.444,41.00000000000001,5403.590576171875
malecns_all_shuf,0.275,5,loomR,41489.666666666664,0.0,0.0,20.555500000000002,0.0,1.6665,0.0,3.333,40.666700000000006,5643.162109375
malecns_all_shuf,0.275,5,lc10L,41779.666666666664,0.0,0.0,19.444499999999998,0.0,1.6665,0.0,3.333,43.0,5760.5615234375
malecns_all_shuf,0.275,5,lc10R,41837.0,0.0,0.0,20.0,0.0,2.778,0.0,5.556,45.2223,5813.9774169921875
malecns_all_shuf,0.275,5,head,42004.666666666664,0.0,0.0,20.555500000000002,0.0,2.222,0.0,4.444,44.3333,5960.2041015625
malecns_all,0.275,0,sugar10,12765.666666666666,4.444,0.0,0.0,1.111,1.111,1.111,2.222,0.1111,1771.1184978485107
malecns_all,0.275,0,sugar20,3092.3333333333335,60.0,16.667,0.0,0.0,0.0,0.0,0.0,0.0,1099.3091926574707
malecns_all,0.275,0,sugar40,20422.666666666668,148.889,32.222,0.0,0.5555,0.0,1.111,0.0,0.7777999999999999,4243.1302490234375
malecns_all,0.275,0,sugar60,20126.666666666668,208.889,47.778,0.0,4.4445,0.0,8.889,0.0,0.1111,4344.319580078125
malecns_all,0.275,0,sugar80,19970.666666666668,195.556,42.222,0.0,7.222,0.0,14.444,0.0,0.6667,4831.605224609375
malecns_all,0.275,0,sugar100,20099.0,228.889,56.667,0.0,1.6665,0.0,3.333,0.0,0.1111,4496.713134765625
malecns_all,0.275,0,sugar150,19671.333333333332,246.667,62.222,0.0,10.5555,0.0,21.111,0.0,0.1111,4920.93505859375
malecns_all,0.275,0,rand0_40,19797.666666666668,16.667,0.0,0.0,3.889,0.5555,7.778,1.111,4.6667000000000005,4786.3900146484375
malecns_all,0.275,0,rand0_80,19731.0,18.889,0.0,0.0,4.4445,0.5555,8.889,1.111,3.4444000000000004,5111.1123046875
malecns_all,0.275,0,rand0_150,20211.0,13.333,0.0,0.0,0.5555,1.111,1.111,1.111,3.0,5261.702392578125
malecns_all,0.275,0,rand1_40,19821.0,22.222,0.0,0.0,1.111,2.778,2.222,5.556,4.5556,5026.1544189453125
malecns_all,0.275,0,rand1_80,19918.333333333332,28.889,0.0,0.0,2.222,2.222,4.444,4.444,3.8890000000000002,5118.659423828125
malecns_all,0.275,0,rand1_150,20083.333333333332,23.333,0.0,0.0,2.778,2.222,5.556,4.444,2.9999999999999996,5153.6968994140625
malecns_all,0.275,0,rand2_40,19746.333333333332,11.111,0.0,2.222,0.5555,0.0,0.0,0.0,1.3333,4567.7940673828125
malecns_all,0.275,0,rand2_80,19494.0,7.778,0.0,1.111,2.778,0.0,5.556,0.0,1.8889,4975.7554931640625
malecns_all,0.275,0,rand2_150,20006.333333333332,1.111,0.0,0.5555,3.889,0.5555,7.778,0.0,1.0,5013.770263671875
malecns_all,0.275,0,bitter150,19642.333333333332,18.889,0.0,1.6665,2.222,0.0,4.444,0.0,0.1111,4769.5155029296875
malecns_all,0.275,0,sugar40_bitter,19513.0,27.778,0.0,0.0,0.5555,0.0,1.111,0.0,0.2222,4792.3699951171875
malecns_all,0.275,0,sugar80_bitter,19555.333333333332,22.222,0.0,0.0,0.0,0.0,0.0,0.0,0.1111,4699.8572998046875
malecns_all,0.275,0,sugar100_bitter,19675.666666666668,23.333,0.0,0.0,0.5555,0.0,1.111,0.0,0.0,4609.751708984375
malecns_all,0.275,0,loom,21950.333333333332,0.0,0.0,396.1115,1.111,1.6665,2.222,0.0,0.0,5324.091552734375
malecns_all,0.275,0,loomL,20716.666666666668,0.0,0.0,211.11100000000002,2.778,3.3335,5.556,0.0,0.0,5138.139404296875
malecns_all,0.275,0,loomR,20918.333333333332,0.0,0.0,212.2225,4.4445,0.0,5.556,0.0,0.0,4867.3489990234375
malecns_all,0.275,0,lc10L,17430.0,2.222,0.0,0.0,86.6665,0.0,168.889,0.0,0.2222,3996.830810546875
malecns_all,0.275,0,lc10R,21004.333333333332,11.111,0.0,0.0,0.0,75.5555,0.0,147.778,0.33330000000000004,4869.6143798828125
malecns_all,0.275,0,head,21781.333333333332,112.222,0.0,0.0,0.0,0.0,0.0,0.0,164.2221,5096.1824951171875
malecns_all,0.275,3,sugar10,8047.333333333333,13.333,0.0,0.5555,0.5555,1.111,1.111,2.222,0.0,1369.1291809082031
malecns_all,0.275,3,sugar20,13150.0,74.444,13.333,0.0,0.5555,0.0,1.111,0.0,0.6666000000000001,2406.244873046875
malecns_all,0.275,3,sugar40,15997.333333333334,217.778,56.667,0.0,0.5555,0.0,1.111,0.0,0.33330000000000004,3621.1146240234375
malecns_all,0.275,3,sugar60,20055.666666666668,175.556,40.0,0.0,0.0,0.0,0.0,0.0,1.0,4559.7889404296875
malecns_all,0.275,3,sugar80,19910.0,214.444,48.889,0.0,1.6665,0.5555,3.333,0.0,0.5556,4755.4781494140625
malecns_all,0.275,3,sugar100,19948.333333333332,252.222,63.333,0.0,5.0,1.111,10.0,0.0,0.0,4733.382080078125
malecns_all,0.275,3,sugar150,19679.333333333332,261.111,64.444,0.0,8.3335,0.0,16.667,0.0,0.0,4997.7015380859375
malecns_all,0.275,3,rand0_40,19854.666666666668,24.444,0.0,0.0,1.111,1.6665,2.222,3.333,3.8888999999999996,4936.766845703125
malecns_all,0.275,3,rand0_80,19856.0,17.778,0.0,1.111,3.3335,1.111,5.556,2.222,2.3333,5052.1781005859375
malecns_all,0.275,3,rand0_150,19937.666666666668,25.556,0.0,0.0,3.889,0.5555,7.778,0.0,3.2221,5297.4129638671875
malecns_all,0.275,3,rand1_40,19826.666666666668,30.0,0.0,0.0,2.778,2.222,5.556,4.444,3.5555,5075.85888671875
malecns_all,0.275,3,rand1_80,20164.333333333332,21.111,0.0,0.0,0.5555,2.222,1.111,4.444,3.5555999999999996,5304.1097412109375
malecns_all,0.275,3,rand1_150,20170.333333333332,33.333,0.0,0.0,0.0,2.222,0.0,4.444,2.6666,5178.3109130859375
malecns_all,0.275,3,rand2_40,20109.333333333332,13.333,0.0,1.111,1.6665,0.5555,3.333,1.111,1.6667,4295.9761962890625
malecns_all,0.275,3,rand2_80,19636.333333333332,21.111,0.0,0.5555,1.111,0.0,2.222,0.0,1.8889,4806.104248046875
malecns_all,0.275,3,rand2_150,20101.0,12.222,0.0,1.6665,1.111,0.0,1.111,0.0,0.8888999999999999,5073.466552734375
malecns_all,0.275,3,bitter150,19977.0,18.889,0.0,2.222,0.5555,0.0,1.111,0.0,0.2222,4713.4442138671875
malecns_all,0.275,3,sugar40_bitter,20012.333333333332,26.667,0.0,0.5555,0.0,0.5555,0.0,1.111,0.1111,4805.4227294921875
malecns_all,0.275,3,sugar80_bitter,19456.333333333332,22.222,0.0,0.0,0.0,0.0,0.0,0.0,0.0,4817.9398193359375
malecns_all,0.275,3,sugar100_bitter,19543.0,18.889,0.0,0.0,0.0,0.0,0.0,0.0,0.0,4810.197998046875
malecns_all,0.275,3,loom,21814.333333333332,0.0,0.0,392.778,1.6665,1.6665,3.333,0.0,0.0,5344.2930908203125
malecns_all,0.275,3,loomL,20913.333333333332,0.0,0.0,211.6665,1.6665,2.778,3.333,0.0,0.0,5128.4124755859375
malecns_all,0.275,3,loomR,17594.333333333332,0.0,0.0,210.5555,5.0,0.0,6.667,0.0,0.0,4599.8880615234375
malecns_all,0.275,3,lc10L,17463.333333333332,6.667,0.0,0.0,88.88900000000001,0.0,172.222,0.0,0.1111,4180.1514892578125
malecns_all,0.275,3,lc10R,20598.0,8.889,0.0,0.0,0.0,71.111,0.0,138.889,0.33330000000000004,4935.5291748046875
malecns_all,0.275,3,head,21727.666666666668,114.444,0.0,0.0,0.0,0.0,0.0,0.0,169.0001,5194.1890869140625
malecns_all,0.275,4,sugar10,7661.333333333333,2.222,0.0,0.0,0.5555,1.6665,1.111,3.333,0.33330000000000004,1067.3033294677734
malecns_all,0.275,4,sugar20,20489.0,23.333,0.0,0.0,2.778,0.5555,5.556,1.111,0.5556,4011.550048828125
malecns_all,0.275,4,sugar40,20293.666666666668,146.667,37.778,0.0,1.111,0.0,2.222,0.0,0.6667,4317.0687255859375
malecns_all,0.275,4,sugar60,20221.333333333332,144.444,34.444,0.0,1.111,0.0,2.222,0.0,0.5556,4525.9949951171875
malecns_all,0.275,4,sugar80,19856.0,180.0,42.222,0.0,5.5555,0.0,11.111,0.0,0.1111,4901.0416259765625
malecns_all,0.275,4,sugar100,19881.0,175.556,38.889,0.0,6.111,0.0,12.222,0.0,0.0,4922.111083984375
malecns_all,0.275,4,sugar150,20044.666666666668,237.778,61.111,0.0,3.3335,0.0,6.667,0.0,0.0,4723.1678466796875
malecns_all,0.275,4,rand0_40,19902.0,15.556,0.0,0.0,1.111,1.6665,2.222,3.333,4.2223,4986.9586181640625
malecns_all,0.275,4,rand0_80,20044.0,17.778,0.0,0.0,2.222,3.3335,4.444,5.556,2.0,4982.810302734375
malecns_all,0.275,4,rand0_150,20205.666666666668,14.444,0.0,0.0,2.778,1.111,5.556,2.222,4.0,5348.77734375
malecns_all,0.275,4,rand1_40,19674.0,18.889,0.0,0.0,3.3335,1.111,6.667,2.222,4.2222,5158.758544921875
malecns_all,0.275,4,rand1_80,19895.333333333332,17.778,0.0,0.0,3.3335,0.5555,6.667,1.111,3.6666,5279.18017578125
malecns_all,0.275,4,rand1_150,20085.333333333332,30.0,0.0,0.0,1.111,1.6665,2.222,3.333,3.5555,5261.6812744140625
malecns_all,0.275,4,rand2_40,19487.0,15.556,0.0,1.6665,1.111,0.5555,2.222,1.111,2.8888,4348.6253662109375
malecns_all,0.275,4,rand2_80,19511.0,5.556,0.0,1.111,1.6665,0.0,2.222,0.0,1.2222,4715.4698486328125
malecns_all,0.275,4,rand2_150,19740.0,6.667,0.0,0.5555,2.7775,0.5555,3.333,1.111,1.8889,5282.8154296875
malecns_all,0.275,4,bitter150,19863.333333333332,7.778,0.0,1.6665,1.111,0.0,2.222,0.0,0.33330000000000004,4835.2557373046875
malecns_all,0.275,4,sugar40_bitter,19669.333333333332,18.889,0.0,0.0,1.111,0.0,2.222,0.0,0.5556,4802.278076171875
malecns_all,0.275,4,sugar80_bitter,19547.666666666668,14.444,0.0,0.0,2.778,0.0,5.556,0.0,0.33330000000000004,4851.8548583984375
malecns_all,0.275,4,sugar100_bitter,19601.0,17.778,0.0,0.0,0.0,0.0,0.0,0.0,0.4444,4771.7757568359375
malecns_all,0.275,4,loom,21890.333333333332,0.0,0.0,390.5555,1.6665,1.6665,3.333,0.0,0.0,5425.885986328125
malecns_all,0.275,4,loomL,20415.333333333332,1.111,0.0,212.222,5.5555,3.889,11.111,0.0,0.0,4571.8577880859375
malecns_all,0.275,4,loomR,20888.666666666668,0.0,0.0,205.0,6.6665,0.0,10.0,0.0,0.0,4994.9215087890625
malecns_all,0.275,4,lc10L,18921.666666666668,12.222,2.222,0.0,85.0,0.0,164.444,0.0,0.1111,4054.6614990234375
malecns_all,0.275,4,lc10R,20931.0,3.333,0.0,0.0,0.0,70.0,0.0,136.667,0.33330000000000004,5027.00732421875
malecns_all,0.275,4,head,21904.333333333332,101.111,0.0,0.0,0.0,0.0,0.0,0.0,162.8889,5102.8492431640625
malecns_all,0.275,5,sugar10,19652.0,45.556,10.0,0.0,2.222,0.0,4.444,0.0,0.1111,2615.480224609375
malecns_all,0.275,5,sugar20,14683.666666666666,100.0,18.889,0.0,1.111,0.0,2.222,0.0,0.5555,3374.48388671875
malecns_all,0.275,5,sugar40,20249.0,150.0,32.222,0.0,0.0,0.0,0.0,0.0,1.0,4357.8770751953125
malecns_all,0.275,5,sugar60,20328.666666666668,170.0,37.778,0.0,4.4445,0.0,8.889,0.0,1.4444,4392.048095703125
malecns_all,0.275,5,sugar80,20306.666666666668,137.778,28.889,0.0,2.222,0.0,4.444,0.0,0.8888999999999999,4606.8331298828125
malecns_all,0.275,5,sugar100,20205.0,180.0,33.333,0.0,3.3335,0.0,6.667,0.0,0.0,4830.3648681640625
malecns_all,0.275,5,sugar150,20172.0,237.778,54.444,0.0,5.0,0.0,10.0,0.0,0.0,4684.1104736328125
malecns_all,0.275,5,rand0_40,19976.0,17.778,0.0,0.0,1.6665,1.6665,3.333,2.222,4.6667000000000005,4845.858642578125
malecns_all,0.275,5,rand0_80,20012.333333333332,20.0,0.0,0.0,4.4445,0.5555,8.889,0.0,4.7777,5158.3408203125
malecns_all,0.275,5,rand0_150,20170.0,14.444,0.0,0.0,0.5555,2.222,1.111,2.222,3.5556000000000005,5291.8323974609375
malecns_all,0.275,5,rand1_40,19771.0,13.333,0.0,0.0,1.111,2.222,2.222,4.444,4.4444,4884.9285888671875
malecns_all,0.275,5,rand1_80,20271.333333333332,17.778,0.0,0.0,0.5555,3.889,1.111,6.667,4.0,5133.72509765625
malecns_all,0.275,5,rand1_150,20225.0,17.778,0.0,0.0,1.6665,3.3335,3.333,6.667,3.1110999999999995,5240.404296875
malecns_all,0.275,5,rand2_40,19500.0,4.444,0.0,0.5555,3.3335,2.222,5.556,1.111,2.1111,4218.8448486328125
malecns_all,0.275,5,rand2_80,19875.666666666668,5.556,0.0,1.111,2.222,0.0,4.444,0.0,2.2222,4857.61962890625
malecns_all,0.275,5,rand2_150,19881.666666666668,3.333,0.0,0.0,2.222,0.5555,4.444,1.111,2.2223,5162.4959716796875
malecns_all,0.275,5,bitter150,19978.0,6.667,0.0,1.6665,0.5555,0.0,1.111,0.0,0.2222,4764.7799072265625
malecns_all,0.275,5,sugar40_bitter,20027.666666666668,18.889,0.0,0.5555,1.6665,0.0,3.333,0.0,0.7777999999999999,4764.2855224609375
malecns_all,0.275,5,sugar80_bitter,19761.0,21.111,0.0,0.0,0.5555,0.0,1.111,0.0,0.4444,4764.8197021484375
malecns_all,0.275,5,sugar100_bitter,19693.333333333332,22.222,0.0,0.0,0.0,0.0,0.0,0.0,0.6667,4772.845458984375
malecns_all,0.275,5,loom,21944.666666666668,0.0,0.0,395.0,2.778,1.111,5.556,0.0,0.0,5370.9171142578125
malecns_all,0.275,5,loomL,20594.333333333332,0.0,0.0,211.11100000000002,0.0,4.4445,0.0,0.0,0.0,5089.732177734375
malecns_all,0.275,5,loomR,20697.333333333332,0.0,0.0,210.5555,2.7775,0.0,2.222,0.0,0.0,4590.9249267578125
malecns_all,0.275,5,lc10L,20897.666666666668,2.222,0.0,0.0,79.44399999999999,0.0,154.444,0.0,0.4444,4507.369140625
malecns_all,0.275,5,lc10R,21046.666666666668,5.556,0.0,0.0,0.0,65.55550000000001,0.0,127.778,0.33330000000000004,4949.3421630859375
malecns_all,0.275,5,head,21824.666666666668,112.222,0.0,0.0,0.0,0.0,0.0,0.0,166.7777,5080.4031982421875
malecns_all,0.275,1,sugar10,19847.333333333332,11.111,0.0,0.0,4.4445,0.0,8.889,0.0,0.8888999999999999,2877.928466796875
malecns_all,0.275,1,sugar20,19985.0,67.778,11.111,0.0,3.3335,2.7775,6.667,4.444,1.6667,3656.9251098632812
malecns_all,0.275,1,sugar40,20025.0,182.222,44.444,0.0,3.889,0.5555,7.778,1.111,0.6667,4095.8331298828125
malecns_all,0.275,1,sugar60,20173.0,191.111,46.667,0.0,5.0,0.0,10.0,0.0,0.6667,4571.242431640625
malecns_all,0.275,1,sugar80,20036.666666666668,188.889,43.333,0.0,7.778,0.0,15.556,0.0,0.5556,4758.18017578125
malecns_all,0.275,1,sugar100,19789.666666666668,231.111,61.111,0.0,11.6665,0.0,23.333,0.0,0.1111,4756.444580078125
malecns_all,0.275,1,sugar150,20095.333333333332,244.444,65.556,0.0,8.3335,0.0,16.667,0.0,0.0,4839.95849609375
malecns_all,0.275,1,rand0_40,19874.333333333332,27.778,0.0,0.0,5.5555,2.222,11.111,4.444,4.4445,4874.994873046875
malecns_all,0.275,1,rand0_80,19899.666666666668,26.667,0.0,0.0,8.889,1.111,17.778,2.222,3.7778000000000005,5184.455810546875
malecns_all,0.275,1,rand0_150,20195.333333333332,23.333,0.0,0.0,11.111,1.111,22.222,2.222,3.1111,5320.686767578125
malecns_all,0.275,1,rand1_40,19734.333333333332,28.889,0.0,0.0,10.5555,0.0,21.111,0.0,3.5555,5152.242431640625
malecns_all,0.275,1,rand1_80,20108.0,33.333,0.0,0.0,8.3335,1.111,16.667,2.222,4.0,5289.947998046875
malecns_all,0.275,1,rand1_150,20209.666666666668,35.556,0.0,0.0,8.333499999999999,1.6665,15.556,3.333,2.9999000000000002,5164.5867919921875
malecns_all,0.275,1,rand2_40,19808.666666666668,10.0,0.0,1.6665,3.3335,1.111,5.556,0.0,1.4444,4362.8480224609375
malecns_all,0.275,1,rand2_80,19830.666666666668,22.222,0.0,0.5555,10.0,0.5555,17.778,1.111,2.4445,4728.5357666015625
malecns_all,0.275,1,rand2_150,19877.0,12.222,0.0,2.222,6.111,0.0,12.222,0.0,1.4444,5034.215576171875
malecns_all,0.275,1,bitter150,20046.666666666668,21.111,0.0,1.6665,8.3335,0.0,16.667,0.0,0.1111,4697.2222900390625
malecns_all,0.275,1,sugar40_bitter,19905.0,32.222,0.0,0.5555,7.778,0.0,15.556,0.0,0.1111,4741.312255859375
malecns_all,0.275,1,sugar80_bitter,19495.333333333332,27.778,0.0,0.0,5.0,0.0,10.0,0.0,0.1111,4749.7596435546875
malecns_all,0.275,1,sugar100_bitter,19701.0,20.0,0.0,0.0,5.0,0.0,10.0,0.0,0.0,4764.5418701171875
malecns_all,0.275,1,loom,22040.666666666668,0.0,0.0,393.33349999999996,8.333499999999999,0.5555,15.556,0.0,0.0,5310.057861328125
malecns_all,0.275,1,loomL,20663.666666666668,4.444,0.0,208.889,11.6665,3.889,23.333,0.0,0.0,4970.18212890625
malecns_all,0.275,1,loomR,20867.333333333332,3.333,0.0,208.889,6.6665,0.0,10.0,0.0,0.0,4470.0091552734375
malecns_all,0.275,1,lc10L,20819.666666666668,11.111,1.111,0.0,88.333,0.0,173.333,0.0,0.2222,4752.7230224609375
malecns_all,0.275,1,lc10R,20966.666666666668,6.667,0.0,0.0,0.0,64.444,0.0,124.444,0.33330000000000004,4954.665283203125
malecns_all,0.275,1,head,21740.333333333332,112.222,0.0,0.0,1.111,0.0,2.222,0.0,164.3334,5073.94775390625
malecns_all,0.275,2,sugar10,20203.333333333332,13.333,0.0,0.0,5.0,0.0,10.0,0.0,0.6667,3821.0452880859375
malecns_all,0.275,2,sugar20,13970.0,55.556,11.111,0.0,0.5555,0.5555,1.111,0.0,0.4444,3257.8133850097656
malecns_all,0.275,2,sugar40,20348.0,171.111,45.556,0.0,1.6665,0.5555,3.333,1.111,0.2222,4320.702392578125
malecns_all,0.275,2,sugar60,20181.666666666668,186.667,45.556,0.0,4.4445,0.0,8.889,0.0,0.33330000000000004,4572.75732421875
malecns_all,0.275,2,sugar80,20198.666666666668,223.333,62.222,0.0,6.6665,0.0,13.333,0.0,0.2222,4754.54931640625
malecns_all,0.275,2,sugar100,20086.666666666668,233.333,64.444,0.0,7.778,0.0,15.556,0.0,0.0,4787.0198974609375
malecns_all,0.275,2,sugar150,20010.333333333332,253.333,72.222,0.0,7.222,0.0,14.444,0.0,0.0,4886.22021484375
malecns_all,0.275,2,rand0_40,20181.666666666668,20.0,0.0,0.0,4.4445,1.6665,8.889,2.222,3.3333,4843.8690185546875
malecns_all,0.275,2,rand0_80,20008.0,15.556,0.0,0.0,6.111,0.0,12.222,0.0,2.7778,4936.9027099609375
malecns_all,0.275,2,rand0_150,20251.333333333332,22.222,0.0,1.111,5.0,1.6665,10.0,2.222,1.4445,5206.310302734375
malecns_all,0.275,2,rand1_40,19935.666666666668,24.444,0.0,0.0,4.4445,2.778,8.889,5.556,4.2223,5121.7593994140625
malecns_all,0.275,2,rand1_80,20166.666666666668,14.444,0.0,0.0,5.5555,1.111,10.0,2.222,2.7777,5063.21728515625
malecns_all,0.275,2,rand1_150,20381.666666666668,27.778,0.0,0.0,5.0,1.6665,8.889,3.333,3.5555000000000008,5058.0089111328125
malecns_all,0.275,2,rand2_40,19633.0,15.556,0.0,0.5555,1.6665,1.111,3.333,2.222,3.7779,4674.6197509765625
malecns_all,0.275,2,rand2_80,19811.666666666668,10.0,0.0,1.6665,9.4445,0.5555,15.556,1.111,2.0,4878.5711669921875
malecns_all,0.275,2,rand2_150,20147.333333333332,8.889,0.0,1.6665,6.111,0.0,10.0,0.0,1.4444,5197.9732666015625
malecns_all,0.275,2,bitter150,20161.333333333332,18.889,0.0,1.6665,2.222,0.0,4.444,0.0,0.0,4787.464599609375
malecns_all,0.275,2,sugar40_bitter,19952.666666666668,27.778,0.0,0.0,3.889,0.0,7.778,0.0,0.0,4679.82373046875
malecns_all,0.275,2,sugar80_bitter,19964.0,25.556,0.0,0.0,4.4445,0.0,8.889,0.0,0.0,4747.102294921875
malecns_all,0.275,2,sugar100_bitter,19903.333333333332,23.333,0.0,0.0,4.4445,0.0,8.889,0.0,0.0,4910.507568359375
malecns_all,0.275,2,loom,19252.666666666668,0.0,0.0,399.4445,4.4445,1.111,8.889,0.0,0.0,4905.9678955078125
malecns_all,0.275,2,loomL,21016.666666666668,0.0,0.0,212.7775,9.4445,3.889,18.889,0.0,0.0,5037.392822265625
malecns_all,0.275,2,loomR,20983.333333333332,0.0,0.0,208.33300000000003,5.0,0.0,6.667,0.0,0.0,4600.0775146484375
malecns_all,0.275,2,lc10L,20825.0,4.444,0.0,0.0,87.22250000000001,0.0,168.889,0.0,0.1111,4461.8907470703125
malecns_all,0.275,2,lc10R,21028.666666666668,7.778,0.0,0.0,0.0,71.111,0.0,138.889,0.33330000000000004,4998.392333984375
malecns_all,0.275,2,head,22114.333333333332,171.111,0.0,0.0,0.5555,0.0,1.111,0.0,164.1112,5034.6588134765625
malecns_ge5,0.152,3,sugar10,9.0,0.0,0.0,0.0,0.0,0.0,0.0,0.0,0.0,3.639300048351288
malecns_ge5,0.152,3,sugar20,40.666666666666664,0.0,0.0,0.0,0.0,0.0,0.0,0.0,0.0,17.129499912261963
malecns_ge5,0.152,3,sugar40,66.66666666666667,0.0,0.0,0.0,0.0,0.0,0.0,0.0,0.0,41.51780033111572
malecns_ge5,0.152,3,sugar60,109.33333333333333,6.667,0.0,0.0,0.0,0.0,0.0,0.0,0.0,79.93270111083984
malecns_ge5,0.152,3,sugar80,194.33333333333334,26.667,0.0,0.0,0.0,0.0,0.0,0.0,0.0,119.91670227050781
malecns_ge5,0.152,3,sugar100,385.0,56.667,0.0,0.0,0.0,0.0,0.0,0.0,0.0,291.88280868530273
malecns_ge5,0.152,3,sugar150,7448.0,138.889,0.0,0.0,7.222,0.0,14.444,0.0,11.3333,1470.1206359863281
malecns_ge5,0.152,3,rand0_40,6797.666666666667,21.111,0.0,0.0,2.778,1.111,5.556,2.222,14.0,732.4770889282227
malecns_ge5,0.152,3,rand0_80,7399.333333333333,44.444,0.0,0.0,4.4445,1.111,8.889,2.222,28.6667,1668.154052734375
malecns_ge5,0.152,3,rand0_150,7481.0,42.222,0.0,0.0,5.5555,0.5555,11.111,1.111,31.6666,1957.446533203125
malecns_ge5,0.152,3,rand1_40,7424.0,34.444,0.0,0.0,4.4445,0.5555,8.889,1.111,21.1112,1207.4307861328125
malecns_ge5,0.152,3,rand1_80,6991.0,32.222,0.0,0.0,2.778,1.6665,5.556,3.333,19.8889,1163.8869934082031
malecns_ge5,0.152,3,rand1_150,7753.0,47.778,0.0,0.0,5.5555,2.222,11.111,4.444,30.6666,1874.1494750976562
malecns_ge5,0.152,3,rand2_40,2421.3333333333335,16.667,0.0,0.0,1.111,0.0,2.222,0.0,11.1111,717.1434268951416
malecns_ge5,0.152,3,rand2_80,7362.333333333333,36.667,0.0,0.0,5.5555,1.111,11.111,2.222,24.7778,1458.9008178710938
malecns_ge5,0.152,3,rand2_150,7459.666666666667,44.444,0.0,0.0,5.0,1.111,10.0,2.222,28.1111,1839.2454833984375
malecns_ge5,0.152,3,bitter150,7500.0,0.0,0.0,0.0,3.3335,0.0,6.667,0.0,16.777700000000003,1260.8232116699219
malecns_ge5,0.152,3,sugar40_bitter,7561.0,0.0,0.0,0.0,3.3335,0.0,6.667,0.0,16.4444,1294.3930969238281
malecns_ge5,0.152,3,sugar80_bitter,7476.0,0.0,0.0,0.0,3.3335,0.0,6.667,0.0,13.333400000000001,1307.3227233886719
malecns_ge5,0.152,3,sugar100_bitter,5217.333333333333,0.0,0.0,0.0,3.3335,0.0,6.667,0.0,8.7778,1044.4169006347656
malecns_ge5,0.152,3,loom,2683.6666666666665,0.0,0.0,387.22249999999997,0.0,0.0,0.0,0.0,0.0,1387.7770080566406
malecns_ge5,0.152,3,loomL,1866.6666666666667,0.0,0.0,273.3335,0.0,21.6665,0.0,0.0,0.0,1080.5128784179688
malecns_ge5,0.152,3,loomR,2026.6666666666667,0.0,0.0,293.33299999999997,3.3335,0.0,0.0,0.0,0.0,1268.6636047363281
malecns_ge5,0.152,3,lc10L,849.0,0.0,0.0,0.0,80.0,0.0,157.778,0.0,0.0,634.0339965820312
malecns_ge5,0.152,3,lc10R,1118.6666666666667,3.333,0.0,0.0,0.0,77.7775,0.0,153.333,1.3333,1130.0374145507812
malecns_ge5,0.152,3,head,3270.0,33.333,0.0,0.0,0.0,0.0,0.0,0.0,181.88889999999998,1745.3140869140625
malecns_ge5,0.152,2,sugar10,10.666666666666666,0.0,0.0,0.0,0.0,0.0,0.0,0.0,0.0,5.9084999561309814
malecns_ge5,0.152,2,sugar20,27.333333333333332,0.0,0.0,0.0,0.0,0.0,0.0,0.0,0.0,18.548100471496582
malecns_ge5,0.152,2,sugar40,71.66666666666667,2.222,0.0,0.0,0.0,0.0,0.0,0.0,0.0,46.63899898529053
malecns_ge5,0.152,2,sugar60,87.33333333333333,0.0,0.0,0.0,0.0,0.0,0.0,0.0,0.0,60.214698791503906
malecns_ge5,0.152,2,sugar80,257.0,31.111,0.0,0.0,0.0,0.0,0.0,0.0,0.0,148.1693992614746
malecns_ge5,0.152,2,sugar100,399.6666666666667,81.111,0.0,0.0,0.0,0.0,0.0,0.0,0.0,232.29149627685547
malecns_ge5,0.152,2,sugar150,7706.666666666667,130.0,1.111,0.0,4.4445,0.5555,8.889,1.111,12.888900000000001,1482.9861145019531
malecns_ge5,0.152,2,rand0_40,7009.666666666667,22.222,0.0,0.0,1.6665,1.111,3.333,2.222,16.777800000000003,860.0595092773438
malecns_ge5,0.152,2,rand0_80,7727.333333333333,40.0,0.0,0.0,7.778,0.0,15.556,0.0,30.555499999999995,1709.7699279785156
malecns_ge5,0.152,2,rand0_150,7902.333333333333,40.0,0.0,0.0,5.5555,0.5555,11.111,1.111,31.8889,1946.6558837890625
malecns_ge5,0.152,2,rand1_40,7452.666666666667,36.667,0.0,0.0,6.6665,0.5555,13.333,1.111,27.1111,1445.1628723144531
malecns_ge5,0.152,2,rand1_80,7667.0,40.0,0.0,0.0,4.4445,1.111,8.889,2.222,31.222199999999997,1653.8751831054688
malecns_ge5,0.152,2,rand1_150,7943.333333333333,47.778,0.0,0.0,5.0,1.6665,10.0,3.333,33.2222,1922.121826171875
malecns_ge5,0.152,2,rand2_40,4632.333333333333,20.0,0.0,0.0,1.111,0.0,2.222,0.0,12.666799999999999,722.3589286804199
malecns_ge5,0.152,2,rand2_80,7908.333333333333,43.333,0.0,0.0,4.4445,1.111,8.889,2.222,30.1111,1743.2623291015625
malecns_ge5,0.152,2,rand2_150,8150.0,46.667,0.0,0.0,5.0,1.6665,10.0,3.333,31.3334,2054.91552734375
malecns_ge5,0.152,2,bitter150,7876.666666666667,0.0,0.0,0.0,3.889,0.0,7.778,0.0,22.444499999999998,1469.6250305175781
malecns_ge5,0.152,2,sugar40_bitter,8239.0,0.0,0.0,0.0,4.4445,0.0,8.889,0.0,21.555500000000002,1588.9975891113281
malecns_ge5,0.152,2,sugar80_bitter,7862.666666666667,0.0,0.0,0.0,6.6665,0.0,13.333,0.0,18.1111,1485.9363098144531
malecns_ge5,0.152,2,sugar100_bitter,7764.0,0.0,0.0,0.0,4.4445,0.0,8.889,0.0,15.888900000000001,1492.4775695800781
malecns_ge5,0.152,2,loom,2719.6666666666665,0.0,0.0,387.77750000000003,0.0,0.0,0.0,0.0,0.0,1383.3963928222656
malecns_ge5,0.152,2,loomL,1857.6666666666667,0.0,0.0,271.66650000000004,0.0,22.778,0.0,0.0,0.0,1084.6152954101562
malecns_ge5,0.152,2,loomR,1927.6666666666667,0.0,0.0,290.0,2.778,0.0,0.0,0.0,0.0,1209.0935668945312
malecns_ge5,0.152,2,lc10L,880.6666666666666,0.0,0.0,0.0,75.5555,0.0,150.0,0.0,1.2222,710.0672149658203
malecns_ge5,0.152,2,lc10R,1169.3333333333333,1.111,0.0,0.0,0.0,75.0,0.0,150.0,1.1111,1009.4476928710938
malecns_ge5,0.152,2,head,3217.0,42.222,0.0,0.0,0.0,0.0,0.0,0.0,178.4445,1842.5372924804688
malecns_ge5_shuf,0.152,0,sugar10,0.0,0.0,0.0,0.0,0.0,0.0,0.0,0.0,0.0,17.356500148773193
malecns_ge5_shuf,0.152,0,sugar20,1.0,0.0,0.0,0.0,0.0,0.0,0.0,0.0,0.0,24.210800170898438
malecns_ge5_shuf,0.152,0,sugar40,6.666666666666667,0.0,0.0,0.0,0.0,0.0,0.0,0.0,0.0,35.725199699401855
malecns_ge5_shuf,0.152,0,sugar60,15.666666666666666,0.0,0.0,0.0,0.0,0.0,0.0,0.0,0.0,47.90739917755127
malecns_ge5_shuf,0.152,0,sugar80,51.666666666666664,0.0,0.0,0.0,0.0,0.0,0.0,0.0,0.0,117.5763988494873
malecns_ge5_shuf,0.152,0,sugar100,76.66666666666667,0.0,0.0,0.0,0.0,0.0,0.0,0.0,0.0,165.625
malecns_ge5_shuf,0.152,0,sugar150,138.66666666666666,0.0,0.0,0.0,0.0,0.0,0.0,0.0,0.0,371.7854995727539
malecns_ge5_shuf,0.152,0,rand0_40,15.333333333333334,0.0,0.0,0.0,0.0,0.0,0.0,0.0,0.0,49.079800605773926
malecns_ge5_shuf,0.152,0,rand0_80,41.333333333333336,0.0,0.0,0.0,0.0,0.0,0.0,0.0,0.0,93.4512996673584
malecns_ge5_shuf,0.152,0,rand0_150,110.33333333333333,0.0,0.0,0.0,0.0,0.0,0.0,0.0,0.0,205.36659622192383
malecns_ge5_shuf,0.152,0,rand1_40,14.666666666666666,0.0,0.0,1.111,0.0,0.0,0.0,0.0,0.0,30.221099853515625
malecns_ge5_shuf,0.152,0,rand1_80,45.333333333333336,0.0,0.0,2.222,0.0,0.0,0.0,0.0,0.0,116.1796989440918
malecns_ge5_shuf,0.152,0,rand1_150,116.66666666666667,0.0,0.0,10.5555,0.0,0.0,0.0,0.0,0.0,245.01570892333984
malecns_ge5_shuf,0.152,0,rand2_40,9.0,0.0,0.0,0.0,0.0,0.0,0.0,0.0,0.0,41.62880039215088
malecns_ge5_shuf,0.152,0,rand2_80,27.666666666666668,0.0,0.0,0.0,0.0,0.0,0.0,0.0,0.0,71.88549995422363
malecns_ge5_shuf,0.152,0,rand2_150,101.0,0.0,0.0,0.0,0.0,0.0,0.0,0.0,0.0,226.15700149536133
malecns_ge5_shuf,0.152,0,bitter150,117.0,0.0,0.0,0.0,0.0,0.0,0.0,0.0,0.0,198.96689987182617
malecns_ge5_shuf,0.152,0,sugar40_bitter,131.0,0.0,0.0,0.0,0.0,0.0,0.0,0.0,0.0,299.27869415283203
malecns_ge5_shuf,0.152,0,sugar80_bitter,160.0,0.0,0.0,0.0,0.0,0.0,0.0,0.0,0.0,403.0636901855469
malecns_ge5_shuf,0.152,0,sugar100_bitter,186.66666666666666,0.0,0.0,0.0,0.0,0.0,0.0,0.0,0.0,425.45069885253906
malecns_ge5_shuf,0.152,0,loom,1838.0,0.0,0.0,0.0,0.0,0.0,0.0,0.0,0.0,2039.0723876953125
malecns_ge5_shuf,0.152,0,loomL,742.3333333333334,0.0,0.0,0.0,0.0,0.0,0.0,0.0,0.0,1264.5671997070312
malecns_ge5_shuf,0.152,0,loomR,932.3333333333334,0.0,0.0,0.0,0.0,0.0,0.0,0.0,0.0,1393.5180969238281
malecns_ge5_shuf,0.152,0,lc10L,785.0,0.0,0.0,0.0,0.0,0.0,0.0,0.0,3.8889000000000005,1289.4703979492188
malecns_ge5_shuf,0.152,0,lc10R,1096.0,0.0,0.0,0.0,0.0,0.0,0.0,0.0,1.2222,1474.8258972167969
malecns_ge5_shuf,0.152,0,head,1092.3333333333333,0.0,0.0,6.6665,0.0,0.0,0.0,0.0,0.8888999999999999,1513.7382507324219
malecns_ge5_shuf,0.152,1,sugar10,0.0,0.0,0.0,0.0,0.0,0.0,0.0,0.0,0.0,16.14429998397827
malecns_ge5_shuf,0.152,1,sugar20,1.0,0.0,0.0,0.0,0.0,0.0,0.0,0.0,0.0,26.427400588989258
malecns_ge5_shuf,0.152,1,sugar40,9.333333333333334,0.0,0.0,0.0,0.0,0.0,0.0,0.0,0.0,41.62279987335205
malecns_ge5_shuf,0.152,1,sugar60,26.666666666666668,0.0,0.0,0.0,0.0,0.0,0.0,0.0,0.0,70.16829872131348
malecns_ge5_shuf,0.152,1,sugar80,45.666666666666664,0.0,0.0,0.0,0.0,0.0,0.0,0.0,0.0,106.88599967956543
malecns_ge5_shuf,0.152,1,sugar100,64.0,0.0,0.0,0.0,0.0,0.0,0.0,0.0,0.0,111.88229942321777
malecns_ge5_shuf,0.152,1,sugar150,131.0,0.0,0.0,0.0,0.0,0.0,0.0,0.0,0.0,346.87329864501953
malecns_ge5_shuf,0.152,1,rand0_40,9.0,0.0,0.0,0.0,0.0,0.0,0.0,0.0,0.0,40.81360054016113
malecns_ge5_shuf,0.152,1,rand0_80,38.0,0.0,0.0,0.0,0.0,0.0,0.0,0.0,0.0,89.34339904785156
malecns_ge5_shuf,0.152,1,rand0_150,119.66666666666667,0.0,0.0,0.0,0.0,0.0,0.0,0.0,0.0,226.33539962768555
malecns_ge5_shuf,0.152,1,rand1_40,14.333333333333334,0.0,0.0,0.0,0.0,0.0,0.0,0.0,0.0,38.732200622558594
malecns_ge5_shuf,0.152,1,rand1_80,44.0,0.0,0.0,2.778,0.0,0.0,0.0,0.0,0.0,92.91939926147461
malecns_ge5_shuf,0.152,1,rand1_150,120.33333333333333,0.0,0.0,12.222,0.0,1.111,0.0,2.222,0.0,215.63299560546875
malecns_ge5_shuf,0.152,1,rand2_40,8.666666666666666,0.0,0.0,0.0,0.0,0.0,0.0,0.0,0.0,41.792799949645996
malecns_ge5_shuf,0.152,1,rand2_80,28.333333333333332,0.0,0.0,0.0,0.0,0.0,0.0,0.0,0.0,56.74769973754883
malecns_ge5_shuf,0.152,1,rand2_150,96.66666666666667,0.0,0.0,0.0,0.0,0.0,0.0,0.0,0.0,238.89820098876953
malecns_ge5_shuf,0.152,1,bitter150,120.66666666666667,0.0,0.0,0.0,0.0,0.0,0.0,0.0,0.0,244.92290496826172
malecns_ge5_shuf,0.152,1,sugar40_bitter,130.66666666666666,0.0,0.0,0.0,0.0,0.0,0.0,0.0,0.0,329.1508026123047
malecns_ge5_shuf,0.152,1,sugar80_bitter,173.66666666666666,0.0,0.0,0.0,0.0,0.0,0.0,0.0,0.0,447.6062927246094
malecns_ge5_shuf,0.152,1,sugar100_bitter,198.66666666666666,0.0,0.0,0.0,0.0,0.0,0.0,0.0,0.0,504.6634826660156
malecns_ge5_shuf,0.152,1,loom,1881.0,0.0,0.0,0.0,0.0,0.5555,0.0,1.111,0.0,1984.6257934570312
malecns_ge5_shuf,0.152,1,loomL,681.3333333333334,0.0,0.0,0.0,0.0,0.5555,0.0,1.111,0.0,1172.0627136230469
malecns_ge5_shuf,0.152,1,loomR,886.0,0.0,0.0,0.0,0.0,0.0,0.0,0.0,0.0,1438.1846008300781
malecns_ge5_shuf,0.152,1,lc10L,786.6666666666666,0.0,0.0,0.0,0.0,0.0,0.0,0.0,3.5555999999999996,1298.2052001953125
malecns_ge5_shuf,0.152,1,lc10R,1074.3333333333333,0.0,0.0,0.0,0.0,0.0,0.0,0.0,1.0,1468.268798828125
malecns_ge5_shuf,0.152,1,head,1115.6666666666667,0.0,0.0,6.6665,0.0,0.0,0.0,0.0,0.4444,1517.6750183105469
malecns_ge5_shuf,0.152,3,sugar10,0.0,0.0,0.0,0.0,0.0,0.0,0.0,0.0,0.0,18.119199752807617
malecns_ge5_shuf,0.152,3,sugar20,0.0,0.0,0.0,0.0,0.0,0.0,0.0,0.0,0.0,26.927200317382812
malecns_ge5_shuf,0.152,3,sugar40,14.0,0.0,0.0,0.0,0.0,0.0,0.0,0.0,0.0,60.64229965209961
malecns_ge5_shuf,0.152,3,sugar60,21.333333333333332,0.0,0.0,0.0,0.0,0.0,0.0,0.0,0.0,41.24989986419678
malecns_ge5_shuf,0.152,3,sugar80,35.666666666666664,0.0,0.0,0.0,0.0,0.0,0.0,0.0,0.0,100.62870216369629
malecns_ge5_shuf,0.152,3,sugar100,73.33333333333333,0.0,0.0,0.0,0.0,0.0,0.0,0.0,0.0,160.31480026245117
malecns_ge5_shuf,0.152,3,sugar150,132.33333333333334,0.0,0.0,0.0,0.0,0.0,0.0,0.0,0.0,344.7887954711914
malecns_ge5_shuf,0.152,3,rand0_40,17.333333333333332,0.0,0.0,0.0,0.0,0.0,0.0,0.0,0.0,53.602800369262695
malecns_ge5_shuf,0.152,3,rand0_80,40.333333333333336,0.0,0.0,0.0,0.0,0.0,0.0,0.0,0.0,94.58760261535645
malecns_ge5_shuf,0.152,3,rand0_150,114.33333333333333,0.0,0.0,0.0,0.0,0.0,0.0,0.0,0.0,201.00590133666992
malecns_ge5_shuf,0.152,3,rand1_40,14.666666666666666,0.0,0.0,0.0,0.0,0.0,0.0,0.0,0.0,40.482200145721436
malecns_ge5_shuf,0.152,3,rand1_80,46.666666666666664,0.0,0.0,3.889,0.0,0.0,0.0,0.0,0.0,94.33609962463379
malecns_ge5_shuf,0.152,3,rand1_150,112.66666666666667,0.0,0.0,10.0,0.0,0.5555,0.0,1.111,0.0,245.70680236816406
malecns_ge5_shuf,0.152,3,rand2_40,5.666666666666667,0.0,0.0,0.0,0.0,0.0,0.0,0.0,0.0,39.96469974517822
malecns_ge5_shuf,0.152,3,rand2_80,27.666666666666668,0.0,0.0,0.0,0.0,0.0,0.0,0.0,0.0,82.80669975280762
malecns_ge5_shuf,0.152,3,rand2_150,107.33333333333333,0.0,0.0,0.0,0.0,0.0,0.0,0.0,0.0,210.38769912719727
malecns_ge5_shuf,0.152,3,bitter150,125.0,0.0,0.0,0.0,0.0,0.0,0.0,0.0,0.0,262.57969665527344
malecns_ge5_shuf,0.152,3,sugar40_bitter,125.0,0.0,0.0,0.0,0.0,0.0,0.0,0.0,0.0,306.8804016113281
malecns_ge5_shuf,0.152,3,sugar80_bitter,164.33333333333334,0.0,0.0,0.0,0.0,0.0,0.0,0.0,0.0,496.01829528808594
malecns_ge5_shuf,0.152,3,sugar100_bitter,188.66666666666666,0.0,0.0,0.0,0.0,0.0,0.0,0.0,0.0,540.4443054199219
malecns_ge5_shuf,0.152,3,loom,1890.6666666666667,0.0,0.0,0.0,0.0,0.0,0.0,0.0,0.0,2021.0692749023438
malecns_ge5_shuf,0.152,3,loomL,694.0,0.0,0.0,0.0,0.0,0.0,0.0,0.0,0.0,1277.2864990234375
malecns_ge5_shuf,0.152,3,loomR,889.3333333333334,0.0,0.0,0.0,0.0,0.0,0.0,0.0,0.0,1400.0688171386719
malecns_ge5_shuf,0.152,3,lc10L,792.3333333333334,0.0,0.0,0.0,0.0,0.0,0.0,0.0,3.6667,1255.49951171875
malecns_ge5_shuf,0.152,3,lc10R,1111.3333333333333,0.0,0.0,0.0,0.0,0.0,0.0,0.0,1.3333,1488.6598205566406
malecns_ge5_shuf,0.152,3,head,1112.0,0.0,0.0,6.111,0.0,0.0,0.0,0.0,1.6667,1592.792724609375
malecns_ge5_shuf,0.152,2,sugar10,0.0,0.0,0.0,0.0,0.0,0.0,0.0,0.0,0.0,19.978399753570557
malecns_ge5_shuf,0.152,2,sugar20,1.0,0.0,0.0,0.0,0.0,0.0,0.0,0.0,0.0,27.8789005279541
malecns_ge5_shuf,0.152,2,sugar40,16.0,0.0,0.0,0.0,0.0,0.0,0.0,0.0,0.0,66.49310111999512
malecns_ge5_shuf,0.152,2,sugar60,23.666666666666668,0.0,0.0,0.0,0.0,0.0,0.0,0.0,0.0,77.23629856109619
malecns_ge5_shuf,0.152,2,sugar80,46.666666666666664,0.0,0.0,0.0,0.0,0.0,0.0,0.0,0.0,101.75920104980469
malecns_ge5_shuf,0.152,2,sugar100,77.0,0.0,0.0,0.0,0.0,0.0,0.0,0.0,0.0,209.4665985107422
malecns_ge5_shuf,0.152,2,sugar150,136.0,0.0,0.0,0.0,0.0,0.0,0.0,0.0,0.0,364.5424041748047
malecns_ge5_shuf,0.152,2,rand0_40,11.666666666666666,0.0,0.0,0.0,0.0,0.0,0.0,0.0,0.0,31.502999305725098
malecns_ge5_shuf,0.152,2,rand0_80,47.0,0.0,0.0,0.0,0.0,0.0,0.0,0.0,0.0,96.66399765014648
malecns_ge5_shuf,0.152,2,rand0_150,118.0,0.0,0.0,0.0,0.0,0.0,0.0,0.0,0.0,218.59510040283203
malecns_ge5_shuf,0.152,2,rand1_40,11.0,0.0,0.0,0.0,0.0,0.0,0.0,0.0,0.0,37.507999420166016
malecns_ge5_shuf,0.152,2,rand1_80,43.666666666666664,0.0,0.0,3.3335,0.0,0.0,0.0,0.0,0.0,112.96349716186523
malecns_ge5_shuf,0.152,2,rand1_150,110.0,0.0,0.0,7.778,0.0,0.0,0.0,0.0,0.0,247.08980560302734
malecns_ge5_shuf,0.152,2,rand2_40,8.0,0.0,0.0,0.0,0.0,0.0,0.0,0.0,0.0,35.62440013885498
malecns_ge5_shuf,0.152,2,rand2_80,27.333333333333332,0.0,0.0,0.0,0.0,0.0,0.0,0.0,0.0,56.8765983581543
malecns_ge5_shuf,0.152,2,rand2_150,87.0,0.0,0.0,0.0,0.0,0.0,0.0,0.0,0.0,206.84010314941406
malecns_ge5_shuf,0.152,2,bitter150,125.33333333333333,0.0,0.0,0.0,0.0,0.0,0.0,0.0,0.0,263.8815002441406
malecns_ge5_shuf,0.152,2,sugar40_bitter,127.66666666666667,0.0,0.0,0.0,0.0,0.0,0.0,0.0,0.0,297.51009368896484
malecns_ge5_shuf,0.152,2,sugar80_bitter,173.66666666666666,0.0,0.0,0.0,0.0,0.0,0.0,0.0,0.0,448.8372039794922
malecns_ge5_shuf,0.152,2,sugar100_bitter,193.33333333333334,0.0,0.0,0.0,0.0,0.0,0.0,0.0,0.0,534.9596862792969
malecns_ge5_shuf,0.152,2,loom,1934.3333333333333,0.0,0.0,0.0,0.0,0.0,0.0,0.0,0.0,2085.2156372070312
malecns_ge5_shuf,0.152,2,loomL,711.6666666666666,0.0,0.0,0.0,0.0,0.0,0.0,0.0,0.0,1281.94580078125
malecns_ge5_shuf,0.152,2,loomR,959.3333333333334,0.0,0.0,0.0,0.0,0.0,0.0,0.0,0.0,1556.8785400390625
malecns_ge5_shuf,0.152,2,lc10L,824.0,0.0,0.0,0.0,0.0,0.0,0.0,0.0,3.7778,1354.8956909179688
malecns_ge5_shuf,0.152,2,lc10R,1090.6666666666667,0.0,0.0,0.0,0.0,0.0,0.0,0.0,1.5555999999999999,1507.4328918457031
malecns_ge5_shuf,0.152,2,head,1214.6666666666667,0.0,0.0,8.3335,0.0,0.0,0.0,0.0,0.4444,1628.4938354492188
malecns_ge5_shuf,0.152,4,sugar10,0.3333333333333333,0.0,0.0,0.0,0.0,0.0,0.0,0.0,0.0,18.06529998779297
malecns_ge5_shuf,0.152,4,sugar20,0.0,0.0,0.0,0.0,0.0,0.0,0.0,0.0,0.0,24.96880054473877
malecns_ge5_shuf,0.152,4,sugar40,9.0,0.0,0.0,0.0,0.0,0.0,0.0,0.0,0.0,45.22710037231445
malecns_ge5_shuf,0.152,4,sugar60,18.666666666666668,0.0,0.0,0.0,0.0,0.0,0.0,0.0,0.0,57.63280010223389
malecns_ge5_shuf,0.152,4,sugar80,47.0,0.0,0.0,0.0,0.0,0.0,0.0,0.0,0.0,112.85040283203125
malecns_ge5_shuf,0.152,4,sugar100,70.33333333333333,0.0,0.0,0.0,0.0,0.0,0.0,0.0,0.0,247.26119995117188
malecns_ge5_shuf,0.152,4,sugar150,137.33333333333334,0.0,0.0,0.0,0.0,0.0,0.0,0.0,0.0,361.7596969604492
malecns_ge5_shuf,0.152,4,rand0_40,15.666666666666666,0.0,0.0,0.0,0.0,0.0,0.0,0.0,0.0,56.42580032348633
malecns_ge5_shuf,0.152,4,rand0_80,42.0,0.0,0.0,0.0,0.0,0.0,0.0,0.0,0.0,99.15780258178711
malecns_ge5_shuf,0.152,4,rand0_150,119.33333333333333,0.0,0.0,0.0,0.0,0.0,0.0,0.0,0.0,200.91019821166992
malecns_ge5_shuf,0.152,4,rand1_40,14.0,0.0,0.0,0.0,0.0,0.0,0.0,0.0,0.0,30.033699989318848
malecns_ge5_shuf,0.152,4,rand1_80,50.0,0.0,0.0,1.6665,0.0,0.0,0.0,0.0,0.0,129.58399963378906
malecns_ge5_shuf,0.152,4,rand1_150,114.66666666666667,0.0,0.0,5.0,0.0,0.0,0.0,0.0,0.0,247.97139739990234
malecns_ge5_shuf,0.152,4,rand2_40,8.666666666666666,0.0,0.0,0.0,0.0,0.0,0.0,0.0,0.0,43.71829891204834
malecns_ge5_shuf,0.152,4,rand2_80,31.0,0.0,0.0,0.0,0.0,0.0,0.0,0.0,0.0,69.73360061645508
malecns_ge5_shuf,0.152,4,rand2_150,93.66666666666667,0.0,0.0,0.0,0.0,0.0,0.0,0.0,0.0,192.27460098266602
malecns_ge5_shuf,0.152,4,bitter150,113.0,0.0,0.0,0.0,0.0,0.0,0.0,0.0,0.0,192.28780364990234
malecns_ge5_shuf,0.152,4,sugar40_bitter,132.0,0.0,0.0,0.0,0.0,0.0,0.0,0.0,0.0,306.201904296875
malecns_ge5_shuf,0.152,4,sugar80_bitter,165.0,0.0,0.0,0.0,0.0,0.0,0.0,0.0,0.0,402.10070037841797
malecns_ge5_shuf,0.152,4,sugar100_bitter,187.33333333333334,0.0,0.0,0.0,0.0,0.0,0.0,0.0,0.0,493.6889953613281
malecns_ge5_shuf,0.152,4,loom,1841.0,0.0,0.0,0.0,0.0,0.0,0.0,0.0,0.0,2046.8238525390625
malecns_ge5_shuf,0.152,4,loomL,686.3333333333334,0.0,0.0,0.0,0.0,0.0,0.0,0.0,0.0,1256.7310180664062
malecns_ge5_shuf,0.152,4,loomR,927.3333333333334,0.0,0.0,0.0,0.0,0.0,0.0,0.0,0.0,1495.7139892578125
malecns_ge5_shuf,0.152,4,lc10L,816.3333333333334,0.0,0.0,0.0,0.0,0.0,0.0,0.0,3.5555999999999996,1371.6864929199219
malecns_ge5_shuf,0.152,4,lc10R,1108.6666666666667,0.0,0.0,0.0,0.0,0.0,0.0,0.0,1.1111,1485.8421936035156
malecns_ge5_shuf,0.152,4,head,1146.6666666666667,0.0,0.0,7.222,0.0,0.0,0.0,0.0,0.6667,1641.7627258300781
malecns_ge5_shuf,0.152,5,sugar10,0.0,0.0,0.0,0.0,0.0,0.0,0.0,0.0,0.0,18.842400074005127
malecns_ge5_shuf,0.152,5,sugar20,0.6666666666666666,0.0,0.0,0.0,0.0,0.0,0.0,0.0,0.0,16.92150068283081
malecns_ge5_shuf,0.152,5,sugar40,10.333333333333334,0.0,0.0,0.0,0.0,0.0,0.0,0.0,0.0,45.43699932098389
malecns_ge5_shuf,0.152,5,sugar60,22.333333333333332,0.0,0.0,0.0,0.0,0.0,0.0,0.0,0.0,60.54440116882324
malecns_ge5_shuf,0.152,5,sugar80,50.333333333333336,0.0,0.0,0.0,0.0,0.0,0.0,0.0,0.0,122.53820419311523
malecns_ge5_shuf,0.152,5,sugar100,67.33333333333333,0.0,0.0,0.0,0.0,0.0,0.0,0.0,0.0,185.28290557861328
malecns_ge5_shuf,0.152,5,sugar150,130.66666666666666,0.0,0.0,0.0,0.0,0.0,0.0,0.0,0.0,342.6762008666992
malecns_ge5_shuf,0.152,5,rand0_40,16.333333333333332,0.0,0.0,0.0,0.0,0.0,0.0,0.0,0.0,49.70559883117676
malecns_ge5_shuf,0.152,5,rand0_80,44.666666666666664,0.0,0.0,0.0,0.0,0.0,0.0,0.0,0.0,98.44360160827637
malecns_ge5_shuf,0.152,5,rand0_150,118.66666666666667,0.0,0.0,0.0,0.0,0.0,0.0,0.0,0.0,220.91489791870117
malecns_ge5_shuf,0.152,5,rand1_40,13.0,0.0,0.0,0.0,0.0,0.0,0.0,0.0,0.0,38.48709964752197
malecns_ge5_shuf,0.152,5,rand1_80,40.666666666666664,0.0,0.0,3.889,0.0,0.0,0.0,0.0,0.0,83.27489852905273
malecns_ge5_shuf,0.152,5,rand1_150,108.33333333333333,0.0,0.0,11.111,0.0,0.0,0.0,0.0,0.0,231.8250961303711
malecns_ge5_shuf,0.152,5,rand2_40,9.666666666666666,0.0,0.0,0.0,0.0,0.0,0.0,0.0,0.0,20.778099536895752
malecns_ge5_shuf,0.152,5,rand2_80,30.0,0.0,0.0,0.0,0.0,0.0,0.0,0.0,0.0,54.45169925689697
malecns_ge5_shuf,0.152,5,rand2_150,95.33333333333333,0.0,0.0,0.0,0.0,0.0,0.0,0.0,0.0,195.04840087890625
malecns_ge5_shuf,0.152,5,bitter150,125.0,0.0,0.0,0.0,0.0,0.0,0.0,0.0,0.0,252.27490234375
malecns_ge5_shuf,0.152,5,sugar40_bitter,132.66666666666666,0.0,0.0,0.0,0.0,0.0,0.0,0.0,0.0,328.48450469970703
malecns_ge5_shuf,0.152,5,sugar80_bitter,166.33333333333334,0.0,0.0,0.0,0.0,0.0,0.0,0.0,0.0,473.80999755859375
malecns_ge5_shuf,0.152,5,sugar100_bitter,201.33333333333334,0.0,0.0,0.0,0.0,0.0,0.0,0.0,0.0,519.8858032226562
malecns_ge5_shuf,0.152,5,loom,1930.3333333333333,0.0,0.0,0.0,0.0,0.0,0.0,0.0,0.0,2066.107177734375
malecns_ge5_shuf,0.152,5,loomL,718.3333333333334,0.0,0.0,0.0,0.0,0.0,0.0,0.0,0.0,1317.8718872070312
malecns_ge5_shuf,0.152,5,loomR,904.6666666666666,0.0,0.0,0.0,0.0,0.0,0.0,0.0,0.0,1479.8640747070312
malecns_ge5_shuf,0.152,5,lc10L,836.6666666666666,0.0,0.0,0.0,0.0,0.0,0.0,0.0,3.3333,1395.7599182128906
malecns_ge5_shuf,0.152,5,lc10R,1103.0,0.0,0.0,0.0,0.0,0.0,0.0,0.0,1.1111,1528.0093078613281
malecns_ge5_shuf,0.152,5,head,1157.6666666666667,0.0,0.0,7.778,0.0,0.0,0.0,0.0,1.4444000000000001,1659.0185546875
malecns_ge5,0.152,4,sugar10,7.0,0.0,0.0,0.0,0.0,0.0,0.0,0.0,0.0,5.687900066375732
malecns_ge5,0.152,4,sugar20,21.0,0.0,0.0,0.0,0.0,0.0,0.0,0.0,0.0,18.0479998588562
malecns_ge5,0.152,4,sugar40,65.0,1.111,0.0,0.0,0.0,0.0,0.0,0.0,0.0,47.6988000869751
malecns_ge5,0.152,4,sugar60,85.33333333333333,0.0,0.0,0.0,0.0,0.0,0.0,0.0,0.0,77.57280158996582
malecns_ge5,0.152,4,sugar80,239.33333333333334,21.111,0.0,0.0,0.0,0.0,0.0,0.0,0.0,128.43549919128418
malecns_ge5,0.152,4,sugar100,2106.3333333333335,47.778,0.0,0.0,0.0,0.0,0.0,0.0,1.111,465.19420623779297
malecns_ge5,0.152,4,sugar150,7463.666666666667,111.111,0.0,0.0,5.5555,0.0,11.111,0.0,14.6667,1496.6358642578125
malecns_ge5,0.152,4,rand0_40,7405.0,41.111,0.0,0.0,7.222,0.5555,14.444,1.111,30.777800000000003,1779.5543823242188
malecns_ge5,0.152,4,rand0_80,7652.666666666667,37.778,0.0,0.0,3.889,1.6665,7.778,3.333,31.8889,1851.0765380859375
malecns_ge5,0.152,4,rand0_150,7608.666666666667,38.889,0.0,0.0,6.6665,1.111,13.333,2.222,33.2222,1996.5442504882812
malecns_ge5,0.152,4,rand1_40,7429.333333333333,37.778,0.0,0.0,3.3335,2.222,6.667,4.444,24.333399999999997,1385.4273986816406
malecns_ge5,0.152,4,rand1_80,7800.0,38.889,0.0,0.0,3.3335,1.6665,6.667,3.333,27.777800000000003,1512.4506530761719
malecns_ge5,0.152,4,rand1_150,7885.666666666667,46.667,0.0,0.0,5.5555,1.6665,11.111,3.333,33.2221,1961.3103637695312
malecns_ge5,0.152,4,rand2_40,3641.6666666666665,11.111,0.0,0.0,1.111,0.5555,2.222,1.111,9.5556,538.6900024414062
malecns_ge5,0.152,4,rand2_80,7164.0,34.444,0.0,0.0,4.4445,0.5555,8.889,1.111,25.2223,1443.0501098632812
malecns_ge5,0.152,4,rand2_150,7707.333333333333,41.111,0.0,0.0,6.6665,0.5555,13.333,1.111,32.8888,1958.106201171875
malecns_ge5,0.152,4,bitter150,7823.0,0.0,0.0,0.0,6.6665,0.5555,13.333,1.111,22.444499999999998,1480.143310546875
malecns_ge5,0.152,4,sugar40_bitter,7781.0,0.0,0.0,0.0,7.222,0.5555,14.444,1.111,21.889000000000003,1551.8706970214844
malecns_ge5,0.152,4,sugar80_bitter,7701.0,0.0,0.0,0.0,6.6665,1.111,13.333,2.222,17.7778,1504.9129943847656
malecns_ge5,0.152,4,sugar100_bitter,7667.333333333333,0.0,0.0,0.0,6.111,0.5555,12.222,1.111,17.6667,1451.5036926269531
malecns_ge5,0.152,4,loom,2699.3333333333335,0.0,0.0,384.4445,0.0,0.0,0.0,0.0,0.0,1297.2666931152344
malecns_ge5,0.152,4,loomL,1765.3333333333333,0.0,0.0,261.6665,0.0,21.111,0.0,0.0,0.0,971.4184875488281
malecns_ge5,0.152,4,loomR,1909.3333333333333,0.0,0.0,288.333,0.5555,0.0,0.0,0.0,0.0,1184.1007080078125
malecns_ge5,0.152,4,lc10L,814.6666666666666,0.0,0.0,0.0,75.0,0.0,150.0,0.0,0.1111,658.8531036376953
malecns_ge5,0.152,4,lc10R,1145.3333333333333,1.111,0.0,0.0,0.0,76.6665,0.0,153.333,1.2222,1064.4471740722656
malecns_ge5,0.152,4,head,3251.6666666666665,63.333,0.0,0.0,0.0,0.0,0.0,0.0,175.33339999999998,1875.1240234375
malecns_ge5,0.152,5,sugar10,7.333333333333333,0.0,0.0,0.0,0.0,0.0,0.0,0.0,0.0,5.372099995613098
malecns_ge5,0.152,5,sugar20,19.0,0.0,0.0,0.0,0.0,0.0,0.0,0.0,0.0,15.652099609375
malecns_ge5,0.152,5,sugar40,64.66666666666667,1.111,0.0,0.0,0.0,0.0,0.0,0.0,0.0,47.257301330566406
malecns_ge5,0.152,5,sugar60,136.33333333333334,14.444,0.0,0.0,0.0,0.0,0.0,0.0,0.0,78.56990051269531
malecns_ge5,0.152,5,sugar80,195.33333333333334,22.222,0.0,0.0,0.0,0.0,0.0,0.0,0.0,146.62220001220703
malecns_ge5,0.152,5,sugar100,349.3333333333333,62.222,0.0,0.0,0.0,0.0,0.0,0.0,0.0,188.9488983154297
malecns_ge5,0.152,5,sugar150,6137.333333333333,121.111,0.0,0.0,1.6665,0.0,3.333,0.0,3.8888,866.2496032714844
malecns_ge5,0.152,5,rand0_40,7266.666666666667,34.444,0.0,0.0,3.3335,2.222,6.667,3.333,30.444499999999998,1631.6454467773438
malecns_ge5,0.152,5,rand0_80,7513.0,40.0,0.0,0.0,5.0,1.111,10.0,2.222,35.8889,1907.796875
malecns_ge5,0.152,5,rand0_150,7691.666666666667,37.778,0.0,0.0,3.889,1.6665,7.778,3.333,36.3334,2022.60400390625
malecns_ge5,0.152,5,rand1_40,7415.0,25.556,0.0,0.0,3.889,1.6665,7.778,3.333,25.0,1320.1017150878906
malecns_ge5,0.152,5,rand1_80,7589.666666666667,31.111,0.0,0.0,4.4445,0.5555,8.889,1.111,27.0,1460.1741027832031
malecns_ge5,0.152,5,rand1_150,7774.0,42.222,0.0,0.0,3.3335,2.222,6.667,4.444,35.8889,1973.3685913085938
malecns_ge5,0.152,5,rand2_40,4763.333333333333,16.667,0.0,0.0,2.778,1.111,5.556,2.222,18.8889,968.5246753692627
malecns_ge5,0.152,5,rand2_80,4943.333333333333,26.667,0.0,0.0,2.222,0.0,4.444,0.0,20.8889,1126.082633972168
malecns_ge5,0.152,5,rand2_150,7411.0,37.778,0.0,0.0,5.5555,2.222,11.111,4.444,33.555499999999995,2018.3358764648438
malecns_ge5,0.152,5,bitter150,7450.333333333333,0.0,0.0,0.0,3.3335,0.0,6.667,0.0,18.666800000000002,1292.0159912109375
malecns_ge5,0.152,5,sugar40_bitter,7547.333333333333,0.0,0.0,0.0,5.0,0.0,10.0,0.0,18.6667,1356.4595031738281
malecns_ge5,0.152,5,sugar80_bitter,7426.0,0.0,0.0,0.0,3.889,0.0,7.778,0.0,15.555599999999998,1304.4268798828125
malecns_ge5,0.152,5,sugar100_bitter,7739.0,0.0,0.0,0.0,5.0,0.0,10.0,0.0,16.222199999999997,1382.7813110351562
malecns_ge5,0.152,5,loom,2726.0,0.0,0.0,391.111,0.0,0.0,0.0,0.0,0.0,1398.3189086914062
malecns_ge5,0.152,5,loomL,1820.6666666666667,0.0,0.0,278.3335,0.0,23.3335,0.0,0.0,0.0,1027.9676818847656
malecns_ge5,0.152,5,loomR,1915.6666666666667,0.0,0.0,287.22249999999997,0.5555,0.0,0.0,0.0,0.0,1182.0749206542969
malecns_ge5,0.152,5,lc10L,827.3333333333334,0.0,0.0,0.0,76.111,0.0,152.222,0.0,0.5556,660.8493957519531
malecns_ge5,0.152,5,lc10R,1072.3333333333333,1.111,0.0,0.0,0.0,73.3335,0.0,145.556,1.6667,1031.3724975585938
malecns_ge5,0.152,5,head,3057.6666666666665,3.333,0.0,0.0,0.0,0.0,0.0,0.0,181.77779999999998,1672.5894775390625
malecns_ge5_shuf,0.275,1,sugar10,6.333333333333333,0.0,0.0,0.0,0.0,0.0,0.0,0.0,0.0,18.218900203704834
malecns_ge5_shuf,0.275,1,sugar20,23.333333333333332,0.0,0.0,0.0,0.0,0.0,0.0,0.0,0.0,46.15250110626221
malecns_ge5_shuf,0.275,1,sugar40,88.33333333333333,0.0,0.0,0.0,0.0,0.0,0.0,0.0,0.0,242.93329620361328
malecns_ge5_shuf,0.275,1,sugar60,193.33333333333334,0.0,0.0,0.0,0.0,0.0,0.0,0.0,0.0,399.4238967895508
malecns_ge5_shuf,0.275,1,sugar80,285.3333333333333,0.0,0.0,0.0,0.0,0.0,0.0,0.0,0.0,589.4846954345703
malecns_ge5_shuf,0.275,1,sugar100,433.0,0.0,0.0,0.0,0.0,0.0,0.0,0.0,0.0,755.4483032226562
malecns_ge5_shuf,0.275,1,sugar150,875.3333333333334,0.0,0.0,0.0,1.111,0.0,0.0,0.0,0.0,1133.4122924804688
malecns_ge5_shuf,0.275,1,rand0_40,81.66666666666667,0.0,0.0,0.0,0.0,0.0,0.0,0.0,0.0,140.79269790649414
malecns_ge5_shuf,0.275,1,rand0_80,339.3333333333333,0.0,0.0,0.5555,0.0,0.0,0.0,0.0,0.0,540.624397277832
malecns_ge5_shuf,0.275,1,rand0_150,1938.3333333333333,0.0,0.0,0.5555,0.0,0.5555,0.0,1.111,0.33330000000000004,1565.9739379882812
malecns_ge5_shuf,0.275,1,rand1_40,141.0,0.0,0.0,1.111,0.0,0.0,0.0,0.0,0.0,330.04419708251953
malecns_ge5_shuf,0.275,1,rand1_80,520.3333333333334,0.0,0.0,6.111,0.0,0.5555,0.0,1.111,0.0,847.3217926025391
malecns_ge5_shuf,0.275,1,rand1_150,4291.0,0.0,0.0,6.111,0.0,1.6665,0.0,3.333,0.0,1809.8781127929688
malecns_ge5_shuf,0.275,1,rand2_40,52.333333333333336,0.0,0.0,0.0,0.0,0.0,0.0,0.0,0.0,69.9257984161377
malecns_ge5_shuf,0.275,1,rand2_80,258.6666666666667,0.0,0.0,0.0,0.0,0.0,0.0,0.0,0.0,391.25218963623047
malecns_ge5_shuf,0.275,1,rand2_150,1149.6666666666667,0.0,0.0,0.0,0.0,0.5555,0.0,1.111,0.0,1135.8299255371094
malecns_ge5_shuf,0.275,1,bitter150,1730.0,0.0,0.0,0.0,0.0,5.0,0.0,10.0,0.1111,1462.8956298828125
malecns_ge5_shuf,0.275,1,sugar40_bitter,2303.6666666666665,0.0,0.0,0.0,0.0,4.4445,0.0,8.889,0.33330000000000004,1596.42041015625
malecns_ge5_shuf,0.275,1,sugar80_bitter,3758.6666666666665,0.0,0.0,0.0,0.0,2.778,0.0,5.556,0.33330000000000004,1808.063232421875
malecns_ge5_shuf,0.275,1,sugar100_bitter,6020.666666666667,0.0,0.0,0.0,0.0,1.6665,0.0,3.333,0.33330000000000004,2012.6025390625
malecns_ge5_shuf,0.275,1,loom,14623.0,0.0,0.0,0.0,0.0,0.0,0.0,0.0,6.6666,3266.2977294921875
malecns_ge5_shuf,0.275,1,loomL,11439.0,0.0,0.0,0.0,0.0,0.0,0.0,0.0,2.7777000000000003,2918.1563720703125
malecns_ge5_shuf,0.275,1,loomR,11912.666666666666,0.0,0.0,0.0,0.0,0.0,0.0,0.0,2.2222,3063.212890625
malecns_ge5_shuf,0.275,1,lc10L,11240.333333333334,0.0,0.0,0.0,0.0,0.0,0.0,0.0,8.777800000000001,2876.7034301757812
malecns_ge5_shuf,0.275,1,lc10R,12121.666666666666,0.0,0.0,0.0,0.0,0.0,0.0,0.0,3.0000000000000004,2900.1488647460938
malecns_ge5_shuf,0.275,1,head,12560.666666666666,0.0,0.0,0.5555,0.0,1.111,0.0,2.222,6.7777,3023.73193359375
malecns_ge5_shuf,0.275,0,sugar10,6.666666666666667,0.0,0.0,0.0,0.0,0.0,0.0,0.0,0.0,26.722899913787842
malecns_ge5_shuf,0.275,0,sugar20,30.666666666666668,0.0,0.0,0.0,0.0,0.0,0.0,0.0,0.0,53.03380107879639
malecns_ge5_shuf,0.275,0,sugar40,79.0,0.0,0.0,0.0,0.0,0.0,0.0,0.0,0.0,207.36160278320312
malecns_ge5_shuf,0.275,0,sugar60,164.66666666666666,0.0,0.0,0.0,0.0,0.0,0.0,0.0,0.0,374.60449981689453
malecns_ge5_shuf,0.275,0,sugar80,281.6666666666667,0.0,0.0,0.0,0.0,0.0,0.0,0.0,0.0,540.4565887451172
malecns_ge5_shuf,0.275,0,sugar100,407.3333333333333,0.0,0.0,0.0,0.0,0.0,0.0,0.0,0.0,718.4548950195312
malecns_ge5_shuf,0.275,0,sugar150,794.0,0.0,0.0,0.0,0.0,0.0,0.0,0.0,0.0,1075.326416015625
malecns_ge5_shuf,0.275,0,rand0_40,99.0,0.0,0.0,0.0,0.0,0.0,0.0,0.0,0.0,129.7333984375
malecns_ge5_shuf,0.275,0,rand0_80,375.6666666666667,0.0,0.0,0.0,0.0,0.0,0.0,0.0,0.0,574.0952911376953
malecns_ge5_shuf,0.275,0,rand0_150,1339.6666666666667,0.0,0.0,0.0,0.0,0.0,0.0,0.0,0.1111,1391.9871826171875
malecns_ge5_shuf,0.275,0,rand1_40,144.66666666666666,0.0,0.0,2.222,0.0,0.5555,0.0,1.111,0.0,203.57679748535156
malecns_ge5_shuf,0.275,0,rand1_80,1022.6666666666666,0.0,0.0,7.222,0.0,0.5555,0.0,1.111,0.0,1080.3880615234375
malecns_ge5_shuf,0.275,0,rand1_150,4966.0,0.0,0.0,6.6665,0.0,2.778,0.0,5.556,0.0,1855.3618774414062
malecns_ge5_shuf,0.275,0,rand2_40,47.333333333333336,0.0,0.0,0.0,0.0,0.0,0.0,0.0,0.0,101.95030212402344
malecns_ge5_shuf,0.275,0,rand2_80,291.3333333333333,0.0,0.0,0.0,0.0,0.0,0.0,0.0,0.0,523.5749053955078
malecns_ge5_shuf,0.275,0,rand2_150,1851.6666666666667,0.0,0.0,0.0,0.0,4.4445,0.0,8.889,0.0,1441.2496948242188
malecns_ge5_shuf,0.275,0,bitter150,2168.0,0.0,0.0,0.0,0.0,6.111,0.0,12.222,0.0,1603.6116027832031
malecns_ge5_shuf,0.275,0,sugar40_bitter,2970.0,0.0,0.0,0.0,0.0,6.111,0.0,12.222,0.1111,1837.786376953125
malecns_ge5_shuf,0.275,0,sugar80_bitter,3306.3333333333335,0.0,0.0,0.0,0.0,6.6665,0.0,13.333,0.2222,1723.4747314453125
malecns_ge5_shuf,0.275,0,sugar100_bitter,6531.0,0.0,0.0,0.0,0.0,3.889,0.0,7.778,0.4444,2070.3347778320312
malecns_ge5_shuf,0.275,0,loom,14516.666666666666,0.0,0.0,0.0,0.0,0.0,0.0,0.0,6.888800000000001,3147.457763671875
malecns_ge5_shuf,0.275,0,loomL,11794.666666666666,0.0,0.0,0.5555,0.0,0.0,0.0,0.0,3.4444000000000004,2907.7919921875
malecns_ge5_shuf,0.275,0,loomR,11832.333333333334,0.0,0.0,0.0,0.0,0.0,0.0,0.0,2.6667,2964.2566528320312
malecns_ge5_shuf,0.275,0,lc10L,11106.0,0.0,0.0,0.0,0.0,0.0,0.0,0.0,9.0,2804.8740234375
malecns_ge5_shuf,0.275,0,lc10R,12053.333333333334,0.0,0.0,0.0,0.0,0.0,0.0,0.0,3.3333,2857.3502197265625
malecns_ge5_shuf,0.275,0,head,12547.666666666666,0.0,0.0,0.0,0.0,0.5555,0.0,1.111,7.111,3082.5222778320312
malecns_ge5_shuf,0.275,3,sugar10,5.666666666666667,0.0,0.0,0.0,0.0,0.0,0.0,0.0,0.0,22.472700357437134
malecns_ge5_shuf,0.275,3,sugar20,11.0,0.0,0.0,0.0,0.0,0.0,0.0,0.0,0.0,24.676700115203857
malecns_ge5_shuf,0.275,3,sugar40,120.0,0.0,0.0,0.0,0.0,0.0,0.0,0.0,0.0,281.63800048828125
malecns_ge5_shuf,0.275,3,sugar60,168.0,0.0,0.0,0.0,0.0,0.0,0.0,0.0,0.0,374.3043975830078
malecns_ge5_shuf,0.275,3,sugar80,267.6666666666667,0.0,0.0,0.0,0.0,0.0,0.0,0.0,0.0,490.9917907714844
malecns_ge5_shuf,0.275,3,sugar100,376.3333333333333,0.0,0.0,0.0,0.0,0.0,0.0,0.0,0.0,666.7596893310547
malecns_ge5_shuf,0.275,3,sugar150,695.0,0.0,0.0,0.0,0.0,0.0,0.0,0.0,0.0,1048.3639221191406
malecns_ge5_shuf,0.275,3,rand0_40,117.0,0.0,0.0,0.0,0.0,0.0,0.0,0.0,0.0,155.9526023864746
malecns_ge5_shuf,0.275,3,rand0_80,511.0,0.0,0.0,0.5555,0.0,0.0,0.0,0.0,0.0,672.7370910644531
malecns_ge5_shuf,0.275,3,rand0_150,1072.6666666666667,0.0,0.0,0.0,0.0,1.6665,0.0,3.333,0.0,1215.00390625
malecns_ge5_shuf,0.275,3,rand1_40,124.66666666666667,0.0,0.0,3.3335,0.0,0.0,0.0,0.0,0.0,263.96209716796875
malecns_ge5_shuf,0.275,3,rand1_80,658.0,0.0,0.0,7.222,0.0,1.111,0.0,2.222,0.0,849.0708160400391
malecns_ge5_shuf,0.275,3,rand1_150,4293.666666666667,0.0,0.0,6.6665,0.0,2.222,0.0,4.444,0.0,1718.3593444824219
malecns_ge5_shuf,0.275,3,rand2_40,42.666666666666664,0.0,0.0,0.0,0.0,0.0,0.0,0.0,0.0,94.00930213928223
malecns_ge5_shuf,0.275,3,rand2_80,210.0,0.0,0.0,0.0,0.0,0.0,0.0,0.0,0.0,311.12999725341797
malecns_ge5_shuf,0.275,3,rand2_150,2021.3333333333333,0.0,0.0,0.0,0.0,3.3335,0.0,6.667,0.0,1382.1483154296875
malecns_ge5_shuf,0.275,3,bitter150,1940.6666666666667,0.0,0.0,0.0,0.0,5.5555,0.0,11.111,0.0,1454.4237060546875
malecns_ge5_shuf,0.275,3,sugar40_bitter,2991.0,0.0,0.0,0.0,0.0,6.6665,0.0,13.333,0.1111,1575.7973022460938
malecns_ge5_shuf,0.275,3,sugar80_bitter,3032.3333333333335,0.0,0.0,0.0,0.0,6.111,0.0,12.222,0.1111,1821.1031494140625
malecns_ge5_shuf,0.275,3,sugar100_bitter,5629.666666666667,0.0,0.0,0.0,0.0,3.889,0.0,7.778,0.33330000000000004,1985.3817138671875
malecns_ge5_shuf,0.275,3,loom,14481.0,0.0,0.0,0.0,0.0,0.0,0.0,0.0,6.999899999999999,3137.5192260742188
malecns_ge5_shuf,0.275,3,loomL,11579.333333333334,0.0,0.0,0.0,0.0,0.5555,0.0,1.111,3.4444000000000004,2901.2347412109375
malecns_ge5_shuf,0.275,3,loomR,11785.666666666666,0.0,0.0,0.0,0.0,0.0,0.0,0.0,3.0,2912.2625732421875
malecns_ge5_shuf,0.275,3,lc10L,11241.666666666666,0.0,0.0,0.0,0.5555,1.111,1.111,2.222,9.444399999999998,2881.1949462890625
malecns_ge5_shuf,0.275,3,lc10R,12284.333333333334,0.0,0.0,0.0,0.0,0.0,0.0,0.0,3.5555,3015.4578247070312
malecns_ge5_shuf,0.275,3,head,12412.0,0.0,0.0,0.0,0.0,1.111,0.0,2.222,8.555499999999999,3036.8984375
malecns_ge5_shuf,0.275,2,sugar10,6.0,0.0,0.0,0.0,0.0,0.0,0.0,0.0,0.0,23.91919994354248
malecns_ge5_shuf,0.275,2,sugar20,29.666666666666668,0.0,0.0,0.0,0.0,0.0,0.0,0.0,0.0,94.83519744873047
malecns_ge5_shuf,0.275,2,sugar40,123.66666666666667,0.0,0.0,0.0,0.0,0.0,0.0,0.0,0.0,269.8587951660156
malecns_ge5_shuf,0.275,2,sugar60,170.33333333333334,0.0,0.0,0.0,0.0,0.0,0.0,0.0,0.0,378.42820739746094
malecns_ge5_shuf,0.275,2,sugar80,317.3333333333333,0.0,0.0,0.0,0.0,0.0,0.0,0.0,0.0,569.5491027832031
malecns_ge5_shuf,0.275,2,sugar100,397.6666666666667,0.0,0.0,0.0,0.0,0.0,0.0,0.0,0.0,707.1650085449219
malecns_ge5_shuf,0.275,2,sugar150,827.3333333333334,0.0,0.0,0.0,0.0,0.5555,0.0,1.111,0.1111,1106.9500122070312
malecns_ge5_shuf,0.275,2,rand0_40,102.0,0.0,0.0,0.0,0.0,0.0,0.0,0.0,0.0,175.25659942626953
malecns_ge5_shuf,0.275,2,rand0_80,388.3333333333333,0.0,0.0,0.0,0.0,0.0,0.0,0.0,0.0,619.5321960449219
malecns_ge5_shuf,0.275,2,rand0_150,1096.3333333333333,0.0,0.0,0.0,0.0,0.0,0.0,0.0,0.4444,1309.1861877441406
malecns_ge5_shuf,0.275,2,rand1_40,97.66666666666667,0.0,0.0,1.111,0.0,0.0,0.0,0.0,0.0,197.36849975585938
malecns_ge5_shuf,0.275,2,rand1_80,893.6666666666666,0.0,0.0,10.0,0.0,1.6665,0.0,3.333,0.0,919.0647735595703
malecns_ge5_shuf,0.275,2,rand1_150,4176.333333333333,0.0,0.0,4.4445,0.0,0.5555,0.0,1.111,0.0,1705.195556640625
malecns_ge5_shuf,0.275,2,rand2_40,54.333333333333336,0.0,0.0,0.0,0.0,0.0,0.0,0.0,0.0,91.82089805603027
malecns_ge5_shuf,0.275,2,rand2_80,249.33333333333334,0.0,0.0,0.0,0.0,0.0,0.0,0.0,0.0,381.2623062133789
malecns_ge5_shuf,0.275,2,rand2_150,2286.3333333333335,0.0,0.0,0.0,0.0,1.111,0.0,2.222,0.0,1293.177490234375
malecns_ge5_shuf,0.275,2,bitter150,2107.3333333333335,0.0,0.0,0.0,0.0,2.222,0.0,4.444,0.0,1479.2666015625
malecns_ge5_shuf,0.275,2,sugar40_bitter,2594.6666666666665,0.0,0.0,0.0,0.0,1.6665,0.0,3.333,0.1111,1644.531005859375
malecns_ge5_shuf,0.275,2,sugar80_bitter,2752.3333333333335,0.0,0.0,0.0,0.0,2.778,0.0,5.556,0.2222,1631.4223022460938
malecns_ge5_shuf,0.275,2,sugar100_bitter,4450.0,0.0,0.0,0.0,0.0,1.6665,0.0,3.333,0.2222,1944.8668212890625
malecns_ge5_shuf,0.275,2,loom,14600.0,0.0,0.0,0.0,0.0,0.0,0.0,0.0,5.888800000000001,3074.5673217773438
malecns_ge5_shuf,0.275,2,loomL,11637.0,0.0,0.0,0.0,0.0,0.5555,0.0,1.111,2.6667,2963.5823974609375
malecns_ge5_shuf,0.275,2,loomR,12008.333333333334,0.0,0.0,0.0,0.0,0.0,0.0,0.0,2.7777000000000003,3093.2924194335938
malecns_ge5_shuf,0.275,2,lc10L,11298.333333333334,0.0,0.0,0.0,0.0,0.0,0.0,0.0,9.333300000000001,2901.234130859375
malecns_ge5_shuf,0.275,2,lc10R,12436.666666666666,0.0,0.0,0.0,0.0,0.0,0.0,0.0,3.2222,3031.4210205078125
malecns_ge5_shuf,0.275,2,head,12893.666666666666,0.0,0.0,1.6665,0.0,0.0,0.0,0.0,7.1111,3023.2424926757812
malecns_ge5_shuf,0.275,4,sugar10,2.3333333333333335,0.0,0.0,0.0,0.0,0.0,0.0,0.0,0.0,19.548399925231934
malecns_ge5_shuf,0.275,4,sugar20,19.666666666666668,0.0,0.0,0.0,0.0,0.0,0.0,0.0,0.0,70.68939876556396
malecns_ge5_shuf,0.275,4,sugar40,94.33333333333333,0.0,0.0,0.0,0.0,0.0,0.0,0.0,0.0,166.17410278320312
malecns_ge5_shuf,0.275,4,sugar60,150.33333333333334,0.0,0.0,0.0,0.0,0.0,0.0,0.0,0.0,363.8537902832031
malecns_ge5_shuf,0.275,4,sugar80,276.0,0.0,0.0,0.0,0.0,0.0,0.0,0.0,0.0,585.0342102050781
malecns_ge5_shuf,0.275,4,sugar100,408.6666666666667,0.0,0.0,0.0,0.0,0.0,0.0,0.0,0.0,741.2184906005859
malecns_ge5_shuf,0.275,4,sugar150,881.0,0.0,0.0,0.0,0.0,0.0,0.0,0.0,0.0,1136.723388671875
malecns_ge5_shuf,0.275,4,rand0_40,124.66666666666667,0.0,0.0,0.0,0.0,0.0,0.0,0.0,0.0,199.33419799804688
malecns_ge5_shuf,0.275,4,rand0_80,328.6666666666667,0.0,0.0,0.0,0.0,0.0,0.0,0.0,0.0,584.9577026367188
malecns_ge5_shuf,0.275,4,rand0_150,1326.0,0.0,0.0,0.0,0.0,0.0,0.0,0.0,0.0,1312.2090148925781
malecns_ge5_shuf,0.275,4,rand1_40,154.33333333333334,0.0,0.0,1.111,0.0,0.0,0.0,0.0,0.0,288.5425033569336
malecns_ge5_shuf,0.275,4,rand1_80,640.0,0.0,0.0,7.222,0.0,0.0,0.0,0.0,0.0,913.9581909179688
malecns_ge5_shuf,0.275,4,rand1_150,3811.3333333333335,0.0,0.0,3.889,0.0,0.5555,0.0,1.111,0.0,1665.2563171386719
malecns_ge5_shuf,0.275,4,rand2_40,52.0,0.0,0.0,0.0,0.0,0.0,0.0,0.0,0.0,74.97490119934082
malecns_ge5_shuf,0.275,4,rand2_80,261.0,0.0,0.0,0.0,0.0,0.0,0.0,0.0,0.0,412.00970458984375
malecns_ge5_shuf,0.275,4,rand2_150,1204.0,0.0,0.0,0.0,0.0,0.5555,0.0,1.111,0.0,1154.95849609375
malecns_ge5_shuf,0.275,4,bitter150,1831.6666666666667,0.0,0.0,0.0,0.0,0.0,0.0,0.0,0.0,1387.3576965332031
malecns_ge5_shuf,0.275,4,sugar40_bitter,2480.3333333333335,0.0,0.0,0.0,0.0,0.0,0.0,0.0,0.1111,1690.8397827148438
malecns_ge5_shuf,0.275,4,sugar80_bitter,2400.0,0.0,0.0,0.0,0.0,0.0,0.0,0.0,0.2222,1647.818603515625
malecns_ge5_shuf,0.275,4,sugar100_bitter,6593.0,0.0,0.0,0.0,0.0,0.5555,0.0,1.111,0.5556,2061.420166015625
malecns_ge5_shuf,0.275,4,loom,14600.333333333334,0.0,0.0,0.0,0.0,0.5555,0.0,1.111,6.333399999999999,3360.55517578125
malecns_ge5_shuf,0.275,4,loomL,11855.0,0.0,0.0,0.0,0.0,0.5555,0.0,1.111,3.6667,2920.1011962890625
malecns_ge5_shuf,0.275,4,loomR,11876.666666666666,0.0,0.0,0.0,0.0,0.0,0.0,0.0,2.6666,2992.22900390625
malecns_ge5_shuf,0.275,4,lc10L,11580.333333333334,0.0,0.0,0.0,0.5555,0.0,1.111,0.0,9.222199999999999,2833.50244140625
malecns_ge5_shuf,0.275,4,lc10R,12184.666666666666,0.0,0.0,0.0,0.0,0.0,0.0,0.0,3.2222,2957.4196166992188
malecns_ge5_shuf,0.275,4,head,12801.0,0.0,0.0,0.5555,0.0,0.0,0.0,0.0,7.222199999999999,2933.772705078125
malecns_ge5_shuf,0.275,5,sugar10,2.3333333333333335,0.0,0.0,0.0,0.0,0.0,0.0,0.0,0.0,15.343700170516968
malecns_ge5_shuf,0.275,5,sugar20,29.0,0.0,0.0,0.0,0.0,0.0,0.0,0.0,0.0,80.73460006713867
malecns_ge5_shuf,0.275,5,sugar40,91.33333333333333,0.0,0.0,0.0,0.0,0.0,0.0,0.0,0.0,200.61580657958984
malecns_ge5_shuf,0.275,5,sugar60,170.66666666666666,0.0,0.0,0.0,0.0,0.0,0.0,0.0,0.0,356.4427032470703
malecns_ge5_shuf,0.275,5,sugar80,294.3333333333333,0.0,0.0,0.0,0.0,0.0,0.0,0.0,0.0,562.1070098876953
malecns_ge5_shuf,0.275,5,sugar100,373.0,0.0,0.0,0.0,0.0,0.0,0.0,0.0,0.0,738.8529968261719
malecns_ge5_shuf,0.275,5,sugar150,822.6666666666666,0.0,0.0,0.0,0.0,0.0,0.0,0.0,0.0,1065.9859924316406
malecns_ge5_shuf,0.275,5,rand0_40,121.33333333333333,0.0,0.0,0.0,0.0,0.0,0.0,0.0,0.0,145.3546028137207
malecns_ge5_shuf,0.275,5,rand0_80,387.3333333333333,0.0,0.0,0.5555,0.0,0.0,0.0,0.0,0.0,594.5738067626953
malecns_ge5_shuf,0.275,5,rand0_150,1990.6666666666667,0.0,0.0,0.0,0.0,1.6665,0.0,3.333,0.1111,1379.8426208496094
malecns_ge5_shuf,0.275,5,rand1_40,98.33333333333333,0.0,0.0,1.6665,0.0,0.0,0.0,0.0,0.0,198.25370025634766
malecns_ge5_shuf,0.275,5,rand1_80,533.6666666666666,0.0,0.0,9.4445,0.0,0.0,0.0,0.0,0.0,727.0274047851562
malecns_ge5_shuf,0.275,5,rand1_150,5821.0,0.0,0.0,8.3335,0.0,3.3335,0.0,6.667,0.1111,1809.5476989746094
malecns_ge5_shuf,0.275,5,rand2_40,52.333333333333336,0.0,0.0,0.0,0.0,0.0,0.0,0.0,0.0,96.64430046081543
malecns_ge5_shuf,0.275,5,rand2_80,255.66666666666666,0.0,0.0,0.0,0.0,0.0,0.0,0.0,0.0,291.80580139160156
malecns_ge5_shuf,0.275,5,rand2_150,1885.0,0.0,0.0,0.0,0.0,1.6665,0.0,3.333,0.0,1275.2974853515625
malecns_ge5_shuf,0.275,5,bitter150,4585.333333333333,0.0,0.0,0.0,0.0,7.222,0.0,14.444,0.1111,1932.4406127929688
malecns_ge5_shuf,0.275,5,sugar40_bitter,3091.6666666666665,0.0,0.0,0.0,0.0,7.778,0.0,15.556,0.5556,1650.3340148925781
malecns_ge5_shuf,0.275,5,sugar80_bitter,5980.333333333333,0.0,0.0,0.0,0.0,4.4445,0.0,8.889,0.33330000000000004,1903.0386962890625
malecns_ge5_shuf,0.275,5,sugar100_bitter,9012.666666666666,0.0,0.0,0.0,0.0,1.111,0.0,2.222,0.8888999999999999,2264.6659545898438
malecns_ge5_shuf,0.275,5,loom,14891.333333333334,0.0,0.0,0.0,0.0,0.0,0.0,0.0,7.555499999999999,3189.0208740234375
malecns_ge5_shuf,0.275,5,loomL,12088.666666666666,0.0,0.0,0.0,0.0,1.111,0.0,2.222,4.1111,2875.5232543945312
malecns_ge5_shuf,0.275,5,loomR,12069.0,0.0,0.0,0.0,0.0,0.0,0.0,0.0,2.8889,2967.6094360351562
malecns_ge5_shuf,0.275,5,lc10L,11666.0,0.0,0.0,0.0,0.0,0.0,0.0,0.0,9.888900000000001,2899.3452758789062
malecns_ge5_shuf,0.275,5,lc10R,12603.333333333334,0.0,0.0,0.0,0.0,0.0,0.0,0.0,3.999999999999999,2922.81396484375
malecns_ge5_shuf,0.275,5,head,13078.666666666666,0.0,0.0,2.222,0.0,0.0,0.0,0.0,10.1111,2735.2803344726562
malecns_ge5,0.275,0,sugar10,4611.333333333333,1.111,0.0,0.0,0.5555,0.5555,1.111,1.111,0.5555,459.6273002624512
malecns_ge5,0.275,0,sugar20,15843.666666666666,31.111,1.111,0.0,3.889,0.5555,7.778,1.111,7.0,2010.5353088378906
malecns_ge5,0.275,0,sugar40,10793.666666666666,192.222,42.222,0.0,2.778,0.5555,5.556,1.111,1.8888000000000003,2273.2618408203125
malecns_ge5,0.275,0,sugar60,13718.333333333334,203.333,36.667,0.0,2.778,1.111,5.556,1.111,4.0,2384.9822998046875
malecns_ge5,0.275,0,sugar80,16207.333333333334,197.778,35.556,0.0,11.6665,0.0,23.333,0.0,3.8889000000000005,2611.2625732421875
malecns_ge5,0.275,0,sugar100,16231.0,192.222,31.111,0.0,10.0,0.0,20.0,0.0,3.5555,2484.312255859375
malecns_ge5,0.275,0,sugar150,16005.333333333334,252.222,45.556,0.0,17.778,0.0,35.556,0.0,1.2223,2645.2463989257812
malecns_ge5,0.275,0,rand0_40,16087.333333333334,14.444,0.0,0.0,7.222,0.5555,14.444,1.111,19.4443,2558.319091796875
malecns_ge5,0.275,0,rand0_80,16226.666666666666,17.778,0.0,0.0,8.3335,0.5555,16.667,1.111,18.444499999999998,2752.7409057617188
malecns_ge5,0.275,0,rand0_150,16432.666666666668,11.111,0.0,0.0,6.6665,1.111,13.333,1.111,19.2222,2816.268798828125
malecns_ge5,0.275,0,rand1_40,16120.0,21.111,0.0,0.0,6.111,3.333,12.222,4.444,21.1111,2699.5155029296875
malecns_ge5,0.275,0,rand1_80,16114.333333333334,21.111,0.0,0.0,6.6665,2.222,13.333,4.444,22.3333,2645.24755859375
malecns_ge5,0.275,0,rand1_150,16255.333333333334,15.556,0.0,0.0,3.3335,3.3335,6.667,5.556,19.2222,2563.9470825195312
malecns_ge5,0.275,0,rand2_40,16232.0,3.333,0.0,2.222,5.0,0.5555,8.889,0.0,14.777899999999999,2172.9940795898438
malecns_ge5,0.275,0,rand2_80,15950.0,8.889,0.0,1.111,5.5555,0.5555,11.111,0.0,17.6666,2520.7306518554688
malecns_ge5,0.275,0,rand2_150,16252.666666666666,0.0,0.0,0.5555,8.3335,0.5555,16.667,1.111,17.444499999999998,2623.4027709960938
malecns_ge5,0.275,0,bitter150,16228.333333333334,13.333,0.0,1.6665,5.0,0.0,10.0,0.0,12.888900000000001,2489.8212280273438
malecns_ge5,0.275,0,sugar40_bitter,16029.333333333334,22.222,0.0,0.0,7.778,0.0,15.556,0.0,11.7778,2475.090576171875
malecns_ge5,0.275,0,sugar80_bitter,15921.333333333334,20.0,0.0,0.0,6.111,0.5555,12.222,1.111,9.111,2425.5880737304688
malecns_ge5,0.275,0,sugar100_bitter,15936.0,26.667,0.0,0.0,4.4445,0.0,8.889,0.0,11.4445,2487.6998901367188
malecns_ge5,0.275,0,loom,17699.0,0.0,0.0,410.0,3.3335,1.6665,6.667,0.0,0.0,2680.526611328125
malecns_ge5,0.275,0,loomL,17097.0,0.0,0.0,227.778,10.0,2.222,20.0,0.0,2.6667,2505.5128784179688
malecns_ge5,0.275,0,loomR,16992.333333333332,0.0,0.0,246.66649999999998,5.0,0.0,6.667,0.0,0.4444,2425.177978515625
malecns_ge5,0.275,0,lc10L,16930.666666666668,0.0,0.0,0.0,72.7775,0.0,142.222,0.0,10.888900000000001,2480.2194213867188
malecns_ge5,0.275,0,lc10R,17019.333333333332,8.889,0.0,0.0,0.0,56.111,0.0,108.889,10.0,2250.8236694335938
malecns_ge5,0.275,0,head,17827.666666666668,0.0,0.0,0.0,0.0,0.0,0.0,0.0,182.4445,2646.0431518554688
malecns_ge5,0.275,1,sugar10,15847.666666666666,15.556,0.0,0.0,4.4445,0.0,7.778,0.0,8.555499999999999,1750.9757080078125
malecns_ge5,0.275,1,sugar20,16041.666666666666,85.556,7.778,0.0,5.5555,0.0,10.0,0.0,10.1111,2084.3017578125
malecns_ge5,0.275,1,sugar40,16267.666666666666,203.333,43.333,0.0,7.778,0.5555,15.556,1.111,3.7777000000000003,2407.8466796875
malecns_ge5,0.275,1,sugar60,16454.666666666668,182.222,38.889,0.0,13.889,0.0,27.778,0.0,6.5555,2442.4979248046875
malecns_ge5,0.275,1,sugar80,16167.333333333334,210.0,35.556,0.0,15.0,0.0,30.0,0.0,4.4444,2528.1045532226562
malecns_ge5,0.275,1,sugar100,16155.0,204.444,37.778,0.0,15.0,0.0,30.0,0.0,4.333399999999999,2588.7516479492188
malecns_ge5,0.275,1,sugar150,16312.666666666666,262.222,55.556,0.0,17.778,0.0,35.556,0.0,1.0,2620.6077880859375
malecns_ge5,0.275,1,rand0_40,16227.333333333334,20.0,0.0,0.0,11.111,1.6665,22.222,3.333,19.1111,2654.4385986328125
malecns_ge5,0.275,1,rand0_80,16052.0,16.667,0.0,0.0,10.5555,0.0,21.111,0.0,20.0,2685.9242553710938
malecns_ge5,0.275,1,rand0_150,16407.666666666668,12.222,0.0,0.0,12.778,0.5555,25.556,1.111,21.2222,2809.206298828125
malecns_ge5,0.275,1,rand1_40,16012.333333333334,21.111,0.0,0.0,12.778,0.0,25.556,0.0,19.888799999999996,2723.8488159179688
malecns_ge5,0.275,1,rand1_80,16105.0,18.889,0.0,0.0,13.889,1.111,27.778,2.222,22.555600000000002,2607.3267822265625
malecns_ge5,0.275,1,rand1_150,16295.333333333334,20.0,0.0,0.0,10.5555,1.111,20.0,2.222,20.111,2687.2096557617188
malecns_ge5,0.275,1,rand2_40,16516.666666666668,14.444,0.0,1.6665,8.333,1.111,14.444,1.111,16.6667,2317.8826904296875
malecns_ge5,0.275,1,rand2_80,16512.0,11.111,0.0,0.5555,10.0,0.5555,17.778,1.111,15.3333,2474.3566284179688
malecns_ge5,0.275,1,rand2_150,16383.333333333334,4.444,0.0,2.222,7.777500000000001,0.5555,14.444,0.0,15.0,2561.3638916015625
malecns_ge5,0.275,1,bitter150,16335.0,16.667,0.0,0.5555,4.4445,0.0,8.889,0.0,11.777800000000001,2442.91064453125
malecns_ge5,0.275,1,sugar40_bitter,16180.333333333334,30.0,0.0,0.5555,8.3335,0.5555,16.667,1.111,13.0,2527.3275756835938
malecns_ge5,0.275,1,sugar80_bitter,15988.0,24.444,0.0,0.0,8.889,0.0,17.778,0.0,9.7778,2472.9235229492188
malecns_ge5,0.275,1,sugar100_bitter,16187.666666666666,27.778,0.0,0.0,10.5555,0.0,21.111,0.0,10.777700000000001,2445.6121215820312
malecns_ge5,0.275,1,loom,17682.333333333332,0.0,0.0,406.6665,8.889000000000001,1.111,16.667,0.0,0.0,2711.4883422851562
malecns_ge5,0.275,1,loomL,17100.0,0.0,0.0,223.88850000000002,12.778,3.3335,25.556,0.0,3.1111,2568.59912109375
malecns_ge5,0.275,1,loomR,17245.666666666668,0.0,0.0,237.7775,7.222,0.0,11.111,0.0,0.7777999999999999,2402.1821899414062
malecns_ge5,0.275,1,lc10L,16978.666666666668,3.333,0.0,0.0,81.111,0.0,158.889,0.0,14.3333,2314.2352905273438
malecns_ge5,0.275,1,lc10R,17075.666666666668,5.556,0.0,0.0,0.0,56.111000000000004,0.0,107.778,12.0,2361.9068603515625
malecns_ge5,0.275,1,head,18039.333333333332,0.0,0.0,0.0,0.0,0.0,0.0,0.0,181.4444,2487.7778930664062
malecns_ge5,0.275,3,sugar10,13482.0,74.444,14.444,0.0,1.111,1.111,2.222,1.111,6.0,2153.5982666015625
malecns_ge5,0.275,3,sugar20,9170.666666666666,77.778,13.333,0.0,1.111,1.111,2.222,1.111,1.5554999999999999,1352.1772003173828
malecns_ge5,0.275,3,sugar40,10586.333333333334,214.444,46.667,0.0,1.6665,0.0,3.333,0.0,2.1110999999999995,2181.9200439453125
malecns_ge5,0.275,3,sugar60,16240.333333333334,200.0,38.889,0.0,7.778,0.0,15.556,0.0,5.1112,2442.8958740234375
malecns_ge5,0.275,3,sugar80,16326.333333333334,200.0,33.333,0.0,11.111,0.0,22.222,0.0,5.777799999999999,2518.5748291015625
malecns_ge5,0.275,3,sugar100,16232.666666666666,230.0,37.778,0.0,11.111,0.5555,22.222,0.0,5.222199999999999,2557.5620727539062
malecns_ge5,0.275,3,sugar150,15970.0,251.111,52.222,0.0,13.3335,0.0,26.667,0.0,1.0,2661.7080688476562
malecns_ge5,0.275,3,rand0_40,15983.666666666666,16.667,0.0,0.0,6.111,1.6665,12.222,3.333,21.222199999999997,2661.2907104492188
malecns_ge5,0.275,3,rand0_80,16135.333333333334,5.556,0.0,1.111,9.4445,0.5555,17.778,1.111,19.2223,2680.7906494140625
malecns_ge5,0.275,3,rand0_150,16355.0,16.667,0.0,0.0,5.5555,0.0,11.111,0.0,19.6666,2836.25390625
malecns_ge5,0.275,3,rand1_40,16067.0,15.556,0.0,0.0,7.778,2.7775,15.556,4.444,19.4444,2527.8738403320312
malecns_ge5,0.275,3,rand1_80,16237.0,15.556,0.0,0.0,4.4445,2.222,8.889,4.444,18.1112,2549.519287109375
malecns_ge5,0.275,3,rand1_150,16324.333333333334,17.778,0.0,0.0,5.0,2.222,10.0,4.444,16.3333,2658.3256225585938
malecns_ge5,0.275,3,rand2_40,15727.0,8.889,0.0,1.111,4.4445,0.0,7.778,0.0,11.5555,1867.2651062011719
malecns_ge5,0.275,3,rand2_80,15864.666666666666,8.889,0.0,0.5555,1.6665,0.0,2.222,0.0,17.7778,2427.188232421875
malecns_ge5,0.275,3,rand2_150,16436.666666666668,2.222,0.0,2.222,5.5555,0.0,10.0,0.0,15.7778,2569.5922241210938
malecns_ge5,0.275,3,bitter150,16372.333333333334,17.778,0.0,2.222,8.889,1.6665,17.778,3.333,14.4445,2422.9133911132812
malecns_ge5,0.275,3,sugar40_bitter,16146.333333333334,12.222,0.0,1.111,6.6665,0.5555,13.333,1.111,12.7777,2493.393798828125
malecns_ge5,0.275,3,sugar80_bitter,15859.0,20.0,0.0,0.0,4.4445,0.5555,8.889,1.111,13.111099999999999,2389.7718505859375
malecns_ge5,0.275,3,sugar100_bitter,15872.333333333334,17.778,0.0,0.0,10.0,0.5555,20.0,1.111,10.888900000000001,2467.79638671875
malecns_ge5,0.275,3,loom,17583.333333333332,0.0,0.0,410.0,1.6665,1.6665,3.333,0.0,0.0,2670.3379516601562
malecns_ge5,0.275,3,loomL,17087.333333333332,0.0,0.0,223.33300000000003,9.4445,1.6665,18.889,0.0,3.0,2502.2885131835938
malecns_ge5,0.275,3,loomR,17046.0,0.0,0.0,242.77800000000002,5.5555,0.0,7.778,0.0,1.2222,2278.9036254882812
malecns_ge5,0.275,3,lc10L,16962.333333333332,2.222,0.0,0.0,78.8885,0.0,154.444,0.0,11.2222,2270.2031860351562
malecns_ge5,0.275,3,lc10R,16970.666666666668,6.667,0.0,0.0,0.0,54.444,0.0,104.444,11.1111,2405.3831787109375
malecns_ge5,0.275,3,head,18187.666666666668,50.0,0.0,0.0,0.0,0.0,0.0,0.0,181.00010000000003,2402.472412109375
malecns_ge5,0.275,2,sugar10,12546.666666666666,14.444,0.0,0.0,1.6665,0.0,3.333,0.0,7.6667000000000005,1680.2898559570312
malecns_ge5,0.275,2,sugar20,16617.666666666668,44.444,6.667,0.0,4.4445,1.111,8.889,2.222,10.777800000000001,2225.4608154296875
malecns_ge5,0.275,2,sugar40,13436.333333333334,201.111,48.889,0.0,6.111,0.0,12.222,0.0,4.0,2292.856689453125
malecns_ge5,0.275,2,sugar60,16230.333333333334,185.556,41.111,0.0,9.4445,0.0,18.889,0.0,4.0,2560.7927856445312
malecns_ge5,0.275,2,sugar80,16324.333333333334,212.222,44.444,0.0,15.5555,0.0,31.111,0.0,3.5555999999999996,2526.4368896484375
malecns_ge5,0.275,2,sugar100,16399.666666666668,215.556,44.444,0.0,10.0,0.0,20.0,0.0,3.2222,2606.4017944335938
malecns_ge5,0.275,2,sugar150,16301.0,254.444,55.556,0.0,15.5555,0.0,31.111,0.0,1.0,2687.6376953125
malecns_ge5,0.275,2,rand0_40,16282.333333333334,15.556,0.0,0.0,8.3335,1.6665,16.667,2.222,17.6666,2641.742919921875
malecns_ge5,0.275,2,rand0_80,16245.666666666666,16.667,0.0,0.0,8.3335,1.111,16.667,2.222,20.3333,2701.0145263671875
malecns_ge5,0.275,2,rand0_150,16463.666666666668,12.222,0.0,0.5555,6.6665,2.222,13.333,3.333,16.555600000000002,2787.25439453125
malecns_ge5,0.275,2,rand1_40,16213.333333333334,18.889,0.0,0.0,7.778,2.222,15.556,4.444,19.777800000000003,2655.9699096679688
malecns_ge5,0.275,2,rand1_80,16504.666666666668,14.444,0.0,0.0,5.5555,1.111,11.111,2.222,18.1111,2594.5858764648438
malecns_ge5,0.275,2,rand1_150,16402.666666666668,17.778,0.0,0.0,7.222,1.111,13.333,2.222,17.7778,2703.6676635742188
malecns_ge5,0.275,2,rand2_40,16069.666666666666,14.444,0.0,0.5555,5.5555,1.111,11.111,2.222,18.0,2414.09375
malecns_ge5,0.275,2,rand2_80,16207.333333333334,7.778,0.0,2.222,12.7775,0.5555,23.333,1.111,18.8889,2591.9791870117188
malecns_ge5,0.275,2,rand2_150,16559.666666666668,4.444,0.0,1.6665,10.0,0.0,16.667,0.0,15.6667,2642.1879272460938
malecns_ge5,0.275,2,bitter150,16398.0,87.778,0.0,1.111,2.778,0.0,5.556,0.0,8.333400000000001,2434.9640502929688
malecns_ge5,0.275,2,sugar40_bitter,16140.0,18.889,0.0,0.0,4.4445,0.0,8.889,0.0,11.0,2527.1405639648438
malecns_ge5,0.275,2,sugar80_bitter,16033.333333333334,22.222,0.0,0.0,4.4445,0.0,8.889,0.0,9.222199999999999,2511.2359619140625
malecns_ge5,0.275,2,sugar100_bitter,15967.666666666666,22.222,0.0,0.0,6.111,0.5555,12.222,1.111,9.111099999999999,2558.98583984375
malecns_ge5,0.275,2,loom,17590.333333333332,0.0,0.0,408.889,6.111,1.111,12.222,0.0,0.0,2809.5831909179688
malecns_ge5,0.275,2,loomL,17218.0,0.0,0.0,222.778,14.4445,2.778,28.889,0.0,2.2222,2473.093994140625
malecns_ge5,0.275,2,loomR,17033.666666666668,0.0,0.0,230.0,7.222,0.0,11.111,0.0,0.2222,2260.0693969726562
malecns_ge5,0.275,2,lc10L,17035.0,0.0,0.0,0.0,75.5555,0.0,147.778,0.0,11.666599999999999,2449.0025634765625
malecns_ge5,0.275,2,lc10R,17134.666666666668,3.333,0.0,0.0,0.0,57.777499999999996,0.0,112.222,9.7778,2304.8837890625
malecns_ge5,0.275,2,head,18146.333333333332,108.889,0.0,0.0,0.5555,0.0,1.111,0.0,177.111,2371.732666015625
malecns_ge5,0.275,4,sugar10,6136.333333333333,6.667,0.0,0.0,0.0,2.222,0.0,4.444,2.4444000000000004,657.3059978485107
malecns_ge5,0.275,4,sugar20,16031.333333333334,72.222,5.556,0.0,2.222,0.0,4.444,0.0,9.1111,1973.6519165039062
malecns_ge5,0.275,4,sugar40,13439.0,122.222,27.778,0.0,3.3335,0.0,6.667,0.0,3.6666000000000003,2218.1860961914062
malecns_ge5,0.275,4,sugar60,16380.333333333334,154.444,31.111,0.0,9.4445,0.0,18.889,0.0,4.3332999999999995,2415.7832641601562
malecns_ge5,0.275,4,sugar80,16077.666666666666,147.778,25.556,0.0,14.4445,0.0,28.889,0.0,4.1110999999999995,2613.5029907226562
malecns_ge5,0.275,4,sugar100,16171.0,150.0,25.556,0.0,8.889,0.0,17.778,0.0,3.5555999999999996,2584.5159912109375
malecns_ge5,0.275,4,sugar150,16148.333333333334,238.889,42.222,0.0,11.6665,0.0,23.333,0.0,0.6667,2610.3555297851562
malecns_ge5,0.275,4,rand0_40,16153.666666666666,14.444,0.0,0.0,5.0,1.6665,10.0,3.333,21.555500000000002,2766.5816650390625
malecns_ge5,0.275,4,rand0_80,16347.0,10.0,0.0,0.0,3.3335,2.7775,6.667,4.444,19.0,2633.1539306640625
malecns_ge5,0.275,4,rand0_150,16525.666666666668,13.333,0.0,0.0,7.778,0.0,15.556,0.0,19.3333,2756.2503051757812
malecns_ge5,0.275,4,rand1_40,16061.333333333334,14.444,0.0,0.0,8.3335,1.111,16.667,2.222,18.1111,2521.4412231445312
malecns_ge5,0.275,4,rand1_80,16134.333333333334,15.556,0.0,0.0,7.222,1.111,14.444,2.222,20.3333,2587.3161010742188
malecns_ge5,0.275,4,rand1_150,16209.0,16.667,0.0,0.0,7.222,2.778,14.444,5.556,19.4444,2607.78759765625
malecns_ge5,0.275,4,rand2_40,16033.333333333334,6.667,0.0,1.6665,2.222,0.5555,3.333,1.111,16.0001,2190.6480102539062
malecns_ge5,0.275,4,rand2_80,15927.666666666666,6.667,0.0,1.111,7.222,0.0,13.333,0.0,15.0,2300.8427124023438
malecns_ge5,0.275,4,rand2_150,16093.666666666666,2.222,0.0,0.5555,6.6665,0.5555,12.222,1.111,18.1111,2645.2576904296875
malecns_ge5,0.275,4,bitter150,16091.333333333334,23.333,0.0,1.111,3.889,0.5555,7.778,1.111,14.777800000000003,2484.9328002929688
malecns_ge5,0.275,4,sugar40_bitter,16113.333333333334,23.333,0.0,0.0,5.5555,0.0,11.111,0.0,13.333400000000001,2473.7001953125
malecns_ge5,0.275,4,sugar80_bitter,16007.666666666666,14.444,0.0,0.0,6.6665,0.0,13.333,0.0,10.777800000000001,2459.3203735351562
malecns_ge5,0.275,4,sugar100_bitter,15734.333333333334,16.667,0.0,0.0,2.778,0.0,5.556,0.0,10.1111,2455.7267456054688
malecns_ge5,0.275,4,loom,17672.666666666668,0.0,0.0,406.111,5.0,1.6665,10.0,0.0,0.0,2610.6770629882812
malecns_ge5,0.275,4,loomL,17012.666666666668,0.0,0.0,225.0,11.6665,2.222,23.333,0.0,3.2222,2417.612548828125
malecns_ge5,0.275,4,loomR,16992.666666666668,0.0,0.0,241.6665,6.6665,0.0,11.111,0.0,0.6667,2099.5326538085938
malecns_ge5,0.275,4,lc10L,16702.333333333332,0.0,0.0,0.0,82.222,0.0,161.111,0.0,12.222199999999999,2442.8068237304688
malecns_ge5,0.275,4,lc10R,17059.333333333332,2.222,0.0,0.0,0.0,57.222,0.0,111.111,10.222199999999999,2243.3156127929688
malecns_ge5,0.275,4,head,18221.666666666668,101.111,0.0,0.0,0.0,0.0,0.0,0.0,169.7778,2071.9696655273438
malecns_ge5,0.275,5,sugar10,16175.0,15.556,0.0,0.0,1.6665,0.0,3.333,0.0,6.6667000000000005,1654.4983215332031
malecns_ge5,0.275,5,sugar20,10375.0,82.222,10.0,0.0,0.0,0.0,0.0,0.0,4.0,2050.1874389648438
malecns_ge5,0.275,5,sugar40,13614.666666666666,176.667,36.667,0.0,2.778,0.0,5.556,0.0,4.5556,2208.3950805664062
malecns_ge5,0.275,5,sugar60,13495.666666666666,213.333,37.778,0.0,2.222,0.0,4.444,0.0,5.6666,2356.349609375
malecns_ge5,0.275,5,sugar80,16513.666666666668,187.778,31.111,0.0,7.222,0.0,14.444,0.0,3.333299999999999,2544.4262084960938
malecns_ge5,0.275,5,sugar100,16271.333333333334,203.333,32.222,0.0,7.778,0.0,15.556,0.0,3.5555,2615.4381713867188
malecns_ge5,0.275,5,sugar150,16198.333333333334,240.0,41.111,0.0,6.6665,0.0,13.333,0.0,1.2222,2561.250244140625
malecns_ge5,0.275,5,rand0_40,16244.666666666666,16.667,0.0,0.0,8.3335,2.222,16.667,2.222,20.6666,2671.868408203125
malecns_ge5,0.275,5,rand0_80,16291.666666666666,17.778,0.0,0.0,6.111,0.0,12.222,0.0,21.1111,2665.4995727539062
malecns_ge5,0.275,5,rand0_150,16477.333333333332,13.333,0.0,0.0,3.3335,1.6665,6.667,1.111,18.444499999999998,2710.0239868164062
malecns_ge5,0.275,5,rand1_40,16208.333333333334,16.667,0.0,0.0,2.778,2.222,5.556,4.444,19.3333,2390.616455078125
malecns_ge5,0.275,5,rand1_80,16475.666666666668,15.556,0.0,0.0,2.778,2.778,5.556,5.556,21.110999999999997,2565.6873779296875
malecns_ge5,0.275,5,rand1_150,16320.666666666666,15.556,0.0,0.0,6.111,2.222,12.222,4.444,19.8889,2625.692626953125
malecns_ge5,0.275,5,rand2_40,16051.333333333334,7.778,0.0,0.5555,5.0,1.111,10.0,0.0,13.7777,2146.55419921875
malecns_ge5,0.275,5,rand2_80,16346.666666666666,2.222,0.0,1.6665,2.778,0.0,5.556,0.0,15.111099999999999,2533.254638671875
malecns_ge5,0.275,5,rand2_150,16271.666666666666,4.444,0.0,0.0,2.778,0.0,5.556,0.0,15.888900000000001,2650.637939453125
malecns_ge5,0.275,5,bitter150,16308.333333333334,80.0,0.0,0.5555,2.778,0.0,5.556,0.0,9.222199999999999,2416.5570068359375
malecns_ge5,0.275,5,sugar40_bitter,16126.333333333334,27.778,0.0,0.5555,1.6665,0.5555,3.333,1.111,11.4444,2467.7387084960938
malecns_ge5,0.275,5,sugar80_bitter,16062.0,23.333,0.0,0.0,2.778,0.0,5.556,0.0,12.0001,2450.951171875
malecns_ge5,0.275,5,sugar100_bitter,16018.0,26.667,0.0,0.0,1.111,0.5555,2.222,1.111,8.888900000000001,2455.1320190429688
malecns_ge5,0.275,5,loom,17660.333333333332,0.0,0.0,411.1115,2.222,1.111,4.444,0.0,0.0,2585.99462890625
malecns_ge5,0.275,5,loomL,17116.666666666668,0.0,0.0,228.88899999999998,6.6665,2.778,13.333,0.0,2.6667,2224.019775390625
malecns_ge5,0.275,5,loomR,17098.333333333332,0.0,0.0,252.22199999999998,2.7775,0.0,2.222,0.0,1.0,2217.1717529296875
malecns_ge5,0.275,5,lc10L,16878.333333333332,0.0,0.0,0.0,67.222,0.0,131.111,0.0,11.111099999999999,2221.8722534179688
malecns_ge5,0.275,5,lc10R,17140.0,4.444,0.0,0.0,0.0,53.888999999999996,0.0,102.222,11.0,2314.4326171875
malecns_ge5,0.275,5,head,18132.666666666668,53.333,0.0,0.0,0.0,0.0,0.0,0.0,185.1111,1465.6387634277344
