graph,w,mode,frac,mask,fly,n_removed,syn_lost,eat,bitter,bitter_left_hz,escape,escape_latency_ms,turn_away,turn_wrong_side,turn_to,head,active_eat,eat:MN9_L,eat:MN9_R,eat:DNp01_L,eat:DNp01_R,eat:DNa01_L,eat:DNa01_R,eat:DNa02_L,eat:DNa02_R,eat:DNg15_L,eat:DNg15_R,eat:DNg35_L,eat:DNg35_R,eat:DNg84_L,eat:DNg84_R,eat:DNg85_L,eat:DNg85_R,eat:DNg48_L,eat:DNg48_R,active_eat_bitter,eat_bitter:MN9_L,eat_bitter:MN9_R,eat_bitter:DNp01_L,eat_bitter:DNp01_R,eat_bitter:DNa01_L,eat_bitter:DNa01_R,eat_bitter:DNa02_L,eat_bitter:DNa02_R,eat_bitter:DNg15_L,eat_bitter:DNg15_R,eat_bitter:DNg35_L,eat_bitter:DNg35_R,eat_bitter:DNg84_L,eat_bitter:DNg84_R,eat_bitter:DNg85_L,eat_bitter:DNg85_R,eat_bitter:DNg48_L,eat_bitter:DNg48_R,active_loom,loom:MN9_L,loom:MN9_R,loom:DNp01_L,loom:DNp01_R,loom:DNa01_L,loom:DNa01_R,loom:DNa02_L,loom:DNa02_R,loom:DNg15_L,loom:DNg15_R,loom:DNg35_L,loom:DNg35_R,loom:DNg84_L,loom:DNg84_R,loom:DNg85_L,loom:DNg85_R,loom:DNg48_L,loom:DNg48_R,active_loomL,loomL:MN9_L,loomL:MN9_R,loomL:DNp01_L,loomL:DNp01_R,loomL:DNa01_L,loomL:DNa01_R,loomL:DNa02_L,loomL:DNa02_R,loomL:DNg15_L,loomL:DNg15_R,loomL:DNg35_L,loomL:DNg35_R,loomL:DNg84_L,loomL:DNg84_R,loomL:DNg85_L,loomL:DNg85_R,loomL:DNg48_L,loomL:DNg48_R,active_lc10L,lc10L:MN9_L,lc10L:MN9_R,lc10L:DNp01_L,lc10L:DNp01_R,lc10L:DNa01_L,lc10L:DNa01_R,lc10L:DNa02_L,lc10L:DNa02_R,lc10L:DNg15_L,lc10L:DNg15_R,lc10L:DNg35_L,lc10L:DNg35_R,lc10L:DNg84_L,lc10L:DNg84_R,lc10L:DNg85_L,lc10L:DNg85_R,lc10L:DNg48_L,lc10L:DNg48_R,active_head,head:MN9_L,head:MN9_R,head:DNp01_L,head:DNp01_R,head:DNa01_L,head:DNa01_R,head:DNa02_L,head:DNa02_R,head:DNg15_L,head:DNg15_R,head:DNg35_L,head:DNg35_R,head:DNg84_L,head:DNg84_R,head:DNg85_L,head:DNg85_R,head:DNg48_L,head:DNg48_R,eat_rel,eat_base,bitter_rel,bitter_base,escape_rel,escape_base,turn_away_rel,turn_away_base,turn_to_rel,turn_to_base,head_rel,head_base
malecns_all,1.0,A,0.0,2,1,0,,128.889,0.8879307000597414,14.4445,394.4445,2.9699999999999998,3.3335,14.4445,175.556,168.3334,14329.333333333334,197.778,60.0,0.0,0.0,0.0,0.0,8.889,1.111,0.0,0.0,2.222,0.0,0.0,0.0,0.0,0.0,0.0,0.0,20029.333333333332,28.889,0.0,0.0,0.0,0.0,0.0,10.0,0.0,0.0,0.0,2.222,0.0,0.0,0.0,0.0,0.0,0.0,0.0,21946.666666666668,0.0,0.0,403.333,385.556,0.0,2.222,13.333,0.0,0.0,0.0,0.0,0.0,0.0,0.0,0.0,0.0,0.0,0.0,21033.0,4.444,0.0,397.778,21.111,0.0,6.667,28.889,0.0,0.0,0.0,0.0,0.0,0.0,0.0,0.0,0.0,0.0,0.0,20748.666666666668,5.556,0.0,0.0,0.0,3.333,0.0,175.556,0.0,0.0,0.0,1.111,0.0,0.0,0.0,0.0,0.0,0.0,0.0,21812.333333333332,107.778,0.0,0.0,0.0,0.0,0.0,0.0,0.0,6.667,135.556,133.333,7.778,288.889,261.111,227.778,192.222,255.556,174.444,1.1571070752049126,111.389,1.0427552665408566,0.8515235823313398,1.0000000000000002,394.44449999999995,0.9230875735548633,3.61125,0.9575773112933533,183.33350000000002,1.0167780390527177,165.5557
malecns_all,1.0,A,0.0,0,2,0,,120.55550000000001,0.8709681433032919,15.5555,391.111,2.9699999999999998,3.3335,8.3335,158.889,160.11110000000002,20188.666666666668,188.889,52.222,0.0,0.0,0.0,0.0,7.778,0.0,0.0,0.0,1.111,0.0,0.0,0.0,0.0,0.0,0.0,0.0,20102.0,31.111,0.0,1.111,0.0,0.0,0.0,5.556,0.0,0.0,0.0,0.0,0.0,0.0,0.0,0.0,0.0,0.0,0.0,21747.666666666668,0.0,0.0,403.333,378.889,0.0,2.222,16.667,0.0,0.0,0.0,0.0,0.0,0.0,0.0,0.0,0.0,0.0,0.0,21364.666666666668,0.0,0.0,402.222,21.111,0.0,6.667,16.667,0.0,0.0,0.0,0.0,0.0,0.0,0.0,0.0,0.0,0.0,0.0,18996.333333333332,7.778,1.111,0.0,0.0,3.333,0.0,158.889,0.0,0.0,0.0,4.444,0.0,0.0,0.0,0.0,0.0,0.0,0.0,22017.0,173.333,0.0,0.0,0.0,0.0,0.0,0.0,0.0,6.667,121.111,124.444,7.778,294.444,245.556,204.444,187.778,243.333,165.556,0.9687510672449713,124.44425,0.9852180487354515,0.8840359191766718,0.9943495786654328,393.33349999999996,0.8571612239650296,3.889,0.9501651990611312,167.2225,0.9792724834029105,163.50005
malecns_all,1.0,A,0.0,4,1,0,,101.11099999999999,0.835166302380552,16.6665,392.22249999999997,2.9000000000000004,3.889,14.4445,180.0,162.77769999999998,16490.333333333332,161.111,41.111,0.0,0.0,0.0,0.0,8.889,1.111,0.0,0.0,4.444,1.111,0.0,0.0,0.0,0.0,0.0,0.0,20010.333333333332,33.333,0.0,0.0,0.0,0.0,0.0,7.778,0.0,0.0,0.0,2.222,0.0,0.0,0.0,0.0,0.0,0.0,0.0,21956.666666666668,0.0,0.0,398.889,385.556,1.111,2.222,14.444,0.0,0.0,0.0,0.0,0.0,0.0,0.0,0.0,0.0,0.0,0.0,21086.0,5.556,0.0,398.889,20.0,0.0,7.778,28.889,0.0,0.0,0.0,0.0,0.0,0.0,0.0,0.0,0.0,0.0,0.0,20551.0,5.556,0.0,0.0,0.0,3.333,0.0,180.0,0.0,0.0,0.0,1.111,0.0,0.0,0.0,0.0,0.0,0.0,0.0,21761.666666666668,107.778,0.0,0.0,0.0,0.0,0.0,0.0,0.0,6.667,112.222,131.111,13.333,288.889,257.778,214.444,181.111,252.222,170.0,0.9077287703453661,111.389,0.9807905731676813,0.8515235823313398,0.9943667613567942,394.44449999999995,1.0769124264451366,3.61125,0.9818172892570097,183.33350000000002,0.9832201488683263,165.5557
malecns_all,1.0,A,0.0,1,2,0,,118.889,0.878504319154842,14.4445,393.33349999999996,3.0,3.889,4.4445,161.111,163.9999,20143.0,186.667,51.111,0.0,0.0,0.0,0.0,4.444,0.0,0.0,0.0,1.111,0.0,0.0,0.0,0.0,0.0,0.0,0.0,20031.333333333332,28.889,0.0,0.0,0.0,0.0,0.0,3.333,0.0,0.0,0.0,1.111,0.0,0.0,0.0,0.0,0.0,0.0,0.0,21599.0,0.0,0.0,405.556,381.111,0.0,2.222,12.222,0.0,0.0,0.0,0.0,0.0,0.0,0.0,0.0,0.0,0.0,0.0,21034.333333333332,1.111,0.0,398.889,23.333,0.0,7.778,8.889,0.0,0.0,0.0,0.0,0.0,0.0,0.0,0.0,0.0,0.0,0.0,20837.0,4.444,0.0,0.0,0.0,4.444,0.0,161.111,0.0,0.0,0.0,2.222,0.0,0.0,0.0,0.0,0.0,0.0,0.0,22155.0,163.333,0.0,0.0,0.0,0.0,0.0,0.0,0.0,7.778,132.222,132.222,7.778,290.0,248.889,213.333,182.222,253.333,172.222,0.9553595284635489,124.44425,0.9937427881584477,0.8840359191766718,1.0,393.33349999999996,1.0,3.889,0.9634528846297598,167.2225,1.0030571856094235,163.50005
malecns_all,1.0,A,0.0,6,1,0,,124.4445,0.8660728276460591,16.6665,393.33349999999996,2.9000000000000004,2.778,13.889,181.111,161.7779,16389.666666666668,196.667,52.222,0.0,0.0,0.0,0.0,16.667,0.0,0.0,0.0,5.556,0.0,0.0,0.0,0.0,0.0,0.0,0.0,20078.666666666668,33.333,0.0,0.0,0.0,0.0,0.0,6.667,0.0,0.0,0.0,0.0,0.0,0.0,0.0,0.0,0.0,0.0,0.0,22087.666666666668,0.0,0.0,400.0,386.667,1.111,3.333,15.556,0.0,0.0,0.0,0.0,0.0,0.0,0.0,0.0,0.0,0.0,0.0,20882.666666666668,4.444,0.0,398.889,22.222,0.0,5.556,27.778,0.0,0.0,0.0,0.0,0.0,0.0,0.0,0.0,0.0,0.0,0.0,20920.666666666668,3.333,0.0,0.0,0.0,3.333,0.0,181.111,0.0,0.0,0.0,2.222,0.0,0.0,0.0,0.0,0.0,0.0,0.0,21817.333333333332,166.667,0.0,0.0,0.0,0.0,0.0,1.111,0.0,6.667,130.0,115.556,6.667,284.444,256.667,220.0,177.778,247.778,172.222,1.117206366876442,111.389,1.017086133157799,0.8515235823313398,0.9971833806783971,394.44449999999995,0.7692627206645898,3.61125,0.9878772837479237,183.33350000000002,0.9771810937346161,165.5557
malecns_all,1.0,A,0.0,3,2,0,,125.0,0.897776,12.778,393.889,2.965,3.889,5.5555,171.111,162.6667,20386.666666666668,195.556,54.444,0.0,0.0,0.0,0.0,11.111,0.0,0.0,0.0,3.333,0.0,0.0,0.0,0.0,0.0,0.0,0.0,19943.666666666668,25.556,0.0,1.111,0.0,0.0,0.0,2.222,0.0,0.0,0.0,3.333,0.0,0.0,0.0,0.0,0.0,0.0,0.0,21856.666666666668,0.0,0.0,405.556,382.222,0.0,2.222,13.333,0.0,0.0,0.0,0.0,0.0,0.0,0.0,0.0,0.0,0.0,0.0,20767.666666666668,0.0,0.0,402.222,22.222,0.0,7.778,11.111,0.0,0.0,0.0,0.0,0.0,0.0,0.0,0.0,0.0,0.0,0.0,17632.333333333332,1.111,0.0,0.0,0.0,4.444,0.0,171.111,0.0,0.0,0.0,0.0,0.0,0.0,0.0,0.0,0.0,0.0,0.0,21941.333333333332,171.111,0.0,0.0,0.0,0.0,0.0,0.0,0.0,7.778,131.111,130.0,8.889,290.0,248.889,211.111,177.778,250.0,171.111,1.0044658551921846,124.44425,1.0155424463251728,0.8840359191766718,1.0014122875371665,393.33349999999996,1.0,3.889,1.0232534497451,167.2225,0.9949030596626729,163.50005
malecns_all,1.0,A,0.0,1,1,0,,110.0,0.8484863636363636,16.6665,394.44449999999995,3.035,3.3335,11.6665,186.667,164.88899999999998,20113.0,178.889,41.111,0.0,0.0,0.0,0.0,5.556,1.111,0.0,0.0,2.222,2.222,0.0,0.0,0.0,0.0,0.0,0.0,19870.333333333332,33.333,0.0,0.0,0.0,0.0,0.0,8.889,0.0,0.0,0.0,0.0,0.0,0.0,0.0,0.0,0.0,0.0,0.0,22004.0,0.0,0.0,402.222,386.667,0.0,1.111,12.222,0.0,0.0,0.0,0.0,0.0,0.0,0.0,0.0,0.0,0.0,0.0,20850.0,3.333,0.0,398.889,21.111,0.0,6.667,23.333,0.0,0.0,0.0,0.0,0.0,0.0,0.0,0.0,0.0,0.0,0.0,20402.333333333332,7.778,0.0,0.0,0.0,3.333,0.0,186.667,0.0,0.0,0.0,0.0,0.0,0.0,0.0,0.0,0.0,0.0,0.0,21883.0,162.222,0.0,0.0,0.0,0.0,0.0,1.111,0.0,7.778,127.778,128.889,7.778,286.667,263.333,215.556,185.556,251.111,174.444,0.9875301870023072,111.389,0.9964331948544974,0.8515235823313398,1.0,394.44449999999995,0.9230875735548633,3.61125,1.0181827107429902,183.33350000000002,0.9959729565336619,165.5557
malecns_all,1.0,A,0.0,3,1,0,,112.77799999999999,0.852218517796024,16.6665,393.8885,3.065,5.5555,13.889,186.667,166.2224,19836.333333333332,180.0,45.556,0.0,0.0,0.0,1.111,13.333,1.111,0.0,0.0,1.111,1.111,0.0,0.0,0.0,0.0,0.0,0.0,20053.666666666668,33.333,0.0,1.111,0.0,0.0,0.0,11.111,0.0,0.0,0.0,1.111,0.0,0.0,0.0,0.0,0.0,0.0,0.0,22026.0,0.0,0.0,403.333,384.444,1.111,3.333,18.889,0.0,0.0,0.0,0.0,0.0,0.0,0.0,0.0,0.0,0.0,0.0,20836.0,3.333,0.0,401.111,22.222,0.0,11.111,27.778,0.0,0.0,0.0,0.0,0.0,0.0,0.0,0.0,0.0,0.0,0.0,20990.666666666668,2.222,0.0,0.0,0.0,3.333,0.0,186.667,0.0,0.0,0.0,0.0,0.0,0.0,0.0,0.0,0.0,0.0,0.0,21760.666666666668,107.778,0.0,0.0,0.0,0.0,0.0,1.111,0.0,7.778,124.444,135.556,8.889,285.556,265.556,218.889,186.667,252.222,176.667,1.0124698129976928,111.389,1.000816108301759,0.8515235823313398,0.9985904227337434,394.44449999999995,1.538386985115957,3.61125,1.0181827107429902,183.33350000000002,1.0040270434663379,165.5557
malecns_all,1.0,A,0.0,6,2,0,,117.2225,0.8815159205783872,13.889,397.22249999999997,2.9000000000000004,3.889,7.222,166.667,162.5556,20254.666666666668,186.667,47.778,0.0,0.0,0.0,1.111,10.0,0.0,0.0,0.0,5.556,0.0,0.0,0.0,0.0,0.0,0.0,0.0,19952.333333333332,27.778,0.0,0.0,0.0,0.0,0.0,4.444,0.0,0.0,0.0,0.0,0.0,0.0,0.0,0.0,0.0,0.0,0.0,21802.333333333332,0.0,0.0,407.778,386.667,0.0,1.111,6.667,0.0,0.0,0.0,0.0,0.0,0.0,0.0,0.0,0.0,0.0,0.0,21120.333333333332,0.0,0.0,401.111,23.333,0.0,7.778,14.444,0.0,0.0,0.0,0.0,0.0,0.0,0.0,0.0,0.0,0.0,0.0,17446.0,5.556,0.0,0.0,0.0,4.444,0.0,166.667,0.0,0.0,0.0,0.0,0.0,0.0,0.0,0.0,0.0,0.0,0.0,21952.666666666668,176.667,0.0,0.0,0.0,0.0,0.0,0.0,0.0,6.667,132.222,123.333,8.889,292.222,251.111,210.0,178.889,246.667,175.556,0.9419679896821267,124.44425,0.9971494386782027,0.8840359191766718,1.0098872839460662,393.33349999999996,1.0,3.889,0.9966780786078429,167.2225,0.9942235491671104,163.50005
malecns_all,1.0,A,0.0,2,2,0,,128.333,0.8831165795235831,15.0,394.44449999999995,2.9699999999999998,3.3335,7.222,167.778,160.11110000000002,20247.666666666668,202.222,54.444,0.0,0.0,0.0,0.0,5.556,0.0,0.0,0.0,3.333,0.0,0.0,0.0,0.0,0.0,0.0,0.0,19945.666666666668,30.0,0.0,0.0,0.0,0.0,0.0,8.889,0.0,0.0,0.0,0.0,0.0,0.0,0.0,0.0,0.0,0.0,0.0,21724.666666666668,0.0,0.0,406.667,382.222,0.0,2.222,13.333,0.0,0.0,0.0,0.0,0.0,0.0,0.0,0.0,0.0,0.0,0.0,20888.0,1.111,0.0,401.111,23.333,0.0,6.667,14.444,0.0,0.0,0.0,0.0,0.0,0.0,0.0,0.0,0.0,0.0,0.0,20605.666666666668,3.333,0.0,0.0,0.0,4.444,0.0,167.778,0.0,0.0,0.0,1.111,0.0,0.0,0.0,0.0,0.0,0.0,0.0,21952.333333333332,173.333,0.0,0.0,0.0,0.0,0.0,0.0,0.0,7.778,123.333,118.889,8.889,288.889,247.778,213.333,173.333,248.889,170.0,1.031248932755029,124.44425,0.9989600652720708,0.8840359191766718,1.0028245750743325,393.33349999999996,0.8571612239650296,3.889,1.0033219213921571,167.2225,0.9792724834029105,163.50005
malecns_all,1.0,A,0.0,0,1,0,,100.5555,0.8508286468666557,15.0,394.4445,3.0,3.3335,12.222,178.889,166.99989999999997,20355.666666666668,164.444,36.667,0.0,0.0,0.0,0.0,6.667,1.111,0.0,0.0,6.667,3.333,0.0,0.0,0.0,0.0,0.0,0.0,19880.333333333332,30.0,0.0,1.111,0.0,0.0,0.0,8.889,0.0,0.0,0.0,0.0,0.0,0.0,0.0,0.0,0.0,0.0,0.0,21896.333333333332,0.0,0.0,403.333,385.556,1.111,2.222,18.889,0.0,0.0,0.0,0.0,0.0,0.0,0.0,0.0,0.0,0.0,0.0,20845.333333333332,3.333,0.0,396.667,22.222,0.0,6.667,24.444,0.0,0.0,0.0,0.0,0.0,0.0,0.0,0.0,0.0,0.0,0.0,20988.666666666668,8.889,1.111,0.0,0.0,3.333,0.0,178.889,0.0,0.0,0.0,2.222,0.0,0.0,0.0,0.0,0.0,0.0,0.0,21834.666666666668,112.222,0.0,0.0,0.0,0.0,0.0,0.0,0.0,7.778,130.0,133.333,11.111,290.0,271.111,220.0,182.222,252.222,172.222,0.9027417429010046,111.389,0.9991838916982411,0.8515235823313398,1.0000000000000002,394.44449999999995,0.9230875735548633,3.61125,0.9757572947660956,183.33350000000002,1.008723348093723,165.5557
malecns_all,1.0,A,0.0,5,2,0,,131.66649999999998,0.9029517758883239,12.778,393.889,3.0,3.889,4.4445,158.889,164.33340000000004,16756.0,203.333,60.0,0.0,0.0,0.0,0.0,2.222,0.0,0.0,0.0,0.0,0.0,0.0,0.0,0.0,0.0,0.0,0.0,20086.0,25.556,0.0,0.0,0.0,0.0,0.0,1.111,1.111,0.0,0.0,1.111,0.0,0.0,0.0,0.0,0.0,0.0,0.0,21675.333333333332,0.0,0.0,405.556,382.222,0.0,3.333,6.667,0.0,0.0,0.0,0.0,0.0,0.0,0.0,0.0,0.0,0.0,0.0,20882.0,1.111,0.0,398.889,21.111,0.0,7.778,8.889,0.0,0.0,0.0,0.0,0.0,0.0,0.0,0.0,0.0,0.0,0.0,20898.333333333332,1.111,0.0,0.0,0.0,3.333,0.0,158.889,0.0,0.0,0.0,0.0,0.0,0.0,0.0,0.0,0.0,0.0,0.0,22000.333333333332,116.667,0.0,0.0,0.0,0.0,0.0,0.0,0.0,7.778,121.111,132.222,8.889,288.889,248.889,216.667,188.889,251.111,178.889,1.058036028181294,124.44425,1.0213971585331838,0.8840359191766718,1.0014122875371665,393.33349999999996,1.0,3.889,0.9501651990611312,167.2225,1.0050969403373273,163.50005
malecns_all,1.0,A,0.0,5,1,0,,131.1115,0.8728830041605808,16.6665,393.8885,3.0300000000000002,3.889,10.5555,185.556,170.7779,17752.666666666668,206.667,55.556,0.0,0.0,0.0,0.0,11.111,0.0,0.0,0.0,2.222,1.111,0.0,0.0,0.0,0.0,0.0,0.0,19794.666666666668,33.333,0.0,0.0,0.0,0.0,0.0,8.889,0.0,0.0,0.0,2.222,0.0,0.0,0.0,0.0,0.0,0.0,0.0,22055.333333333332,0.0,0.0,403.333,384.444,0.0,1.111,21.111,0.0,0.0,0.0,0.0,0.0,0.0,0.0,0.0,0.0,0.0,0.0,21074.0,2.222,0.0,400.0,21.111,0.0,7.778,21.111,0.0,0.0,0.0,0.0,0.0,0.0,0.0,0.0,0.0,0.0,0.0,20611.333333333332,6.667,0.0,0.0,0.0,3.333,0.0,185.556,0.0,0.0,0.0,1.111,0.0,0.0,0.0,0.0,0.0,0.0,0.0,21855.666666666668,112.222,0.0,0.0,0.0,0.0,0.0,1.111,0.0,6.667,138.889,132.222,11.111,287.778,257.778,231.111,196.667,255.556,190.0,1.1770596737559365,111.389,1.025083770164958,0.8515235823313398,0.9985904227337434,394.44449999999995,1.0769124264451366,3.61125,1.012122716252076,183.33350000000002,1.031543462411744,165.5557
malecns_all,1.0,A,0.0,4,2,0,,116.1115,0.880382218815535,13.889,391.111,3.0300000000000002,3.889,6.111,152.222,163.88889999999998,20238.333333333332,185.556,46.667,0.0,0.0,0.0,0.0,3.333,0.0,0.0,0.0,0.0,0.0,0.0,0.0,0.0,0.0,0.0,0.0,20007.666666666668,27.778,0.0,1.111,0.0,0.0,0.0,10.0,1.111,0.0,0.0,0.0,0.0,0.0,0.0,0.0,0.0,0.0,0.0,21754.333333333332,0.0,0.0,402.222,380.0,0.0,2.222,14.444,0.0,0.0,0.0,0.0,0.0,0.0,0.0,0.0,0.0,0.0,0.0,20809.0,0.0,0.0,401.111,22.222,0.0,7.778,12.222,0.0,0.0,0.0,0.0,0.0,0.0,0.0,0.0,0.0,0.0,0.0,20960.333333333332,5.556,0.0,0.0,0.0,3.333,0.0,152.222,0.0,0.0,0.0,0.0,0.0,0.0,0.0,0.0,0.0,0.0,0.0,21870.0,58.889,0.0,0.0,0.0,0.0,0.0,0.0,0.0,6.667,116.667,143.333,10.0,290.0,245.556,211.111,192.222,251.111,172.222,0.9330402971611786,124.44425,0.9958670227285114,0.8840359191766718,0.9943495786654328,393.33349999999996,1.0,3.889,0.9102961622987338,167.2225,1.0023782867344688,163.50005
malecns_all,1.0,A,0.01,0,1,1643,,110.55600000000001,0.8542729476464417,16.111,396.66650000000004,3.0,4.4445,3.3335,191.111,162.66670000000002,12264.333333333334,175.556,45.556,0.0,0.0,0.0,0.0,1.111,3.333,0.0,0.0,2.222,1.111,0.0,0.0,0.0,0.0,0.0,0.0,9536.0,32.222,0.0,0.0,0.0,0.0,0.0,6.667,1.111,0.0,0.0,0.0,0.0,0.0,0.0,0.0,0.0,0.0,0.0,21569.0,0.0,0.0,403.333,390.0,1.111,2.222,12.222,4.444,0.0,0.0,0.0,0.0,0.0,0.0,0.0,0.0,0.0,0.0,20934.333333333332,1.111,0.0,397.778,21.111,0.0,7.778,6.667,1.111,0.0,0.0,0.0,0.0,0.0,0.0,0.0,0.0,0.0,0.0,10444.0,4.444,0.0,0.0,0.0,4.444,0.0,191.111,0.0,0.0,0.0,0.0,0.0,0.0,0.0,0.0,0.0,0.0,0.0,21626.0,104.444,0.0,0.0,0.0,0.0,0.0,0.0,0.0,7.778,123.333,124.444,12.222,290.0,265.556,216.667,171.111,245.556,170.0,0.9925217032202464,111.389,1.00322876003924,0.8515235823313398,1.005633238643206,394.44449999999995,1.23073727933541,3.61125,1.0424226887066466,183.33350000000002,0.982549679654642,165.5557
malecns_all,1.0,A,0.01,0,2,1643,,125.55550000000001,0.9690256500113495,3.889,398.889,2.9699999999999998,7.778,3.889,166.667,159.0001,19231.0,192.222,58.889,0.0,0.0,0.0,0.0,3.333,1.111,0.0,0.0,0.0,0.0,0.0,0.0,0.0,0.0,0.0,0.0,13223.666666666666,7.778,0.0,0.0,0.0,0.0,0.0,3.333,7.778,0.0,0.0,0.0,0.0,0.0,0.0,0.0,0.0,0.0,0.0,18204.0,0.0,0.0,406.667,391.111,0.0,2.222,0.0,13.333,0.0,0.0,0.0,0.0,0.0,0.0,0.0,0.0,0.0,0.0,20973.333333333332,0.0,0.0,401.111,22.222,0.0,7.778,7.778,7.778,0.0,0.0,0.0,0.0,0.0,0.0,0.0,0.0,0.0,0.0,10310.0,4.444,0.0,0.0,0.0,3.333,0.0,166.667,0.0,0.0,0.0,1.111,0.0,0.0,0.0,0.0,0.0,0.0,0.0,21865.666666666668,167.778,0.0,0.0,0.0,0.0,0.0,0.0,0.0,6.667,120.0,114.444,6.667,292.222,250.0,205.556,175.556,246.667,172.222,1.0089297014526586,124.44425,1.0961383231055035,0.8840359191766718,1.0141241465575652,393.33349999999996,2.0,3.889,0.9966780786078429,167.2225,0.972477378447285,163.50005
malecns_all,1.0,A,0.0,7,1,0,,102.2225,0.8206510308395901,18.3335,394.4445,3.0,3.3335,9.4445,192.222,164.66660000000002,20345.666666666668,167.778,36.667,0.0,0.0,0.0,0.0,11.111,1.111,0.0,0.0,4.444,1.111,0.0,0.0,0.0,0.0,0.0,0.0,19950.0,36.667,0.0,2.222,0.0,0.0,0.0,11.111,0.0,0.0,0.0,0.0,0.0,0.0,0.0,0.0,0.0,0.0,0.0,22086.666666666668,0.0,0.0,403.333,385.556,0.0,3.333,15.556,0.0,0.0,0.0,0.0,0.0,0.0,0.0,0.0,0.0,0.0,0.0,20801.666666666668,3.333,0.0,397.778,22.222,0.0,6.667,18.889,0.0,0.0,0.0,0.0,0.0,0.0,0.0,0.0,0.0,0.0,0.0,20425.666666666668,6.667,1.111,0.0,0.0,4.444,0.0,192.222,0.0,0.0,0.0,1.111,0.0,0.0,0.0,0.0,0.0,0.0,0.0,21847.333333333332,168.889,0.0,0.0,0.0,0.0,0.0,1.111,0.0,7.778,128.889,128.889,8.889,283.333,263.333,223.333,178.889,244.444,178.889,0.9177073140076668,111.389,0.9637443376409782,0.8515235823313398,1.0000000000000002,394.44449999999995,0.9230875735548633,3.61125,1.0484826831975607,183.33350000000002,0.9946296020010185,165.5557
malecns_all,1.0,A,0.01,1,2,1643,,107.77799999999999,0.9123707992354655,9.4445,393.33299999999997,3.0,4.4445,2.222,170.0,152.4444,19840.666666666668,170.0,45.556,0.0,0.0,0.0,0.0,0.0,0.0,0.0,0.0,4.444,0.0,0.0,0.0,0.0,0.0,0.0,0.0,19712.0,18.889,0.0,0.0,0.0,0.0,0.0,0.0,0.0,0.0,0.0,8.889,0.0,0.0,0.0,0.0,0.0,0.0,0.0,21449.0,0.0,0.0,404.444,382.222,0.0,2.222,7.778,0.0,0.0,0.0,0.0,0.0,0.0,0.0,0.0,0.0,0.0,0.0,20691.333333333332,0.0,0.0,400.0,22.222,0.0,8.889,4.444,0.0,0.0,0.0,0.0,0.0,0.0,0.0,0.0,0.0,0.0,0.0,20436.666666666668,0.0,0.0,0.0,0.0,3.333,0.0,170.0,4.444,0.0,0.0,4.444,0.0,0.0,0.0,0.0,0.0,0.0,0.0,21709.0,163.333,0.0,0.0,0.0,0.0,0.0,0.0,0.0,7.778,82.222,114.444,7.778,288.889,242.222,210.0,173.333,245.556,152.222,0.866074567527226,124.44425,1.0320517293971299,0.8840359191766718,0.999998728814098,393.33349999999996,1.1428387760349703,3.889,1.0166096069607857,167.2225,0.9323813662442306,163.50005
malecns_all,1.0,A,0.0,8,1,0,,108.3335,0.8358956370836352,17.778,395.0,2.965,3.889,9.4445,180.0,167.1112,20204.333333333332,175.556,41.111,0.0,0.0,0.0,0.0,6.667,2.222,0.0,0.0,3.333,3.333,0.0,0.0,0.0,0.0,0.0,0.0,19803.666666666668,35.556,0.0,1.111,0.0,0.0,0.0,11.111,0.0,0.0,0.0,1.111,0.0,0.0,0.0,0.0,0.0,0.0,0.0,21978.666666666668,0.0,0.0,401.111,388.889,0.0,1.111,10.0,0.0,0.0,0.0,0.0,0.0,0.0,0.0,0.0,0.0,0.0,0.0,21106.333333333332,2.222,0.0,396.667,21.111,0.0,7.778,18.889,0.0,0.0,0.0,0.0,0.0,0.0,0.0,0.0,0.0,0.0,0.0,20676.333333333332,2.222,0.0,0.0,0.0,4.444,0.0,180.0,0.0,0.0,0.0,0.0,0.0,0.0,0.0,0.0,0.0,0.0,0.0,21615.333333333332,56.667,0.0,0.0,0.0,0.0,0.0,0.0,0.0,6.667,128.889,138.889,10.0,285.556,263.333,228.889,191.111,246.667,171.111,0.9725691046692223,111.389,0.9816470787515741,0.8515235823313398,1.0014083096608015,394.44449999999995,1.0769124264451366,3.61125,0.9818172892570097,183.33350000000002,1.0093956293863635,165.5557
malecns_all,1.0,A,0.01,1,1,1643,,97.77799999999999,0.840910020659044,15.5555,394.4445,3.035,3.889,1.6665,174.444,152.6666,16091.333333333334,157.778,37.778,0.0,0.0,0.0,0.0,4.444,1.111,0.0,0.0,10.0,3.333,0.0,0.0,0.0,0.0,0.0,0.0,19520.333333333332,31.111,0.0,0.0,0.0,0.0,0.0,1.111,0.0,0.0,0.0,2.222,0.0,0.0,0.0,0.0,0.0,0.0,0.0,21521.666666666668,0.0,0.0,403.333,385.556,0.0,1.111,11.111,0.0,0.0,0.0,0.0,0.0,0.0,0.0,0.0,0.0,0.0,0.0,20232.666666666668,0.0,0.0,398.889,23.333,0.0,7.778,3.333,0.0,0.0,0.0,0.0,0.0,0.0,0.0,0.0,0.0,0.0,0.0,20332.666666666668,4.444,0.0,0.0,0.0,3.333,0.0,174.444,4.444,0.0,0.0,11.111,0.0,0.0,0.0,0.0,0.0,0.0,0.0,21439.0,162.222,0.0,0.0,0.0,0.0,0.0,0.0,0.0,7.778,76.667,100.0,7.778,281.111,251.111,220.0,184.444,243.333,154.444,0.8778066056791963,111.389,0.987535798311965,0.8515235823313398,1.0000000000000002,394.44449999999995,1.0769124264451366,3.61125,0.9515118622619433,183.33350000000002,0.9221464437648477,165.5557
malecns_all,1.0,A,0.0,7,2,0,,125.5555,0.8893795970706182,13.889,393.33349999999996,3.135,3.3335,6.6665,167.778,163.2223,20202.666666666668,197.778,53.333,0.0,0.0,0.0,0.0,12.222,0.0,0.0,0.0,2.222,0.0,0.0,0.0,0.0,0.0,0.0,0.0,19945.666666666668,27.778,0.0,0.0,0.0,0.0,0.0,5.556,0.0,0.0,0.0,0.0,0.0,0.0,0.0,0.0,0.0,0.0,0.0,21864.0,0.0,0.0,405.556,381.111,0.0,0.0,11.111,0.0,0.0,0.0,0.0,0.0,0.0,0.0,0.0,0.0,0.0,0.0,20849.666666666668,0.0,0.0,400.0,23.333,0.0,6.667,13.333,0.0,0.0,0.0,0.0,0.0,0.0,0.0,0.0,0.0,0.0,0.0,20980.0,6.667,0.0,0.0,0.0,4.444,0.0,167.778,0.0,0.0,0.0,3.333,0.0,0.0,0.0,0.0,0.0,0.0,0.0,21931.333333333332,117.778,0.0,0.0,0.0,0.0,0.0,0.0,0.0,6.667,125.556,123.333,11.111,290.0,255.556,211.111,190.0,246.667,172.222,1.0089297014526586,124.44425,1.0060446388863058,0.8840359191766718,1.0,393.33349999999996,0.8571612239650296,3.889,1.0033219213921571,167.2225,0.9983012237610936,163.50005
malecns_all,1.0,A,0.0,8,2,0,,123.8885,0.8923749984865423,13.3335,391.6665,3.0,3.3335,3.3335,173.333,164.77779999999998,16470.333333333332,194.444,53.333,0.0,0.0,0.0,0.0,3.333,1.111,0.0,0.0,2.222,0.0,0.0,0.0,0.0,0.0,0.0,0.0,19998.333333333332,26.667,0.0,1.111,0.0,0.0,0.0,5.556,0.0,0.0,0.0,0.0,0.0,0.0,0.0,0.0,0.0,0.0,0.0,21804.0,0.0,0.0,402.222,381.111,0.0,2.222,10.0,0.0,0.0,0.0,0.0,0.0,0.0,0.0,0.0,0.0,0.0,0.0,20946.333333333332,0.0,0.0,402.222,24.444,0.0,6.667,6.667,0.0,0.0,0.0,0.0,0.0,0.0,0.0,0.0,0.0,0.0,0.0,20854.666666666668,2.222,0.0,0.0,0.0,3.333,0.0,173.333,0.0,0.0,0.0,2.222,0.0,0.0,0.0,0.0,0.0,0.0,0.0,21931.333333333332,58.889,0.0,0.0,0.0,0.0,0.0,0.0,0.0,6.667,126.667,130.0,8.889,288.889,250.0,221.111,184.444,246.667,184.444,0.9955341448078155,124.44425,1.0094329643501783,0.8840359191766718,0.9957618662025991,393.33349999999996,0.8571612239650296,3.889,1.0365411353137288,167.2225,1.0078149823195772,163.50005
malecns_all,1.0,A,0.0,9,2,0,,125.55550000000001,0.8849552588297606,14.4445,393.33299999999997,3.0,3.889,5.5555,167.778,163.77779999999998,20093.666666666668,198.889,52.222,0.0,0.0,0.0,0.0,5.556,0.0,0.0,0.0,2.222,0.0,0.0,0.0,0.0,0.0,0.0,0.0,20103.666666666668,28.889,0.0,0.0,0.0,0.0,0.0,5.556,0.0,0.0,0.0,0.0,0.0,0.0,0.0,0.0,0.0,0.0,0.0,21779.666666666668,0.0,0.0,402.222,384.444,0.0,1.111,11.111,0.0,0.0,0.0,0.0,0.0,0.0,0.0,0.0,0.0,0.0,0.0,20965.666666666668,0.0,0.0,398.889,26.667,0.0,7.778,11.111,0.0,0.0,0.0,0.0,0.0,0.0,0.0,0.0,0.0,0.0,0.0,20868.333333333332,7.778,1.111,0.0,0.0,3.333,0.0,167.778,0.0,0.0,0.0,3.333,0.0,0.0,0.0,0.0,0.0,0.0,0.0,21669.333333333332,57.778,0.0,0.0,0.0,0.0,0.0,0.0,0.0,6.667,123.333,133.333,8.889,286.667,245.556,218.889,183.333,254.444,176.667,1.0089297014526586,124.44425,1.0010399347279293,0.8840359191766718,0.999998728814098,393.33349999999996,1.0,3.889,1.0033219213921571,167.2225,1.0016987762389062,163.50005
malecns_all,1.0,A,0.01,3,1,1643,,120.5555,0.8617524708536732,16.6665,395.55550000000005,3.065,3.3335,5.5555,184.444,162.77779999999998,19539.333333333332,191.111,50.0,0.0,0.0,0.0,1.111,12.222,0.0,0.0,0.0,4.444,1.111,0.0,0.0,0.0,0.0,0.0,0.0,19760.0,33.333,0.0,1.111,0.0,0.0,0.0,7.778,0.0,0.0,0.0,2.222,0.0,0.0,0.0,0.0,0.0,0.0,0.0,21587.666666666668,0.0,0.0,403.333,387.778,1.111,3.333,10.0,0.0,0.0,0.0,0.0,0.0,0.0,0.0,0.0,0.0,0.0,0.0,20868.666666666668,2.222,0.0,400.0,21.111,0.0,6.667,11.111,0.0,0.0,0.0,0.0,0.0,0.0,0.0,0.0,0.0,0.0,0.0,20626.0,3.333,0.0,0.0,0.0,8.889,0.0,184.444,0.0,0.0,0.0,1.111,0.0,0.0,0.0,0.0,0.0,0.0,0.0,21450.666666666668,98.889,0.0,0.0,0.0,0.0,0.0,1.111,0.0,7.778,110.0,135.556,8.889,288.889,264.444,213.333,183.333,246.667,168.889,1.0822926859923332,111.389,1.0120124547746854,0.8515235823313398,1.0028166193216033,394.44449999999995,0.9230875735548633,3.61125,1.006057267220666,183.33350000000002,0.9832207528946451,165.5557
malecns_all,1.0,A,0.01,2,2,1643,,121.111,0.9174311169092816,10.0,393.889,2.9699999999999998,3.889,5.0,172.222,168.6668,19864.0,190.0,52.222,0.0,0.0,0.0,0.0,12.222,0.0,1.111,0.0,14.444,0.0,0.0,0.0,0.0,0.0,0.0,0.0,19613.666666666668,20.0,0.0,0.0,0.0,0.0,0.0,0.0,0.0,0.0,0.0,0.0,0.0,0.0,0.0,0.0,0.0,0.0,0.0,21364.333333333332,0.0,0.0,405.556,382.222,0.0,2.222,7.778,0.0,0.0,0.0,0.0,0.0,0.0,0.0,0.0,0.0,0.0,0.0,20317.0,1.111,0.0,403.333,22.222,0.0,7.778,10.0,0.0,0.0,0.0,0.0,0.0,0.0,0.0,0.0,0.0,0.0,0.0,20418.0,3.333,0.0,0.0,0.0,3.333,0.0,172.222,0.0,0.0,0.0,5.556,0.0,0.0,0.0,0.0,0.0,0.0,0.0,21546.666666666668,182.222,0.0,0.0,0.0,0.0,0.0,0.0,0.0,7.778,126.667,161.111,26.667,293.333,257.778,208.889,175.556,252.222,176.667,0.9732149135054453,124.44425,1.0377758380719548,0.8840359191766718,1.0014122875371665,393.33349999999996,1.0,3.889,1.0298972925294145,167.2225,1.0316009077673065,163.50005
malecns_all,1.0,A,0.0,9,1,0,,116.111,0.8612448432965008,16.111,394.4445,3.0,3.889,10.5555,188.889,162.11110000000002,20188.0,190.0,42.222,0.0,0.0,0.0,0.0,11.111,1.111,0.0,0.0,3.333,2.222,0.0,0.0,0.0,0.0,0.0,0.0,20044.666666666668,32.222,0.0,0.0,0.0,0.0,0.0,13.333,0.0,0.0,0.0,3.333,0.0,0.0,0.0,0.0,0.0,0.0,0.0,22008.666666666668,0.0,0.0,403.333,385.556,0.0,2.222,13.333,0.0,0.0,0.0,0.0,0.0,0.0,0.0,0.0,0.0,0.0,0.0,21099.0,0.0,0.0,398.889,22.222,0.0,7.778,21.111,0.0,0.0,0.0,0.0,0.0,0.0,0.0,0.0,0.0,0.0,0.0,20812.333333333332,7.778,0.0,0.0,0.0,3.333,0.0,188.889,0.0,0.0,0.0,1.111,0.0,0.0,0.0,0.0,0.0,0.0,0.0,21738.333333333332,165.556,0.0,0.0,0.0,0.0,0.0,2.222,0.0,7.778,120.0,122.222,10.0,283.333,264.444,216.667,178.889,250.0,167.778,1.0423919776638628,111.389,1.011416314435527,0.8515235823313398,1.0000000000000002,394.44449999999995,1.0769124264451366,3.61125,1.0303026997248184,183.33350000000002,0.9791937094283073,165.5557
malecns_all,1.0,A,0.01,2,1,1643,,111.111,0.884997884997885,12.778,395.0,2.9699999999999998,4.4445,11.6665,176.667,172.88899999999998,19854.666666666668,178.889,43.333,0.0,0.0,0.0,0.0,8.889,0.0,0.0,0.0,14.444,0.0,0.0,0.0,0.0,0.0,0.0,0.0,19642.666666666668,25.556,0.0,0.0,0.0,0.0,0.0,4.444,0.0,1.111,0.0,1.111,0.0,0.0,0.0,0.0,0.0,0.0,0.0,21724.0,0.0,0.0,403.333,386.667,0.0,2.222,10.0,0.0,0.0,0.0,0.0,0.0,0.0,0.0,0.0,0.0,0.0,0.0,20589.0,4.444,0.0,401.111,22.222,0.0,8.889,23.333,0.0,0.0,0.0,0.0,0.0,0.0,0.0,0.0,0.0,0.0,0.0,20151.333333333332,8.889,0.0,0.0,0.0,3.333,0.0,176.667,0.0,1.111,0.0,17.778,0.0,0.0,0.0,0.0,0.0,0.0,0.0,21468.333333333332,145.556,0.0,0.0,0.0,0.0,0.0,0.0,0.0,6.667,134.444,157.778,38.889,290.0,272.222,217.778,178.889,256.667,175.556,0.9975042418910306,111.389,1.0393110694302765,0.8515235823313398,1.0014083096608015,394.44449999999995,1.23073727933541,3.61125,0.9636373057842674,183.33350000000002,1.0442950620244424,165.5557
malecns_all,1.0,A,0.01,3,2,1643,,131.667,0.8818572611208579,15.5555,395.55550000000005,2.965,3.3335,1.111,167.778,160.8888,19902.0,206.667,56.667,0.0,0.0,0.0,0.0,2.222,0.0,0.0,0.0,7.778,0.0,0.0,0.0,0.0,0.0,0.0,0.0,19817.0,31.111,0.0,1.111,0.0,0.0,0.0,2.222,0.0,0.0,0.0,0.0,0.0,0.0,0.0,0.0,0.0,0.0,0.0,21658.0,0.0,0.0,407.778,383.333,0.0,2.222,3.333,0.0,0.0,0.0,0.0,0.0,0.0,0.0,0.0,0.0,0.0,0.0,20942.333333333332,3.333,0.0,400.0,23.333,0.0,6.667,2.222,0.0,0.0,0.0,0.0,0.0,0.0,0.0,0.0,0.0,0.0,0.0,20854.666666666668,1.111,0.0,0.0,0.0,11.111,0.0,167.778,0.0,0.0,0.0,0.0,0.0,0.0,0.0,0.0,0.0,0.0,0.0,21777.666666666668,151.111,0.0,0.0,0.0,0.0,0.0,0.0,0.0,7.778,112.222,143.333,8.889,294.444,244.444,206.667,171.111,251.111,168.889,1.0580400460447148,124.44425,0.997535554824692,0.8840359191766718,1.0056491501486655,393.33349999999996,0.8571612239650296,3.889,1.0033219213921571,167.2225,0.9840290568718482,163.50005
malecns_all,1.0,A,0.01,4,1,1643,,98.889,0.865167005430331,13.3335,395.0,2.9000000000000004,3.3335,8.3335,170.0,156.66670000000002,19771.666666666668,161.111,36.667,0.0,0.0,0.0,0.0,3.333,1.111,0.0,0.0,1.111,1.111,0.0,0.0,0.0,0.0,0.0,0.0,19881.0,26.667,0.0,0.0,0.0,0.0,0.0,3.333,0.0,0.0,0.0,0.0,0.0,0.0,0.0,0.0,0.0,0.0,0.0,21677.0,0.0,0.0,404.444,385.556,1.111,2.222,10.0,0.0,0.0,0.0,0.0,0.0,0.0,0.0,0.0,0.0,0.0,0.0,20610.666666666668,0.0,0.0,397.778,22.222,0.0,6.667,16.667,0.0,0.0,0.0,0.0,0.0,0.0,0.0,0.0,0.0,0.0,0.0,20521.666666666668,6.667,0.0,0.0,0.0,3.333,0.0,170.0,0.0,0.0,0.0,0.0,0.0,0.0,0.0,0.0,0.0,0.0,0.0,21360.666666666668,111.111,0.0,0.0,0.0,0.0,0.0,1.111,0.0,6.667,70.0,76.667,11.111,293.333,267.778,223.333,188.889,255.556,173.333,0.8877806605679196,111.389,1.0160223667107815,0.8515235823313398,1.0014083096608015,394.44449999999995,0.9230875735548633,3.61125,0.9272718842982869,183.33350000000002,0.9463081005365567,165.5557
malecns_all,1.0,A,0.02,0,2,3286,,127.2225,0.973797873803769,3.3335,399.4445,2.9699999999999998,5.0,3.3335,163.333,161.5557,18677.0,196.667,57.778,0.0,0.0,0.0,0.0,2.222,3.333,0.0,0.0,2.222,0.0,0.0,0.0,0.0,0.0,0.0,0.0,9738.333333333334,6.667,0.0,0.0,0.0,0.0,0.0,3.333,3.333,0.0,0.0,0.0,0.0,0.0,0.0,0.0,0.0,0.0,0.0,17602.666666666668,0.0,0.0,408.889,390.0,0.0,2.222,4.444,8.889,0.0,0.0,0.0,0.0,0.0,0.0,0.0,0.0,0.0,0.0,20272.333333333332,0.0,0.0,403.333,21.111,0.0,6.667,6.667,3.333,0.0,0.0,0.0,0.0,0.0,0.0,0.0,0.0,0.0,0.0,10143.666666666666,2.222,0.0,0.0,0.0,3.333,0.0,163.333,0.0,0.0,0.0,1.111,0.0,0.0,0.0,0.0,0.0,0.0,0.0,20944.333333333332,171.111,0.0,0.0,0.0,0.0,0.0,0.0,0.0,6.667,124.444,123.333,6.667,295.556,255.556,210.0,175.556,250.0,167.778,1.0223252580975015,124.44425,1.1015365469659821,0.8840359191766718,1.0155364340947315,393.33349999999996,1.2856775520699408,3.889,0.9767405701983883,167.2225,0.9881079547070476,163.50005
malecns_all,1.0,A,0.01,4,2,1643,,81.11099999999999,0.849317601804934,12.222,393.33349999999996,3.0300000000000002,3.3335,2.222,158.889,156.0,20144.0,134.444,27.778,0.0,0.0,0.0,0.0,1.111,1.111,0.0,0.0,0.0,0.0,0.0,0.0,0.0,0.0,0.0,0.0,19712.666666666668,24.444,0.0,0.0,0.0,0.0,0.0,3.333,0.0,0.0,0.0,0.0,0.0,0.0,0.0,0.0,0.0,0.0,0.0,21696.333333333332,0.0,0.0,406.667,380.0,0.0,2.222,8.889,0.0,0.0,0.0,0.0,0.0,0.0,0.0,0.0,0.0,0.0,0.0,20539.0,0.0,0.0,403.333,23.333,0.0,6.667,4.444,0.0,0.0,0.0,0.0,0.0,0.0,0.0,0.0,0.0,0.0,0.0,17557.666666666668,4.444,0.0,0.0,0.0,3.333,0.0,158.889,0.0,0.0,0.0,0.0,1.111,0.0,0.0,0.0,0.0,0.0,0.0,21553.333333333332,55.556,0.0,0.0,0.0,0.0,0.0,0.0,0.0,6.667,77.778,84.444,10.0,295.556,257.778,214.444,193.333,248.889,171.111,0.6517858398439461,124.44425,0.9607274810687874,0.8840359191766718,1.0,393.33349999999996,0.8571612239650296,3.889,0.9501651990611312,167.2225,0.9541281485846641,163.50005
malecns_all,1.0,A,0.02,0,1,3286,,97.2225,0.8514284244902157,14.4445,397.778,3.0,3.889,5.0,181.111,164.66670000000002,19185.333333333332,158.889,35.556,0.0,0.0,0.0,0.0,0.0,3.333,0.0,0.0,12.222,3.333,0.0,0.0,0.0,0.0,0.0,0.0,9462.666666666666,28.889,0.0,0.0,0.0,0.0,0.0,4.444,1.111,0.0,0.0,0.0,0.0,0.0,0.0,0.0,0.0,0.0,0.0,20738.0,0.0,0.0,405.556,390.0,1.111,2.222,2.222,2.222,0.0,0.0,0.0,0.0,0.0,0.0,0.0,0.0,0.0,0.0,19920.333333333332,0.0,0.0,396.667,24.444,0.0,7.778,10.0,0.0,0.0,0.0,0.0,0.0,0.0,0.0,0.0,0.0,0.0,0.0,10201.333333333334,2.222,0.0,0.0,0.0,3.333,0.0,181.111,0.0,0.0,0.0,0.0,0.0,0.0,0.0,0.0,0.0,0.0,0.0,20851.666666666668,101.111,0.0,0.0,0.0,0.0,0.0,0.0,0.0,7.778,124.444,126.667,11.111,285.556,267.778,222.222,177.778,251.111,172.222,0.8728195782348347,111.389,0.9998882499051129,0.8515235823313398,1.0084511255702642,394.44449999999995,1.0769124264451366,3.61125,0.9878772837479237,183.33350000000002,0.9946302060273371,165.5557
malecns_all,1.0,A,0.01,6,2,1643,,137.778,0.9072566011990303,12.778,400.0,2.9000000000000004,3.889,6.111,180.0,163.2223,16079.666666666666,216.667,58.889,0.0,0.0,0.0,0.0,3.333,0.0,0.0,0.0,4.444,5.556,0.0,0.0,0.0,0.0,0.0,0.0,19753.333333333332,25.556,0.0,0.0,0.0,0.0,0.0,5.556,0.0,0.0,0.0,0.0,0.0,0.0,0.0,0.0,0.0,0.0,0.0,18425.0,0.0,0.0,412.222,387.778,0.0,3.333,11.111,0.0,0.0,0.0,0.0,0.0,0.0,0.0,0.0,0.0,0.0,0.0,20711.666666666668,0.0,0.0,398.889,23.333,0.0,7.778,12.222,0.0,0.0,0.0,0.0,0.0,0.0,0.0,0.0,0.0,0.0,0.0,15650.333333333334,4.444,0.0,0.0,0.0,3.333,0.0,180.0,0.0,0.0,0.0,0.0,0.0,0.0,0.0,0.0,0.0,0.0,0.0,21693.333333333332,170.0,0.0,0.0,0.0,0.0,0.0,0.0,0.0,6.667,127.778,130.0,8.889,293.333,250.0,212.222,178.889,247.778,176.667,1.1071463727733504,124.44425,1.0262666725623373,0.8840359191766718,1.0169487216318978,393.33349999999996,1.0,3.889,1.076410172076126,167.2225,0.9983012237610936,163.50005
malecns_all,1.0,A,0.01,5,1,1643,,147.778,0.928571911921937,10.5555,393.889,3.0300000000000002,3.889,13.3335,183.333,173.1111,12852.0,237.778,57.778,0.0,0.0,0.0,0.0,3.333,0.0,0.0,0.0,0.0,1.111,0.0,0.0,0.0,0.0,0.0,0.0,19528.666666666668,21.111,0.0,0.0,0.0,0.0,0.0,5.556,1.111,0.0,0.0,0.0,0.0,0.0,0.0,0.0,0.0,0.0,0.0,21868.0,0.0,0.0,402.222,385.556,0.0,1.111,21.111,0.0,0.0,0.0,0.0,0.0,0.0,0.0,0.0,0.0,0.0,0.0,20758.0,0.0,0.0,400.0,20.0,0.0,7.778,26.667,0.0,0.0,0.0,0.0,0.0,0.0,0.0,0.0,0.0,0.0,0.0,20254.0,5.556,0.0,0.0,0.0,3.333,0.0,183.333,0.0,0.0,0.0,0.0,0.0,0.0,0.0,0.0,0.0,0.0,0.0,22003.666666666668,114.444,0.0,0.0,0.0,0.0,0.0,0.0,0.0,7.778,156.667,130.0,10.0,292.222,271.111,228.889,192.222,257.778,184.444,1.3266839634075178,111.389,1.0904829075662834,0.8515235823313398,0.9985916903391987,394.44449999999995,1.0769124264451366,3.61125,0.9999972727297519,183.33350000000002,1.0456366044781302,165.5557
malecns_all,1.0,A,0.01,6,1,1643,,137.77800000000002,0.8830655111846594,16.111,394.4445,2.9000000000000004,3.3335,10.5555,177.778,162.88899999999998,12626.0,215.556,60.0,0.0,0.0,0.0,0.0,8.889,0.0,0.0,0.0,1.111,3.333,0.0,0.0,0.0,0.0,0.0,0.0,19629.0,32.222,0.0,0.0,0.0,0.0,0.0,3.333,0.0,0.0,0.0,0.0,0.0,0.0,0.0,0.0,0.0,0.0,0.0,21529.0,0.0,0.0,405.556,383.333,0.0,3.333,8.889,0.0,0.0,0.0,0.0,0.0,0.0,0.0,0.0,0.0,0.0,0.0,20576.666666666668,1.111,0.0,397.778,23.333,0.0,6.667,21.111,0.0,0.0,0.0,0.0,0.0,0.0,0.0,0.0,0.0,0.0,0.0,20369.0,7.778,0.0,0.0,0.0,3.333,0.0,177.778,0.0,0.0,0.0,1.111,0.0,0.0,0.0,0.0,0.0,0.0,0.0,21486.0,171.111,0.0,0.0,0.0,0.0,0.0,0.0,0.0,6.667,127.778,123.333,7.778,285.556,255.556,223.333,177.778,246.667,174.444,1.2369084918618538,111.389,1.0370417561037624,0.8515235823313398,1.0000000000000002,394.44449999999995,0.9230875735548633,3.61125,0.9696973002751814,183.33350000000002,0.9838924301609668,165.5557
malecns_all,1.0,A,0.01,9,2,1643,,115.5555,0.8846138868335994,13.3335,393.889,3.0,4.4445,1.6665,156.667,170.7779,16416.666666666668,176.667,54.444,0.0,0.0,0.0,0.0,1.111,0.0,0.0,0.0,1.111,2.222,0.0,0.0,0.0,0.0,0.0,0.0,19893.0,26.667,0.0,0.0,0.0,0.0,0.0,4.444,0.0,0.0,0.0,0.0,0.0,0.0,0.0,0.0,0.0,0.0,0.0,21642.0,0.0,0.0,402.222,385.556,0.0,3.333,5.556,0.0,0.0,0.0,0.0,0.0,0.0,0.0,0.0,0.0,0.0,0.0,20811.0,1.111,0.0,401.111,28.889,0.0,8.889,3.333,0.0,0.0,0.0,0.0,0.0,0.0,0.0,0.0,0.0,0.0,0.0,20615.333333333332,6.667,0.0,0.0,0.0,3.333,0.0,156.667,0.0,0.0,0.0,4.444,0.0,0.0,0.0,0.0,0.0,0.0,0.0,21597.333333333332,60.0,0.0,0.0,0.0,0.0,0.0,0.0,0.0,6.667,147.778,138.889,10.0,290.0,252.222,218.889,198.889,257.778,186.667,0.9285724330372838,124.44425,1.0006537830017879,0.8840359191766718,1.0014122875371665,393.33349999999996,1.1428387760349703,3.889,0.9368775134925025,167.2225,1.0445128304242108,163.50005
malecns_all,1.0,A,0.01,7,2,1643,,126.6665,0.9298235918731472,8.889,390.0,3.135,3.889,7.778,168.889,161.7779,20235.333333333332,201.111,52.222,0.0,0.0,0.0,0.0,28.889,0.0,0.0,0.0,5.556,0.0,0.0,0.0,0.0,0.0,0.0,0.0,19956.0,17.778,0.0,0.0,0.0,0.0,0.0,5.556,0.0,0.0,0.0,0.0,0.0,0.0,0.0,0.0,0.0,0.0,0.0,21848.333333333332,0.0,0.0,404.444,375.556,0.0,2.222,27.778,1.111,0.0,0.0,0.0,0.0,0.0,0.0,0.0,0.0,0.0,0.0,21176.333333333332,0.0,0.0,401.111,21.111,0.0,7.778,15.556,0.0,0.0,0.0,0.0,0.0,0.0,0.0,0.0,0.0,0.0,0.0,17511.666666666668,5.556,0.0,0.0,0.0,4.444,0.0,168.889,0.0,0.0,0.0,3.333,0.0,0.0,0.0,0.0,0.0,0.0,0.0,21813.333333333332,122.222,0.0,0.0,0.0,0.0,0.0,0.0,0.0,6.667,122.222,125.556,11.111,288.889,262.222,205.556,185.556,243.333,166.667,1.0178573939736066,124.44425,1.0517939053190495,0.8840359191766718,0.9915250035911003,393.33349999999996,1.0,3.889,1.0099657641764717,167.2225,0.9894669756981725,163.50005
malecns_all,1.0,A,0.01,8,1,1643,,103.889,0.7914456775982057,21.6665,394.44449999999995,2.965,3.3335,14.4445,175.556,154.33350000000002,20046.666666666668,170.0,37.778,0.0,0.0,0.0,0.0,16.667,0.0,0.0,0.0,3.333,3.333,0.0,0.0,0.0,0.0,0.0,0.0,19747.666666666668,43.333,0.0,0.0,0.0,0.0,0.0,16.667,0.0,0.0,0.0,3.333,0.0,0.0,0.0,0.0,0.0,0.0,0.0,21572.333333333332,0.0,0.0,402.222,386.667,0.0,1.111,24.444,0.0,0.0,0.0,0.0,0.0,0.0,0.0,0.0,0.0,0.0,0.0,20781.0,18.889,0.0,398.889,24.444,0.0,6.667,28.889,0.0,0.0,0.0,0.0,0.0,0.0,0.0,0.0,0.0,0.0,0.0,20571.0,56.667,5.556,0.0,0.0,4.444,0.0,175.556,0.0,0.0,0.0,4.444,1.111,0.0,0.0,0.0,0.0,0.0,0.0,21618.0,81.111,0.0,0.0,0.0,0.0,0.0,0.0,0.0,6.667,98.889,135.556,10.0,282.222,255.556,207.778,158.889,241.111,146.667,0.9326683963407518,111.389,0.9294465755503211,0.8515235823313398,1.0,394.44449999999995,0.9230875735548633,3.61125,0.9575773112933533,183.33350000000002,0.9322149584701706,165.5557
malecns_all,1.0,A,0.01,8,2,1643,,140.5555,0.8932805902294823,15.0,397.22249999999997,3.0,6.111,11.6665,163.333,152.88899999999998,20113.0,222.222,58.889,0.0,0.0,0.0,0.0,18.889,1.111,0.0,0.0,0.0,0.0,0.0,0.0,0.0,0.0,0.0,0.0,19835.666666666668,30.0,0.0,0.0,0.0,0.0,0.0,14.444,0.0,0.0,0.0,1.111,0.0,0.0,0.0,0.0,0.0,0.0,0.0,20987.333333333332,0.0,0.0,408.889,385.556,0.0,2.222,17.778,0.0,0.0,0.0,0.0,0.0,0.0,0.0,0.0,0.0,0.0,0.0,20548.666666666668,4.444,0.0,403.333,24.444,0.0,12.222,23.333,0.0,0.0,0.0,0.0,0.0,0.0,0.0,0.0,0.0,0.0,0.0,20653.666666666668,40.0,4.444,0.0,0.0,3.333,0.0,163.333,0.0,0.0,0.0,2.222,1.111,0.0,0.0,0.0,0.0,0.0,0.0,21799.666666666668,43.333,0.0,0.0,0.0,0.0,0.0,0.0,0.0,6.667,85.556,134.444,7.778,286.667,250.0,206.667,148.889,238.889,163.333,1.1294656040757207,124.44425,1.010457347775439,0.8840359191766718,1.0098872839460662,393.33349999999996,1.5713551041398817,3.889,0.9767405701983883,167.2225,0.9351006314676967,163.50005
malecns_all,1.0,A,0.01,5,2,1643,,127.22200000000001,0.9388627753061578,7.778,393.33349999999996,3.0,4.4445,2.222,157.778,172.3333,19826.666666666668,210.0,44.444,0.0,0.0,0.0,0.0,1.111,0.0,0.0,0.0,0.0,0.0,0.0,0.0,0.0,0.0,0.0,0.0,19622.333333333332,15.556,0.0,0.0,0.0,0.0,0.0,3.333,0.0,0.0,0.0,0.0,0.0,0.0,0.0,0.0,0.0,0.0,0.0,21462.333333333332,0.0,0.0,406.667,380.0,0.0,3.333,18.889,0.0,0.0,0.0,0.0,0.0,0.0,0.0,0.0,0.0,0.0,0.0,20632.0,0.0,0.0,402.222,20.0,0.0,8.889,4.444,0.0,0.0,0.0,0.0,0.0,0.0,0.0,0.0,0.0,0.0,0.0,20341.333333333332,5.556,0.0,0.0,0.0,3.333,0.0,157.778,0.0,0.0,0.0,0.0,0.0,0.0,0.0,0.0,0.0,0.0,0.0,22113.666666666668,113.333,0.0,0.0,0.0,0.0,0.0,0.0,0.0,7.778,158.889,144.444,10.0,298.889,264.444,216.667,187.778,254.444,180.0,1.0223212402340809,124.44425,1.0620188104806283,0.8840359191766718,1.0,393.33349999999996,1.1428387760349703,3.889,0.9435213562768168,167.2225,1.0540259773620866,163.50005
malecns_all,1.0,A,0.01,7,1,1643,,111.6665,0.8855699784626544,12.778,392.222,3.0,5.5555,12.778,205.556,160.11120000000003,20155.0,181.111,42.222,0.0,0.0,0.0,0.0,16.667,0.0,0.0,0.0,13.333,1.111,0.0,0.0,0.0,0.0,0.0,0.0,20157.333333333332,25.556,0.0,2.222,0.0,0.0,0.0,6.667,0.0,0.0,0.0,5.556,0.0,0.0,0.0,0.0,0.0,0.0,0.0,21984.333333333332,0.0,0.0,404.444,380.0,0.0,3.333,40.0,0.0,0.0,0.0,0.0,0.0,0.0,0.0,0.0,0.0,0.0,0.0,21052.0,0.0,0.0,396.667,20.0,0.0,11.111,25.556,0.0,0.0,0.0,0.0,0.0,0.0,0.0,0.0,0.0,0.0,0.0,20503.333333333332,10.0,1.111,0.0,0.0,6.667,0.0,205.556,0.0,0.0,0.0,10.0,0.0,0.0,0.0,0.0,0.0,0.0,0.0,21629.333333333332,168.889,0.0,0.0,0.0,0.0,0.0,0.0,0.0,7.778,115.556,135.556,8.889,281.111,264.444,211.111,170.0,238.889,167.778,1.0024912693353922,111.389,1.0399829163134868,0.8515235823313398,0.994365493751339,394.44449999999995,1.538386985115957,3.61125,1.1212135261695217,183.33350000000002,0.9671137870819309,165.5557
malecns_all,1.0,A,0.01,9,1,1643,,88.8885,0.7999966249852343,17.778,393.889,3.0,3.889,4.4445,171.111,166.4444,20048.0,144.444,33.333,0.0,0.0,0.0,0.0,3.333,1.111,0.0,0.0,6.667,10.0,0.0,0.0,0.0,0.0,0.0,0.0,19733.0,35.556,0.0,0.0,0.0,0.0,0.0,2.222,0.0,0.0,0.0,3.333,0.0,0.0,0.0,0.0,0.0,0.0,0.0,21739.666666666668,0.0,0.0,402.222,385.556,0.0,3.333,16.667,0.0,0.0,0.0,0.0,0.0,0.0,0.0,0.0,0.0,0.0,0.0,20913.333333333332,4.444,0.0,396.667,22.222,0.0,7.778,8.889,0.0,0.0,0.0,0.0,0.0,0.0,0.0,0.0,0.0,0.0,0.0,20566.666666666668,6.667,0.0,0.0,0.0,3.333,0.0,171.111,0.0,0.0,0.0,5.556,0.0,0.0,0.0,0.0,0.0,0.0,0.0,21468.666666666668,181.111,0.0,0.0,0.0,0.0,0.0,0.0,0.0,7.778,138.889,130.0,10.0,284.444,263.333,212.222,188.889,252.222,176.667,0.798000700248678,111.389,0.939488513982158,0.8515235823313398,0.9985916903391987,394.44449999999995,1.0769124264451366,3.61125,0.933331878789201,183.33350000000002,1.0053679818937071,165.5557
malecns_all,1.0,A,0.02,1,1,3286,,95.0,0.8713473684210526,12.222,395.5555,3.035,5.0,5.0,188.889,153.5556,16161.333333333334,152.222,37.778,0.0,0.0,0.0,1.111,6.667,1.111,0.0,0.0,10.0,2.222,0.0,0.0,0.0,0.0,0.0,0.0,19180.666666666668,24.444,0.0,0.0,0.0,0.0,0.0,3.333,0.0,0.0,0.0,10.0,0.0,0.0,0.0,0.0,0.0,0.0,0.0,21394.333333333332,0.0,0.0,402.222,388.889,0.0,1.111,10.0,0.0,0.0,0.0,0.0,0.0,0.0,0.0,0.0,0.0,0.0,0.0,20466.0,0.0,0.0,395.556,21.111,0.0,10.0,10.0,0.0,0.0,0.0,1.111,0.0,0.0,0.0,0.0,0.0,0.0,0.0,20054.333333333332,5.556,0.0,0.0,0.0,3.333,0.0,188.889,3.333,0.0,0.0,16.667,0.0,0.0,0.0,0.0,0.0,0.0,0.0,21238.333333333332,166.667,0.0,0.0,0.0,0.0,0.0,0.0,0.0,7.778,75.556,101.111,7.778,282.222,260.0,213.333,180.0,248.889,158.889,0.8528669796838109,111.389,1.0232803723831563,0.8515235823313398,1.002816619321603,394.44449999999995,1.3845621322256836,3.61125,1.0303026997248184,183.33350000000002,0.9275162377375107,165.5557
malecns_all,1.0,A,0.02,1,2,3286,,90.5555,0.9141079227655968,7.778,395.55550000000005,3.0,3.889,3.3335,178.889,152.33339999999998,19713.333333333332,141.111,40.0,0.0,0.0,0.0,0.0,4.444,0.0,0.0,0.0,13.333,0.0,0.0,0.0,0.0,0.0,0.0,0.0,19447.666666666668,15.556,0.0,0.0,0.0,0.0,0.0,1.111,0.0,0.0,0.0,7.778,0.0,0.0,0.0,0.0,0.0,0.0,0.0,21257.0,0.0,0.0,407.778,383.333,0.0,2.222,5.556,0.0,0.0,0.0,0.0,0.0,0.0,0.0,0.0,0.0,0.0,0.0,20852.0,0.0,0.0,396.667,23.333,0.0,7.778,6.667,0.0,0.0,0.0,0.0,0.0,0.0,0.0,0.0,0.0,0.0,0.0,20379.333333333332,0.0,0.0,0.0,0.0,3.333,0.0,178.889,5.556,0.0,0.0,11.111,0.0,0.0,0.0,0.0,0.0,0.0,0.0,21602.666666666668,170.0,0.0,0.0,0.0,0.0,0.0,0.0,0.0,7.778,85.556,103.333,7.778,288.889,241.111,210.0,175.556,244.444,158.889,0.7276792619988468,124.44425,1.0340167214211522,0.8840359191766718,1.0056491501486655,393.33349999999996,1.0,3.889,1.0697663292918118,167.2225,0.931702467369276,163.50005
malecns_all,1.0,A,0.02,2,1,3286,,101.111,0.8791229440911473,12.222,396.111,2.9699999999999998,7.222,29.4445,237.778,174.4444,19730.0,160.0,42.222,0.0,0.0,0.0,0.0,40.0,0.0,0.0,0.0,15.556,0.0,0.0,0.0,0.0,0.0,0.0,0.0,19334.333333333332,24.444,0.0,0.0,0.0,0.0,0.0,11.111,0.0,0.0,0.0,8.889,0.0,0.0,0.0,0.0,0.0,0.0,0.0,21423.666666666668,0.0,0.0,403.333,388.889,1.111,2.222,53.333,0.0,0.0,0.0,0.0,0.0,0.0,0.0,0.0,0.0,0.0,0.0,20209.333333333332,2.222,0.0,400.0,21.111,0.0,14.444,58.889,0.0,0.0,0.0,0.0,0.0,0.0,0.0,0.0,0.0,0.0,0.0,20034.333333333332,3.333,0.0,0.0,0.0,3.333,0.0,237.778,0.0,0.0,0.0,8.889,0.0,0.0,0.0,0.0,0.0,0.0,0.0,21259.0,142.222,0.0,0.0,0.0,0.0,0.0,5.556,0.0,6.667,141.111,158.889,32.222,293.333,272.222,223.333,186.667,254.444,175.556,0.9077287703453664,111.389,1.0324117409458522,0.8515235823313398,1.0042249289824046,394.44449999999995,1.9998615437867775,3.61125,1.296969730027518,183.33350000000002,1.0536900873844874,165.5557
malecns_all,1.0,A,0.02,2,2,3286,,105.5555,0.9052631080332147,10.0,398.3335,2.9699999999999998,3.889,15.5555,240.0,169.1112,19873.0,163.333,47.778,0.0,0.0,0.0,1.111,27.778,0.0,0.0,0.0,18.889,0.0,0.0,0.0,0.0,0.0,0.0,0.0,19283.666666666668,20.0,0.0,0.0,0.0,0.0,0.0,3.333,0.0,0.0,0.0,7.778,0.0,0.0,0.0,0.0,0.0,0.0,0.0,17766.333333333332,0.0,0.0,407.778,388.889,0.0,2.222,25.556,0.0,0.0,0.0,0.0,0.0,0.0,0.0,0.0,0.0,0.0,0.0,20025.666666666668,0.0,0.0,404.444,21.111,0.0,7.778,31.111,0.0,0.0,0.0,0.0,0.0,0.0,0.0,0.0,0.0,0.0,0.0,20237.666666666668,0.0,0.0,0.0,0.0,3.333,0.0,240.0,0.0,0.0,0.0,7.778,0.0,0.0,0.0,0.0,0.0,0.0,0.0,21622.666666666668,177.778,0.0,0.0,0.0,0.0,0.0,2.222,0.0,7.778,135.556,160.0,27.778,291.111,256.667,212.222,176.667,251.111,172.222,0.8482151646219089,124.44425,1.0240116814216242,0.8840359191766718,1.012711859020399,393.33349999999996,1.0,3.889,1.4352135627681681,167.2225,1.0343189497495566,163.50005
malecns_all,1.0,A,0.02,4,1,3286,,122.2225,0.8909079752091472,13.3335,392.222,2.9000000000000004,4.4445,1.111,133.333,156.111,18563.666666666668,188.889,55.556,0.0,0.0,0.0,0.0,0.0,1.111,0.0,0.0,1.111,0.0,0.0,0.0,0.0,0.0,0.0,0.0,19045.333333333332,26.667,0.0,0.0,0.0,0.0,0.0,0.0,0.0,1.111,0.0,0.0,0.0,0.0,0.0,0.0,0.0,0.0,0.0,20873.666666666668,0.0,0.0,403.333,381.111,1.111,2.222,0.0,0.0,0.0,0.0,0.0,0.0,0.0,0.0,0.0,0.0,0.0,0.0,19594.666666666668,2.222,0.0,400.0,10.0,0.0,8.889,2.222,0.0,0.0,0.0,0.0,0.0,0.0,0.0,0.0,0.0,0.0,0.0,20208.666666666668,1.111,0.0,0.0,0.0,5.556,0.0,133.333,0.0,2.222,0.0,1.111,0.0,0.0,0.0,0.0,0.0,0.0,0.0,20812.666666666668,125.556,0.0,0.0,0.0,0.0,0.0,0.0,0.0,6.667,63.333,96.667,11.111,293.333,267.778,214.444,181.111,254.444,172.222,1.0972582570989955,111.389,1.046251676048688,0.8515235823313398,0.994365493751339,394.44449999999995,1.23073727933541,3.61125,0.7272702479361381,183.33350000000002,0.9429515262839032,165.5557
malecns_all,1.0,A,0.02,3,1,3286,,123.88900000000001,0.8609884654811969,17.222,394.4445,3.065,3.3335,1.6665,174.444,166.44430000000003,19375.666666666668,195.556,52.222,0.0,0.0,0.0,2.222,8.889,4.444,0.0,0.0,6.667,1.111,0.0,0.0,0.0,0.0,0.0,0.0,19616.666666666668,34.444,0.0,1.111,0.0,0.0,0.0,2.222,0.0,0.0,0.0,1.111,0.0,0.0,0.0,0.0,0.0,0.0,0.0,21358.0,0.0,0.0,403.333,385.556,1.111,3.333,7.778,0.0,0.0,0.0,0.0,0.0,0.0,0.0,0.0,0.0,0.0,0.0,20686.666666666668,17.778,0.0,401.111,24.444,0.0,6.667,3.333,0.0,0.0,0.0,0.0,0.0,0.0,0.0,0.0,0.0,0.0,0.0,20283.0,12.222,0.0,0.0,0.0,8.889,0.0,174.444,0.0,0.0,0.0,4.444,0.0,0.0,0.0,0.0,0.0,0.0,0.0,21476.666666666668,98.889,0.0,0.0,0.0,0.0,0.0,0.0,0.0,7.778,121.111,136.667,8.889,292.222,264.444,223.333,183.333,253.333,173.333,1.1122193394320805,111.389,1.0111152331494375,0.8515235823313398,1.0000000000000002,394.44449999999995,0.9230875735548633,3.61125,0.9515118622619433,183.33350000000002,1.0053673778673886,165.5557
malecns_all,1.0,A,0.02,4,2,3286,,136.667,0.9308940709900708,9.4445,390.55550000000005,3.0300000000000002,4.4445,0.0,142.222,154.66680000000002,19665.333333333332,215.556,57.778,0.0,0.0,0.0,0.0,0.0,0.0,0.0,0.0,0.0,0.0,0.0,0.0,0.0,0.0,0.0,0.0,19066.333333333332,18.889,0.0,0.0,0.0,0.0,0.0,0.0,0.0,0.0,0.0,0.0,1.111,0.0,0.0,0.0,0.0,0.0,0.0,20984.0,0.0,0.0,407.778,373.333,0.0,2.222,0.0,0.0,0.0,0.0,0.0,0.0,0.0,0.0,0.0,0.0,0.0,0.0,19824.333333333332,0.0,0.0,403.333,12.222,0.0,8.889,0.0,0.0,0.0,0.0,0.0,0.0,0.0,0.0,0.0,0.0,0.0,0.0,17139.666666666668,6.667,1.111,0.0,0.0,5.556,0.0,142.222,0.0,1.111,0.0,2.222,0.0,0.0,0.0,0.0,0.0,0.0,0.0,21046.333333333332,113.333,0.0,0.0,0.0,0.0,0.0,0.0,0.0,6.667,72.222,96.667,10.0,296.667,253.333,215.556,177.778,248.889,168.889,1.0982186802524023,124.44425,1.0530048053443795,0.8840359191766718,0.9929372911282667,393.33349999999996,1.1428387760349703,3.889,0.8504955971833934,167.2225,0.9459740226379137,163.50005
malecns_all,1.0,A,0.02,3,2,3286,,143.889,0.8918923614730799,15.5555,395.0,2.965,3.3335,1.6665,162.222,160.55569999999997,19641.0,222.222,65.556,0.0,0.0,0.0,1.111,5.556,1.111,0.0,0.0,0.0,0.0,0.0,0.0,0.0,0.0,0.0,0.0,19672.333333333332,31.111,0.0,1.111,0.0,0.0,0.0,1.111,0.0,0.0,0.0,0.0,0.0,0.0,0.0,0.0,0.0,0.0,0.0,21289.333333333332,0.0,0.0,407.778,382.222,0.0,2.222,0.0,0.0,0.0,0.0,0.0,0.0,0.0,0.0,0.0,0.0,0.0,0.0,20689.666666666668,11.111,0.0,402.222,21.111,0.0,6.667,3.333,0.0,0.0,0.0,0.0,0.0,0.0,0.0,0.0,0.0,0.0,0.0,20283.333333333332,6.667,0.0,0.0,0.0,8.889,0.0,162.222,0.0,0.0,0.0,3.333,0.0,0.0,0.0,0.0,0.0,0.0,0.0,21475.666666666668,154.444,0.0,0.0,0.0,0.0,0.0,0.0,0.0,7.778,117.778,136.667,8.889,298.889,246.667,203.333,170.0,248.889,166.667,1.156252699501986,124.44425,1.0088870170611677,0.8840359191766718,1.004236862611499,393.33349999999996,0.8571612239650296,3.889,0.9700967274140742,167.2225,0.9819917486263765,163.50005
malecns_all,1.0,A,0.02,6,2,3286,,118.88900000000001,0.9345776312358587,7.778,398.33349999999996,2.9000000000000004,3.3335,4.4445,167.778,161.99989999999997,19528.0,188.889,48.889,0.0,0.0,0.0,0.0,1.111,0.0,0.0,0.0,2.222,3.333,0.0,0.0,0.0,0.0,0.0,0.0,19538.666666666668,15.556,0.0,0.0,0.0,0.0,0.0,1.111,0.0,0.0,0.0,0.0,0.0,0.0,0.0,0.0,0.0,0.0,0.0,18081.333333333332,0.0,0.0,411.111,385.556,0.0,3.333,8.889,0.0,0.0,0.0,0.0,0.0,0.0,0.0,0.0,0.0,0.0,0.0,20450.333333333332,0.0,0.0,402.222,23.333,0.0,6.667,8.889,0.0,0.0,0.0,0.0,0.0,0.0,0.0,0.0,0.0,0.0,0.0,16882.666666666668,4.444,0.0,0.0,0.0,3.333,0.0,167.778,0.0,0.0,0.0,2.222,0.0,0.0,0.0,0.0,0.0,0.0,0.0,21349.333333333332,177.778,0.0,0.0,0.0,0.0,0.0,0.0,0.0,6.667,124.444,133.333,10.0,290.0,252.222,211.111,173.333,247.778,171.111,0.955359528463549,124.44425,1.0571715593934892,0.8840359191766718,1.0127118590203987,393.33349999999996,0.8571612239650296,3.889,1.0033219213921571,167.2225,0.9908247734480814,163.50005
malecns_all,1.0,A,0.02,6,1,3286,,103.88900000000001,0.8770033401033795,12.778,393.8885,2.9000000000000004,3.3335,5.5555,173.333,161.11110000000002,16001.333333333334,165.556,42.222,0.0,0.0,0.0,0.0,4.444,0.0,0.0,0.0,3.333,7.778,0.0,0.0,0.0,0.0,0.0,0.0,19303.0,25.556,0.0,0.0,0.0,0.0,0.0,3.333,0.0,0.0,0.0,0.0,0.0,0.0,0.0,0.0,0.0,0.0,0.0,21179.666666666668,0.0,0.0,404.444,383.333,0.0,3.333,6.667,0.0,0.0,0.0,0.0,0.0,0.0,0.0,0.0,0.0,0.0,0.0,20303.666666666668,3.333,0.0,400.0,22.222,0.0,6.667,11.111,0.0,0.0,0.0,0.0,0.0,0.0,0.0,0.0,0.0,0.0,0.0,20002.0,2.222,0.0,0.0,0.0,3.333,0.0,173.333,0.0,0.0,0.0,3.333,0.0,0.0,0.0,0.0,0.0,0.0,0.0,21312.333333333332,175.556,0.0,0.0,0.0,0.0,0.0,0.0,0.0,6.667,122.222,118.889,10.0,282.222,263.333,221.111,173.333,245.556,167.778,0.9326683963407519,111.389,1.0299225509436627,0.8515235823313398,0.9985904227337434,394.44449999999995,0.9230875735548633,3.61125,0.9454518677710292,183.33350000000002,0.9731534462419598,165.5557
malecns_all,1.0,A,0.02,5,2,3286,,109.4445,0.9390878481787572,6.6665,393.8885,3.0,3.3335,0.0,112.222,173.7778,19366.0,182.222,36.667,0.0,0.0,0.0,0.0,0.0,0.0,0.0,0.0,0.0,0.0,0.0,0.0,0.0,0.0,0.0,0.0,19300.0,13.333,0.0,0.0,0.0,0.0,0.0,0.0,0.0,0.0,0.0,0.0,0.0,0.0,0.0,0.0,0.0,0.0,0.0,21329.0,0.0,0.0,404.444,383.333,0.0,3.333,0.0,0.0,0.0,0.0,0.0,0.0,0.0,0.0,0.0,0.0,0.0,0.0,20855.0,0.0,0.0,400.0,13.333,0.0,6.667,0.0,0.0,0.0,0.0,0.0,0.0,0.0,0.0,0.0,0.0,0.0,0.0,20102.666666666668,7.778,0.0,0.0,0.0,3.333,0.0,112.222,0.0,1.111,0.0,3.333,0.0,0.0,0.0,0.0,0.0,0.0,0.0,21795.333333333332,117.778,0.0,0.0,0.0,0.0,0.0,0.0,0.0,10.0,158.889,127.778,10.0,301.111,272.222,220.0,195.556,257.778,184.444,0.8794661063086483,124.44425,1.0622734074576483,0.8840359191766718,1.0014110163512644,393.33349999999996,0.8571612239650296,3.889,0.6710939018373724,167.2225,1.0628608370456158,163.50005
malecns_all,1.0,A,0.02,7,1,3286,,55.5555,0.84999684999685,8.3335,390.0,3.0,19.4445,6.111,192.222,158.11100000000005,20215.666666666668,97.778,13.333,0.0,0.0,0.0,3.333,7.778,0.0,20.0,0.0,14.444,18.889,0.0,0.0,0.0,0.0,0.0,0.0,20049.0,16.667,0.0,2.222,0.0,0.0,2.222,2.222,0.0,22.222,0.0,0.0,40.0,0.0,0.0,0.0,0.0,0.0,0.0,21939.0,0.0,0.0,402.222,377.778,0.0,3.333,25.556,0.0,0.0,0.0,0.0,0.0,0.0,0.0,0.0,0.0,0.0,0.0,20884.666666666668,0.0,0.0,396.667,20.0,0.0,38.889,12.222,0.0,0.0,0.0,0.0,0.0,0.0,0.0,0.0,0.0,0.0,0.0,20522.0,4.444,0.0,0.0,0.0,5.556,0.0,192.222,0.0,10.0,0.0,6.667,16.667,0.0,0.0,0.0,0.0,0.0,0.0,21764.333333333332,160.0,0.0,0.0,0.0,0.0,0.0,0.0,0.0,7.778,94.444,130.0,11.111,284.444,268.889,211.111,166.667,243.333,163.333,0.4987521209455153,111.389,0.9982070580707701,0.8515235823313398,0.9887322551081332,394.44449999999995,5.384423676012461,3.61125,1.0484826831975607,183.33350000000002,0.9550320526565986,165.5557
malecns_all,1.0,A,0.02,5,1,3286,,114.4445,0.9271830450567742,8.3335,393.33299999999997,3.0300000000000002,3.889,0.0,140.0,178.3332,19413.666666666668,193.333,35.556,0.0,0.0,0.0,0.0,0.0,0.0,0.0,0.0,3.333,1.111,0.0,0.0,0.0,0.0,0.0,0.0,19105.666666666668,16.667,0.0,0.0,0.0,0.0,0.0,0.0,0.0,0.0,0.0,0.0,0.0,0.0,0.0,0.0,0.0,0.0,0.0,21518.0,0.0,0.0,402.222,384.444,0.0,1.111,1.111,0.0,0.0,0.0,0.0,0.0,0.0,0.0,0.0,0.0,0.0,0.0,20809.0,0.0,0.0,401.111,15.556,0.0,7.778,0.0,0.0,0.0,0.0,0.0,0.0,0.0,0.0,0.0,0.0,0.0,0.0,20143.333333333332,15.556,0.0,0.0,0.0,4.444,0.0,140.0,0.0,0.0,0.0,2.222,0.0,0.0,0.0,0.0,0.0,0.0,0.0,21760.333333333332,121.111,0.0,0.0,0.0,0.0,0.0,0.0,0.0,12.222,174.444,121.111,10.0,292.222,280.0,235.556,204.444,260.0,193.333,1.0274308953307778,111.389,1.0888518701012255,0.8515235823313398,0.9971821130729419,394.44449999999995,1.0769124264451366,3.61125,0.7636356694221187,183.33350000000002,1.0771794628635558,165.5557
malecns_all,1.0,A,0.02,7,2,3286,,73.88900000000001,0.9323309288256709,5.0,390.0,3.135,18.3335,0.5555,164.444,158.2222,20152.333333333332,127.778,20.0,0.0,0.0,0.0,1.111,6.667,0.0,13.333,0.0,11.111,11.111,0.0,0.0,0.0,0.0,0.0,0.0,20239.333333333332,10.0,0.0,0.0,0.0,0.0,1.111,0.0,1.111,6.667,0.0,0.0,8.889,0.0,0.0,0.0,0.0,0.0,0.0,21933.0,0.0,0.0,404.444,375.556,0.0,2.222,18.889,0.0,0.0,0.0,0.0,0.0,0.0,0.0,0.0,0.0,0.0,0.0,21308.0,0.0,0.0,398.889,22.222,0.0,36.667,1.111,0.0,0.0,0.0,0.0,0.0,0.0,0.0,0.0,0.0,0.0,0.0,20685.0,1.111,0.0,0.0,0.0,4.444,0.0,164.444,0.0,2.222,0.0,3.333,5.556,0.0,0.0,0.0,0.0,0.0,0.0,21837.333333333332,117.778,0.0,0.0,0.0,0.0,0.0,0.0,0.0,6.667,107.778,122.222,12.222,288.889,258.889,206.667,173.333,244.444,161.111,0.5937518205943626,124.44425,1.0546301440941197,0.8840359191766718,0.9915250035911003,393.33349999999996,4.714193880174853,3.889,0.9833844129827026,167.2225,0.9677195817371309,163.50005
malecns_all,1.0,A,0.05,0,1,8216,,113.8885,0.9609749886950834,4.4445,416.111,3.0,7.2219999999999995,12.778,203.333,168.33319999999998,11550.333333333334,183.333,44.444,0.0,0.0,3.333,0.0,5.556,2.222,0.0,0.0,0.0,1.111,0.0,0.0,0.0,0.0,0.0,0.0,8830.333333333334,8.889,0.0,1.111,1.111,0.0,0.0,6.667,4.444,0.0,0.0,0.0,0.0,0.0,0.0,0.0,0.0,0.0,0.0,10142.666666666666,0.0,0.0,423.333,408.889,1.111,2.222,2.222,6.667,0.0,0.0,0.0,0.0,0.0,0.0,0.0,0.0,0.0,0.0,12211.0,0.0,0.0,412.222,34.444,0.0,10.0,25.556,4.444,0.0,0.0,0.0,0.0,0.0,0.0,0.0,0.0,0.0,0.0,9841.666666666666,3.333,0.0,0.0,0.0,5.556,0.0,203.333,0.0,0.0,0.0,0.0,0.0,0.0,0.0,0.0,0.0,0.0,0.0,19395.0,0.0,0.0,0.0,0.0,0.0,0.0,0.0,0.0,8.889,132.222,133.333,11.111,293.333,268.889,230.0,174.444,254.444,176.667,1.0224393791128388,111.389,1.1285359661608931,0.8515235823313398,1.054929147193078,394.44449999999995,1.9998615437867773,3.61125,1.1090880826471976,183.33350000000002,1.0167768310000802,165.5557
malecns_all,1.0,A,0.05,0,2,8216,,134.4445,0.9545462997742563,6.111,416.1115,2.9699999999999998,13.333499999999999,8.889,170.0,166.0,11892.0,211.111,57.778,0.0,0.0,12.222,0.0,2.222,1.111,0.0,0.0,0.0,0.0,0.0,0.0,0.0,0.0,0.0,0.0,9296.666666666666,12.222,0.0,0.0,0.0,2.222,0.0,7.778,7.778,0.0,0.0,0.0,0.0,1.111,0.0,0.0,0.0,0.0,0.0,10425.666666666666,0.0,0.0,426.667,405.556,0.0,1.111,2.222,20.0,0.0,0.0,0.0,0.0,0.0,0.0,0.0,0.0,0.0,0.0,12352.0,0.0,0.0,413.333,34.444,0.0,7.778,17.778,18.889,0.0,0.0,0.0,0.0,0.0,0.0,0.0,0.0,0.0,0.0,12834.0,5.556,0.0,0.0,0.0,4.444,0.0,170.0,0.0,0.0,0.0,1.111,0.0,0.0,0.0,0.0,0.0,0.0,0.0,19523.0,0.0,0.0,0.0,0.0,0.0,0.0,0.0,0.0,7.778,124.444,138.889,10.0,298.889,257.778,215.556,183.333,254.444,168.889,1.0803592773470851,124.44425,1.0797596331416635,0.8840359191766718,1.0579101449533284,393.33349999999996,3.4285163281049114,3.889,1.0166096069607857,167.2225,1.0152902093913734,163.50005
malecns_all,1.0,A,0.02,8,1,3286,,102.778,0.8054058261495651,20.0,395.0,2.965,5.0,21.111,117.778,158.2222,19454.0,166.667,38.889,0.0,0.0,0.0,0.0,13.333,1.111,0.0,0.0,5.556,3.333,0.0,0.0,0.0,0.0,0.0,0.0,19234.333333333332,40.0,0.0,0.0,0.0,0.0,0.0,12.222,0.0,0.0,0.0,2.222,0.0,0.0,0.0,0.0,0.0,0.0,0.0,21112.666666666668,0.0,0.0,402.222,387.778,0.0,1.111,17.778,0.0,0.0,0.0,0.0,0.0,0.0,0.0,0.0,0.0,0.0,0.0,19800.666666666668,22.222,0.0,400.0,22.222,0.0,10.0,42.222,0.0,0.0,0.0,0.0,0.0,0.0,0.0,0.0,0.0,0.0,0.0,20115.333333333332,46.667,0.0,0.0,0.0,3.333,0.0,117.778,0.0,0.0,0.0,4.444,0.0,0.0,0.0,0.0,0.0,0.0,0.0,21087.333333333332,36.667,0.0,0.0,0.0,0.0,0.0,0.0,0.0,6.667,85.556,144.444,11.111,286.667,270.0,212.222,172.222,243.333,150.0,0.9226943414520286,111.389,0.9458408937360121,0.8515235823313398,1.0014083096608015,394.44449999999995,1.3845621322256836,3.61125,0.6424248705228449,183.33350000000002,0.9557037299229201,165.5557
malecns_all,1.0,A,0.02,8,2,3286,,130.5555,0.8893612295154169,14.4445,395.5555,3.0,3.889,22.778,101.111,154.88899999999998,19505.0,206.667,54.444,0.0,0.0,0.0,0.0,20.0,1.111,0.0,0.0,3.333,0.0,0.0,0.0,0.0,0.0,0.0,0.0,19304.333333333332,28.889,0.0,0.0,0.0,0.0,0.0,23.333,0.0,0.0,0.0,5.556,0.0,0.0,0.0,0.0,0.0,0.0,0.0,20689.0,0.0,0.0,406.667,384.444,0.0,2.222,23.333,0.0,0.0,0.0,0.0,0.0,0.0,0.0,0.0,0.0,0.0,0.0,19768.666666666668,14.444,0.0,403.333,20.0,0.0,7.778,45.556,0.0,0.0,0.0,0.0,0.0,0.0,0.0,0.0,0.0,0.0,0.0,20103.666666666668,28.889,1.111,0.0,0.0,3.333,0.0,101.111,0.0,0.0,0.0,3.333,0.0,0.0,0.0,0.0,0.0,0.0,0.0,21126.333333333332,38.889,0.0,0.0,0.0,0.0,0.0,0.0,0.0,6.667,90.0,134.444,7.778,288.889,257.778,207.778,157.778,240.0,157.778,1.049108335660346,124.44425,1.0060238619531485,0.8840359191766718,1.0056491501486653,393.33349999999996,1.0,3.889,0.6046494939377177,167.2225,0.9473330436290386,163.50005
malecns_all,1.0,A,0.02,9,1,3286,,77.778,0.807143408161691,15.0,397.778,3.0,4.4445,14.4445,194.444,168.7777,16598.0,127.778,27.778,0.0,0.0,0.0,0.0,14.444,2.222,1.111,0.0,3.333,6.667,0.0,0.0,0.0,0.0,0.0,0.0,19846.0,30.0,0.0,0.0,0.0,0.0,0.0,15.556,0.0,0.0,0.0,2.222,0.0,0.0,0.0,0.0,0.0,0.0,0.0,21872.666666666668,0.0,0.0,405.556,390.0,0.0,3.333,31.111,0.0,0.0,0.0,0.0,0.0,0.0,0.0,0.0,0.0,0.0,0.0,20710.666666666668,2.222,0.0,395.556,20.0,0.0,8.889,28.889,0.0,0.0,0.0,0.0,0.0,0.0,0.0,0.0,0.0,0.0,0.0,20688.0,5.556,0.0,0.0,0.0,5.556,0.0,194.444,0.0,1.111,0.0,4.444,0.0,0.0,0.0,0.0,0.0,0.0,0.0,21579.666666666668,172.222,0.0,0.0,0.0,0.0,0.0,5.556,0.0,10.0,153.333,143.333,10.0,280.0,264.444,215.556,183.333,251.111,176.667,0.6982556625878679,111.389,0.9478814502727654,0.8515235823313398,1.0084511255702642,394.44449999999995,1.23073727933541,3.61125,1.0606026721793889,183.33350000000002,1.0194617279864118,165.5557
malecns_all,1.0,A,0.02,9,2,3286,,91.111,0.8536565288494254,13.3335,393.889,3.0,3.889,10.5555,176.667,177.00010000000003,16503.666666666668,143.333,38.889,0.0,0.0,0.0,0.0,15.556,1.111,0.0,0.0,4.444,1.111,0.0,0.0,0.0,0.0,0.0,0.0,19889.333333333332,26.667,0.0,3.333,0.0,0.0,0.0,22.222,0.0,0.0,0.0,2.222,0.0,0.0,0.0,0.0,0.0,0.0,0.0,21728.333333333332,0.0,0.0,405.556,382.222,0.0,3.333,21.111,0.0,0.0,0.0,0.0,0.0,0.0,0.0,0.0,0.0,0.0,0.0,20863.666666666668,0.0,0.0,398.889,23.333,0.0,7.778,21.111,0.0,0.0,0.0,0.0,0.0,0.0,0.0,0.0,0.0,0.0,0.0,20754.0,4.444,0.0,0.0,0.0,5.556,0.0,176.667,0.0,0.0,0.0,3.333,0.0,0.0,0.0,0.0,0.0,0.0,0.0,21743.666666666668,61.111,0.0,0.0,0.0,0.0,0.0,11.111,0.0,7.778,178.889,155.556,11.111,290.0,250.0,225.556,201.111,261.111,188.889,0.7321431082593209,124.44425,0.9656355701524667,0.8840359191766718,1.0014122875371665,393.33349999999996,1.0,3.889,1.0564786437231832,167.2225,1.0825690878993617,163.50005
malecns_all,1.0,A,0.05,3,1,8216,,78.333,0.8581568432206095,11.111,411.1115,3.065,3.3335,1.111,142.222,167.6668,18118.666666666668,124.444,32.222,0.0,0.0,0.0,2.222,3.333,1.111,0.0,0.0,1.111,0.0,0.0,0.0,0.0,0.0,0.0,0.0,18360.666666666668,22.222,0.0,0.0,0.0,0.0,0.0,0.0,0.0,0.0,0.0,0.0,0.0,0.0,0.0,0.0,0.0,0.0,0.0,13858.333333333334,0.0,0.0,415.556,406.667,1.111,3.333,0.0,0.0,0.0,0.0,0.0,0.0,0.0,0.0,0.0,0.0,0.0,0.0,19911.0,5.556,0.0,406.667,26.667,0.0,6.667,2.222,0.0,0.0,0.0,0.0,0.0,0.0,0.0,0.0,0.0,0.0,0.0,16382.0,13.333,0.0,0.0,0.0,15.556,0.0,142.222,0.0,0.0,0.0,0.0,0.0,0.0,0.0,0.0,0.0,0.0,0.0,20659.666666666668,97.778,0.0,0.0,0.0,0.0,0.0,0.0,0.0,7.778,120.0,102.222,8.889,305.556,287.778,225.556,186.667,254.444,177.778,0.7032382012586521,111.389,1.007789873383317,0.8515235823313398,1.042254360245865,394.44449999999995,0.9230875735548633,3.61125,0.7757556584039469,183.33350000000002,1.0127515996126983,165.5557
malecns_all,1.0,A,0.05,3,2,8216,,114.44449999999999,0.8834937458768224,13.3335,409.4445,2.965,3.3335,0.0,126.667,162.2223,18629.333333333332,177.778,51.111,0.0,0.0,0.0,3.333,0.0,2.222,0.0,0.0,0.0,0.0,0.0,0.0,0.0,0.0,0.0,0.0,18421.666666666668,26.667,0.0,1.111,0.0,0.0,0.0,0.0,0.0,0.0,0.0,0.0,0.0,0.0,0.0,0.0,0.0,0.0,0.0,16101.0,0.0,0.0,415.556,403.333,0.0,2.222,0.0,0.0,0.0,0.0,0.0,0.0,0.0,0.0,0.0,0.0,0.0,0.0,16739.0,2.222,0.0,411.111,25.556,0.0,6.667,0.0,0.0,0.0,0.0,0.0,0.0,0.0,0.0,0.0,0.0,0.0,0.0,18564.333333333332,18.889,0.0,0.0,0.0,13.333,0.0,126.667,0.0,0.0,0.0,0.0,0.0,0.0,0.0,0.0,0.0,0.0,0.0,20798.666666666668,143.333,0.0,0.0,0.0,0.0,0.0,0.0,0.0,7.778,118.889,106.667,8.889,311.111,271.111,213.333,166.667,245.556,172.222,0.9196447405163356,124.44425,0.9993867067071728,0.8840359191766718,1.040960152135529,393.33349999999996,0.8571612239650296,3.889,0.7574758181464815,167.2225,0.9921850176804228,163.50005
malecns_all,1.0,A,0.05,1,2,8216,,129.4445,0.9699562360702849,3.889,401.66650000000004,3.0,4.4445,3.889,141.111,153.22220000000002,15410.666666666666,200.0,58.889,0.0,0.0,0.0,0.0,15.556,1.111,2.222,0.0,0.0,1.111,0.0,0.0,0.0,0.0,0.0,0.0,18516.0,7.778,0.0,0.0,0.0,0.0,0.0,0.0,0.0,0.0,0.0,0.0,0.0,0.0,0.0,0.0,0.0,0.0,0.0,20266.333333333332,0.0,0.0,414.444,388.889,0.0,2.222,4.444,0.0,0.0,0.0,0.0,0.0,0.0,0.0,0.0,0.0,0.0,0.0,19017.666666666668,0.0,0.0,408.889,43.333,0.0,8.889,7.778,0.0,0.0,0.0,0.0,0.0,0.0,0.0,0.0,0.0,0.0,0.0,19124.0,0.0,0.0,0.0,0.0,3.333,0.0,141.111,12.222,0.0,0.0,0.0,0.0,0.0,0.0,0.0,0.0,0.0,0.0,20460.666666666668,172.222,0.0,0.0,0.0,0.0,0.0,1.111,0.0,7.778,86.667,81.111,7.778,294.444,247.778,212.222,183.333,243.333,167.778,1.0401806431393978,124.44425,1.097190979495079,0.8840359191766718,1.0211855842433968,393.33349999999996,1.1428387760349703,3.889,0.843851754399079,167.2225,0.9371385513337765,163.50005
malecns_all,1.0,A,0.05,1,1,8216,,75.5555,0.9264712694641687,5.5555,398.889,3.035,2.778,9.4445,161.111,155.7777,18960.333333333332,124.444,26.667,0.0,0.0,0.0,0.0,2.222,2.222,0.0,0.0,0.0,3.333,0.0,0.0,0.0,0.0,0.0,0.0,17995.666666666668,11.111,0.0,0.0,0.0,0.0,0.0,0.0,0.0,0.0,0.0,0.0,0.0,0.0,0.0,0.0,0.0,0.0,0.0,20158.333333333332,0.0,0.0,410.0,387.778,1.111,1.111,0.0,0.0,0.0,0.0,0.0,0.0,0.0,0.0,0.0,0.0,0.0,0.0,18889.666666666668,0.0,0.0,411.111,50.0,0.0,5.556,18.889,0.0,0.0,0.0,0.0,0.0,0.0,0.0,0.0,0.0,0.0,0.0,19182.666666666668,0.0,0.0,0.0,0.0,3.333,0.0,161.111,4.444,0.0,0.0,0.0,1.111,0.0,0.0,0.0,0.0,0.0,0.0,20397.0,172.222,0.0,0.0,0.0,0.0,0.0,1.111,0.0,7.778,82.222,82.222,7.778,287.778,262.222,221.111,183.333,248.889,174.444,0.6783030640368438,111.389,1.088015985332589,0.8515235823313398,1.011267744891867,394.44449999999995,0.7692627206645898,3.61125,0.8787864738304783,183.33350000000002,0.9409383065638937,165.5557
malecns_all,1.0,A,0.05,4,1,8216,,123.8885,0.9372177401453726,7.778,396.1115,2.9000000000000004,6.6665,0.0,105.556,174.88899999999998,14689.666666666666,193.333,54.444,0.0,0.0,0.0,0.0,0.0,1.111,1.111,0.0,1.111,0.0,0.0,0.0,0.0,0.0,0.0,0.0,18377.666666666668,15.556,0.0,0.0,0.0,0.0,0.0,0.0,0.0,7.778,0.0,0.0,1.111,0.0,0.0,0.0,0.0,0.0,0.0,20146.666666666668,0.0,0.0,406.667,385.556,2.222,2.222,0.0,0.0,0.0,0.0,0.0,0.0,0.0,0.0,0.0,0.0,0.0,0.0,19089.666666666668,0.0,0.0,404.444,10.0,0.0,13.333,0.0,0.0,0.0,0.0,0.0,0.0,0.0,0.0,0.0,0.0,0.0,0.0,19510.333333333332,2.222,1.111,0.0,0.0,3.333,0.0,105.556,0.0,5.556,0.0,1.111,2.222,0.0,0.0,0.0,0.0,0.0,0.0,20110.666666666668,164.444,0.0,0.0,0.0,0.0,0.0,0.0,0.0,7.778,151.111,155.556,11.111,286.667,267.778,212.222,191.111,265.556,200.0,1.112214850658503,111.389,1.1006362707881976,0.8515235823313398,1.0042261965878596,394.44449999999995,1.846036690896504,3.61125,0.575759476582294,183.33350000000002,1.0563755883971375,165.5557
malecns_all,1.0,A,0.05,2,2,8216,,122.778,0.9411783870074444,7.222,401.66650000000004,2.9699999999999998,5.555499999999999,16.111,234.444,169.7778,15533.666666666666,188.889,56.667,0.0,0.0,0.0,1.111,36.667,0.0,0.0,0.0,25.556,0.0,0.0,0.0,0.0,0.0,0.0,0.0,18366.666666666668,14.444,0.0,1.111,0.0,0.0,0.0,4.444,0.0,0.0,0.0,22.222,0.0,0.0,0.0,0.0,0.0,0.0,0.0,19905.0,0.0,0.0,410.0,393.333,0.0,2.222,30.0,0.0,0.0,0.0,0.0,0.0,0.0,0.0,0.0,0.0,0.0,0.0,19158.333333333332,3.333,0.0,405.556,22.222,0.0,8.889,32.222,2.222,0.0,0.0,2.222,0.0,0.0,0.0,0.0,0.0,0.0,0.0,18624.666666666668,6.667,0.0,0.0,0.0,3.333,0.0,234.444,0.0,0.0,0.0,17.778,0.0,0.0,0.0,0.0,0.0,0.0,0.0,20728.666666666668,178.889,0.0,0.0,0.0,0.0,0.0,0.0,0.0,7.778,127.778,171.111,43.333,291.111,258.889,202.222,162.222,255.556,177.778,0.9866104701502882,124.44425,1.0646381742995137,0.8840359191766718,1.0211855842433968,393.33349999999996,1.4285163281049111,3.889,1.401988368790085,167.2225,1.0383960127229321,163.50005
malecns_all,1.0,A,0.05,2,1,8216,,85.55600000000001,0.9025959605404648,8.3335,402.22249999999997,2.9699999999999998,5.5555,24.4445,237.778,176.3334,18568.333333333332,135.556,35.556,0.0,0.0,0.0,0.0,36.667,0.0,0.0,0.0,46.667,0.0,0.0,0.0,0.0,0.0,0.0,0.0,18187.0,16.667,0.0,0.0,0.0,0.0,0.0,12.222,1.111,0.0,0.0,32.222,0.0,0.0,0.0,0.0,0.0,0.0,0.0,20318.0,0.0,0.0,407.778,396.667,0.0,2.222,25.556,0.0,0.0,0.0,0.0,0.0,0.0,0.0,0.0,0.0,0.0,0.0,19206.333333333332,6.667,0.0,405.556,21.111,0.0,7.778,48.889,3.333,0.0,0.0,0.0,0.0,0.0,0.0,0.0,0.0,0.0,0.0,18805.666666666668,7.778,1.111,0.0,0.0,3.333,0.0,237.778,0.0,0.0,0.0,36.667,0.0,0.0,0.0,0.0,0.0,0.0,0.0,20569.0,141.111,0.0,0.0,0.0,0.0,0.0,0.0,0.0,6.667,142.222,176.667,53.333,292.222,276.667,210.0,172.222,255.556,177.778,0.7680830243560856,111.389,1.0599776439183242,0.8515235823313398,1.019718870462131,394.44449999999995,1.538386985115957,3.61125,1.296969730027518,183.33350000000002,1.0651001445434982,165.5557
malecns_all,1.0,A,0.05,4,2,8216,,146.1115,0.9505719946752993,7.222,397.222,3.0300000000000002,6.111,0.0,83.333,170.2223,15210.0,226.667,65.556,0.0,0.0,0.0,0.0,0.0,0.0,3.333,0.0,0.0,0.0,0.0,0.0,0.0,0.0,0.0,0.0,18570.666666666668,14.444,0.0,0.0,0.0,0.0,0.0,0.0,0.0,8.889,0.0,0.0,0.0,0.0,0.0,0.0,0.0,0.0,0.0,20087.333333333332,0.0,0.0,411.111,383.333,0.0,3.333,0.0,0.0,0.0,0.0,0.0,0.0,0.0,0.0,0.0,0.0,0.0,0.0,19569.333333333332,0.0,0.0,407.778,14.444,0.0,12.222,0.0,0.0,0.0,0.0,0.0,0.0,0.0,0.0,0.0,0.0,0.0,0.0,19684.666666666668,8.889,0.0,0.0,0.0,3.333,0.0,83.333,0.0,4.444,0.0,3.333,1.111,0.0,0.0,0.0,0.0,0.0,0.0,20280.333333333332,132.222,0.0,0.0,0.0,0.0,0.0,0.0,0.0,6.667,146.667,160.0,8.889,288.889,258.889,202.222,177.778,258.889,193.333,1.174112102407303,124.44425,1.0752639955632057,0.8840359191766718,1.009886012760164,393.33349999999996,1.5713551041398817,3.889,0.49833604927566566,167.2225,1.0411146663257902,163.50005
malecns_all,1.0,A,0.05,5,1,8216,,88.88900000000001,0.925001968747539,6.6665,396.66700000000003,3.0300000000000002,5.0,0.0,155.556,169.5556,15172.0,152.222,25.556,0.0,0.0,0.0,0.0,5.556,2.222,1.111,0.0,11.111,1.111,0.0,0.0,0.0,0.0,0.0,0.0,18166.0,13.333,0.0,0.0,0.0,0.0,0.0,2.222,0.0,18.889,0.0,23.333,0.0,0.0,0.0,0.0,0.0,0.0,0.0,20888.0,0.0,0.0,405.556,387.778,0.0,1.111,1.111,0.0,0.0,0.0,0.0,0.0,0.0,0.0,0.0,0.0,0.0,0.0,19926.333333333332,0.0,0.0,405.556,17.778,0.0,8.889,0.0,1.111,0.0,0.0,0.0,0.0,0.0,0.0,0.0,0.0,0.0,0.0,19540.333333333332,12.222,0.0,0.0,0.0,8.889,0.0,155.556,0.0,22.222,0.0,16.667,0.0,0.0,0.0,0.0,0.0,0.0,0.0,21064.333333333332,115.556,0.0,0.0,0.0,0.0,0.0,0.0,0.0,7.778,142.222,147.778,10.0,290.0,272.222,220.0,176.667,253.333,175.556,0.7980051890222555,111.389,1.086290489119546,0.8515235823313398,1.0056345062486614,394.44449999999995,1.3845621322256836,3.61125,0.8484865013759079,183.33350000000002,1.0241604487190716,165.5557
malecns_all,1.0,A,0.05,5,2,8216,,96.6665,0.9597688961532692,3.889,395.55550000000005,3.0,7.7775,0.0,145.556,170.22220000000002,18665.0,162.222,31.111,0.0,0.0,0.0,0.0,2.222,1.111,5.556,0.0,6.667,1.111,0.0,0.0,0.0,0.0,0.0,0.0,18117.666666666668,7.778,0.0,1.111,0.0,0.0,0.0,2.222,2.222,20.0,0.0,16.667,1.111,0.0,0.0,0.0,0.0,0.0,0.0,20642.0,0.0,0.0,407.778,383.333,0.0,3.333,0.0,0.0,0.0,0.0,0.0,0.0,0.0,0.0,0.0,0.0,0.0,0.0,20054.666666666668,0.0,0.0,403.333,15.556,0.0,13.333,0.0,2.222,0.0,0.0,1.111,0.0,0.0,0.0,0.0,0.0,0.0,0.0,19382.0,6.667,0.0,0.0,0.0,6.667,0.0,145.556,0.0,24.444,0.0,10.0,0.0,0.0,0.0,0.0,0.0,0.0,0.0,21195.666666666668,117.778,0.0,0.0,0.0,0.0,0.0,0.0,0.0,7.778,157.778,158.889,11.111,295.556,258.889,213.333,174.444,253.333,171.111,0.7767855887274824,124.44425,1.0856673075536678,0.8840359191766718,1.0056491501486655,393.33349999999996,1.999871432244793,3.889,0.8704331055928479,167.2225,1.0411140547051823,163.50005
malecns_all,1.0,A,0.1,0,2,16432,,152.222,0.9270079226393031,11.111,407.222,2.9699999999999998,41.667,0.0,111.111,196.6666,7839.0,240.0,64.444,0.0,0.0,0.0,0.0,1.111,18.889,0.0,0.0,0.0,1.111,0.0,0.0,0.0,0.0,0.0,0.0,9210.333333333334,22.222,0.0,1.111,0.0,0.0,0.0,0.0,63.333,0.0,0.0,0.0,0.0,0.0,0.0,0.0,0.0,0.0,0.0,12721.0,71.111,15.556,424.444,390.0,1.111,3.333,0.0,50.0,0.0,0.0,0.0,0.0,0.0,0.0,0.0,0.0,0.0,0.0,15571.0,2.222,0.0,408.889,17.778,0.0,6.667,0.0,76.667,0.0,0.0,0.0,0.0,0.0,0.0,0.0,0.0,0.0,0.0,8190.0,37.778,10.0,0.0,0.0,3.333,0.0,111.111,0.0,0.0,0.0,3.333,0.0,1.111,0.0,0.0,0.0,0.0,0.0,18366.666666666668,0.0,0.0,0.0,0.0,0.0,0.0,0.0,10.0,91.111,201.111,124.444,42.222,302.222,273.333,226.667,237.778,267.778,200.0,1.2232144112725176,124.44425,1.0486088885422804,0.8840359191766718,1.0353097308009616,393.33349999999996,10.714065312419645,3.889,0.6644500590530581,167.2225,1.2028534547848762,163.50005
malecns_all,1.0,A,0.1,0,1,16432,,141.6665,0.921569319493317,11.111,405.0,3.0,38.889,0.0,125.556,201.77790000000002,10633.0,228.889,54.444,0.0,0.0,0.0,0.0,0.0,24.444,0.0,0.0,0.0,3.333,0.0,0.0,0.0,0.0,0.0,0.0,8773.333333333334,22.222,0.0,0.0,0.0,0.0,0.0,0.0,68.889,0.0,0.0,0.0,0.0,0.0,0.0,0.0,0.0,0.0,0.0,15481.0,38.889,10.0,418.889,391.111,1.111,3.333,0.0,58.889,0.0,0.0,0.0,0.0,0.0,0.0,0.0,0.0,0.0,0.0,15075.666666666666,4.444,0.0,406.667,17.778,0.0,6.667,0.0,71.111,0.0,0.0,0.0,0.0,0.0,0.0,0.0,0.0,0.0,0.0,11167.333333333334,148.889,36.667,0.0,0.0,3.333,0.0,125.556,0.0,1.111,0.0,6.667,8.889,2.222,0.0,0.0,0.0,0.0,0.0,18124.333333333332,0.0,0.0,0.0,0.0,0.0,0.0,0.0,3.333,90.0,197.778,138.889,57.778,297.778,290.0,237.778,238.889,266.667,202.222,1.2718176839723851,111.389,1.0822593039293202,0.8515235823313398,1.0267604187661383,394.44449999999995,10.768847352024922,3.61125,0.6848502864997394,183.33350000000002,1.2187916211885186,165.5557
malecns_all,1.0,A,0.05,6,1,8216,,93.88900000000001,0.875741567169743,11.6665,401.66700000000003,2.9000000000000004,3.3335,2.778,182.222,164.2222,14884.666666666666,145.556,42.222,0.0,0.0,0.0,0.0,1.111,0.0,0.0,0.0,27.778,8.889,0.0,0.0,0.0,0.0,0.0,0.0,18181.0,23.333,0.0,0.0,0.0,0.0,0.0,0.0,0.0,0.0,0.0,24.444,0.0,0.0,0.0,0.0,0.0,0.0,0.0,19463.333333333332,0.0,0.0,407.778,395.556,0.0,3.333,2.222,0.0,0.0,0.0,0.0,0.0,0.0,0.0,0.0,0.0,0.0,0.0,19117.666666666668,6.667,0.0,395.556,23.333,0.0,6.667,5.556,0.0,0.0,0.0,4.444,0.0,0.0,0.0,0.0,0.0,0.0,0.0,18840.0,5.556,0.0,0.0,0.0,6.667,0.0,182.222,0.0,0.0,0.0,22.222,0.0,0.0,0.0,0.0,0.0,0.0,0.0,20063.666666666668,166.667,0.0,0.0,0.0,0.0,0.0,0.0,0.0,8.889,127.778,143.333,24.444,282.222,253.333,220.0,171.111,245.556,165.556,0.8428929247950876,111.389,1.0284407682193581,0.8515235823313398,1.0183105608013296,394.44449999999995,0.9230875735548633,3.61125,0.9939372782388379,183.33350000000002,0.9919453090410054,165.5557
malecns_all,1.0,A,0.05,6,2,8216,,100.55600000000001,0.895028640757389,10.5555,403.33299999999997,2.9000000000000004,3.889,3.889,175.556,166.11110000000002,18358.666666666668,155.556,45.556,0.0,0.0,0.0,0.0,1.111,0.0,0.0,0.0,47.778,7.778,0.0,0.0,0.0,0.0,0.0,0.0,18119.333333333332,21.111,0.0,0.0,0.0,0.0,0.0,0.0,0.0,0.0,0.0,12.222,0.0,0.0,0.0,0.0,0.0,0.0,0.0,19801.333333333332,0.0,0.0,412.222,394.444,0.0,4.444,2.222,1.111,0.0,0.0,0.0,0.0,0.0,0.0,0.0,0.0,0.0,0.0,16347.666666666666,2.222,0.0,403.333,23.333,0.0,7.778,7.778,0.0,0.0,0.0,1.111,0.0,0.0,0.0,0.0,0.0,0.0,0.0,19022.0,2.222,0.0,0.0,0.0,3.333,0.0,175.556,0.0,0.0,0.0,12.222,0.0,0.0,0.0,0.0,0.0,0.0,0.0,20182.333333333332,172.222,0.0,0.0,0.0,0.0,0.0,0.0,0.0,12.222,125.556,147.778,23.333,293.333,251.111,216.667,173.333,250.0,167.778,0.8080405482776425,124.44425,1.0124347001544405,0.8840359191766718,1.0254224468548954,393.33349999999996,1.0,3.889,1.049834800938869,167.2225,1.015969719886936,163.50005
malecns_all,1.0,A,0.05,7,2,8216,,102.7775,0.9837853615820583,1.6665,388.33299999999997,3.135,18.3335,0.0,136.667,162.6666,18634.666666666668,172.222,33.333,0.0,0.0,0.0,0.0,0.0,0.0,0.0,0.0,0.0,0.0,0.0,0.0,0.0,0.0,0.0,0.0,18710.0,3.333,0.0,0.0,0.0,0.0,0.0,0.0,1.111,0.0,0.0,0.0,0.0,0.0,0.0,0.0,0.0,0.0,0.0,20583.0,0.0,0.0,402.222,374.444,0.0,2.222,0.0,0.0,0.0,0.0,0.0,0.0,0.0,0.0,0.0,0.0,0.0,0.0,20087.666666666668,0.0,0.0,398.889,17.778,0.0,36.667,0.0,0.0,0.0,0.0,0.0,0.0,0.0,0.0,0.0,0.0,0.0,0.0,19812.666666666668,4.444,0.0,0.0,0.0,3.333,0.0,136.667,0.0,0.0,0.0,1.111,0.0,0.0,0.0,0.0,0.0,0.0,0.0,20420.666666666668,123.333,0.0,0.0,0.0,0.0,0.0,0.0,0.0,6.667,140.0,60.0,11.111,297.778,274.444,213.333,193.333,245.556,184.444,0.825891915456118,124.44425,1.1128341510131015,0.8840359191766718,0.9872868697936993,393.33349999999996,4.714193880174853,3.889,0.8172763832618218,167.2225,0.9949024480420648,163.50005
malecns_all,1.0,A,0.05,7,1,8216,,75.0,1.0,0.0,391.111,3.0,18.3335,0.0,160.0,163.6667,18673.0,128.889,21.111,0.0,0.0,0.0,1.111,0.0,1.111,0.0,0.0,0.0,0.0,0.0,0.0,0.0,0.0,0.0,0.0,18707.0,0.0,0.0,2.222,0.0,0.0,1.111,0.0,1.111,0.0,0.0,0.0,0.0,0.0,0.0,0.0,0.0,0.0,0.0,20575.333333333332,0.0,0.0,402.222,380.0,0.0,3.333,0.0,0.0,0.0,0.0,0.0,0.0,0.0,0.0,0.0,0.0,0.0,0.0,19899.666666666668,0.0,0.0,393.333,18.889,0.0,36.667,0.0,0.0,0.0,0.0,0.0,0.0,0.0,0.0,0.0,0.0,0.0,0.0,19426.333333333332,11.111,0.0,0.0,0.0,4.444,0.0,160.0,0.0,0.0,0.0,1.111,0.0,0.0,0.0,0.0,0.0,0.0,0.0,20368.333333333332,176.667,0.0,0.0,0.0,0.0,0.0,0.0,0.0,7.778,137.778,62.222,10.0,295.556,284.444,218.889,182.222,247.778,190.0,0.6733160365924822,111.389,1.1743655968542348,0.8515235823313398,0.991548874429736,394.44449999999995,5.076773970231915,3.61125,0.8727264793395642,183.33350000000002,0.9885899428409894,165.5557
malecns_all,1.0,A,0.1,1,1,16432,,66.1115,0.9579800791087784,2.778,395.0,3.035,6.111,11.6665,224.444,152.11110000000002,17262.666666666668,106.667,25.556,0.0,0.0,0.0,0.0,25.556,3.333,0.0,0.0,0.0,15.556,0.0,0.0,0.0,0.0,0.0,0.0,16729.666666666668,5.556,0.0,0.0,0.0,0.0,0.0,8.889,0.0,0.0,0.0,8.889,18.889,0.0,0.0,0.0,0.0,0.0,0.0,18838.666666666668,0.0,0.0,417.778,372.222,1.111,1.111,14.444,0.0,0.0,0.0,0.0,0.0,0.0,0.0,0.0,0.0,0.0,0.0,17745.666666666668,0.0,0.0,418.889,38.889,0.0,8.889,23.333,3.333,0.0,0.0,0.0,2.222,0.0,0.0,0.0,0.0,0.0,0.0,18010.666666666668,0.0,0.0,0.0,0.0,3.333,0.0,224.444,3.333,0.0,0.0,7.778,13.333,0.0,0.0,0.0,0.0,0.0,0.0,18826.333333333332,121.111,0.0,0.0,0.0,0.0,0.0,2.222,0.0,7.778,64.444,92.222,7.778,286.667,258.889,218.889,174.444,244.444,165.556,0.5935191087091186,111.389,1.1250188473770475,0.8515235823313398,1.0014083096608015,394.44449999999995,1.6922118380062305,3.61125,1.2242388870555572,183.33350000000002,0.9187910775648318,165.5557
malecns_all,1.0,A,0.05,9,1,8216,,36.6665,1.0,0.0,397.22249999999997,3.0,5.5555,46.6665,210.0,167.5556,18659.666666666668,64.444,8.889,0.0,0.0,0.0,0.0,53.333,0.0,0.0,0.0,0.0,1.111,0.0,0.0,0.0,0.0,0.0,0.0,18624.0,0.0,0.0,1.111,0.0,0.0,0.0,96.667,0.0,0.0,0.0,0.0,0.0,0.0,0.0,0.0,0.0,0.0,0.0,20579.666666666668,0.0,0.0,405.556,388.889,0.0,3.333,70.0,0.0,0.0,0.0,0.0,0.0,0.0,0.0,0.0,0.0,0.0,0.0,19662.666666666668,0.0,0.0,397.778,21.111,0.0,11.111,93.333,0.0,0.0,0.0,0.0,0.0,0.0,0.0,0.0,0.0,0.0,0.0,19220.333333333332,3.333,0.0,0.0,0.0,6.667,0.0,210.0,0.0,0.0,0.0,1.111,0.0,0.0,0.0,0.0,0.0,0.0,0.0,20442.666666666668,0.0,0.0,0.0,0.0,0.0,0.0,65.556,0.0,10.0,125.556,121.111,10.0,288.889,261.111,231.111,205.556,251.111,171.111,0.32917523274291,111.389,1.1743655968542348,0.8515235823313398,1.0070428159094627,394.44449999999995,1.538386985115957,3.61125,1.145453504133178,183.33350000000002,1.0120799223463766,165.5557
malecns_all,1.0,A,0.05,8,1,8216,,93.88900000000001,0.7633162564304657,22.222,389.444,2.965,0.5555,15.5555,118.889,166.4446,19462.666666666668,155.556,32.222,0.0,0.0,0.0,0.0,5.556,2.222,1.111,0.0,13.333,3.333,0.0,0.0,0.0,0.0,0.0,0.0,18812.666666666668,44.444,0.0,0.0,0.0,0.0,0.0,3.333,0.0,2.222,0.0,18.889,0.0,0.0,0.0,0.0,0.0,0.0,0.0,20692.333333333332,0.0,0.0,404.444,374.444,3.333,0.0,27.778,0.0,0.0,0.0,0.0,0.0,0.0,0.0,0.0,0.0,0.0,0.0,19826.0,25.556,0.0,401.111,15.556,0.0,1.111,31.111,0.0,0.0,0.0,0.0,0.0,0.0,0.0,0.0,0.0,0.0,0.0,19675.333333333332,55.556,1.111,0.0,0.0,3.333,0.0,118.889,0.0,1.111,0.0,4.444,0.0,0.0,0.0,0.0,0.0,0.0,0.0,20870.333333333332,42.222,0.0,0.0,0.0,0.0,0.0,0.0,0.0,6.667,151.111,167.778,10.0,288.889,270.0,205.556,166.667,242.222,155.556,0.8428929247950876,111.389,0.896412351071504,0.8515235823313398,0.9873226778418766,394.44449999999995,0.15382485289027345,3.61125,0.648484865013759,183.33350000000002,1.0053691899463444,165.5557
malecns_all,1.0,A,0.1,1,2,16432,,99.4445,0.9664787896766538,3.3335,396.6665,3.0,6.111,5.0,221.111,151.3332,17084.0,152.222,46.667,0.0,0.0,0.0,0.0,25.556,1.111,4.444,0.0,3.333,12.222,0.0,0.0,0.0,0.0,0.0,0.0,16921.333333333332,6.667,0.0,0.0,0.0,0.0,0.0,7.778,0.0,0.0,0.0,8.889,22.222,0.0,0.0,0.0,0.0,0.0,0.0,18919.333333333332,0.0,0.0,421.111,372.222,0.0,2.222,16.667,0.0,0.0,0.0,0.0,0.0,0.0,0.0,0.0,0.0,0.0,0.0,18032.0,1.111,0.0,417.778,32.222,0.0,8.889,10.0,3.333,0.0,0.0,0.0,0.0,0.0,0.0,0.0,0.0,0.0,0.0,18017.666666666668,0.0,0.0,1.111,0.0,3.333,0.0,221.111,5.556,0.0,0.0,4.444,3.333,0.0,0.0,0.0,0.0,0.0,0.0,18750.666666666668,128.889,0.0,0.0,0.0,0.0,0.0,1.111,0.0,7.778,71.111,101.111,7.778,292.222,242.222,214.444,173.333,241.111,162.222,0.7991088378932736,124.44425,1.0932573764386897,0.8840359191766718,1.0084737252229978,393.33349999999996,1.5713551041398817,3.889,1.3222562753218017,167.2225,0.9255850380473891,163.50005
malecns_all,1.0,A,0.05,9,2,8216,,49.4445,1.0,0.0,397.778,3.0,3.3335,38.3335,197.778,165.1112,18676.0,85.556,13.333,0.0,0.0,0.0,0.0,58.889,2.222,0.0,0.0,0.0,2.222,0.0,0.0,0.0,0.0,0.0,0.0,18783.0,0.0,0.0,3.333,0.0,0.0,0.0,88.889,0.0,0.0,0.0,0.0,1.111,0.0,0.0,0.0,0.0,0.0,0.0,20557.333333333332,0.0,0.0,408.889,386.667,0.0,5.556,62.222,0.0,0.0,0.0,0.0,0.0,0.0,0.0,0.0,0.0,0.0,0.0,19668.666666666668,0.0,0.0,403.333,31.111,0.0,6.667,76.667,0.0,0.0,0.0,0.0,0.0,0.0,0.0,0.0,0.0,0.0,0.0,19352.333333333332,2.222,0.0,0.0,0.0,5.556,0.0,197.778,0.0,0.0,0.0,0.0,0.0,0.0,0.0,0.0,0.0,0.0,0.0,20442.333333333332,0.0,0.0,0.0,0.0,0.0,0.0,58.889,0.0,6.667,118.889,114.444,8.889,295.556,251.111,225.556,202.222,252.222,175.556,0.3973224958163997,124.44425,1.1311757568983496,0.8840359191766718,1.0112995714832327,393.33349999999996,0.8571612239650296,3.889,1.182723616738178,167.2225,1.009854125426873,163.50005
malecns_all,1.0,A,0.05,8,2,8216,,112.77749999999999,0.8571434905012081,16.111,384.4445,3.0,1.111,10.0,116.667,162.0001,19341.333333333332,184.444,41.111,0.0,0.0,0.0,0.0,1.111,1.111,0.0,0.0,8.889,0.0,0.0,0.0,0.0,0.0,0.0,0.0,19068.666666666668,32.222,0.0,1.111,0.0,0.0,0.0,0.0,0.0,0.0,0.0,24.444,0.0,0.0,0.0,0.0,0.0,0.0,0.0,20522.0,0.0,0.0,405.556,363.333,1.111,0.0,13.333,0.0,0.0,0.0,0.0,0.0,0.0,0.0,0.0,0.0,0.0,0.0,19783.333333333332,11.111,0.0,402.222,18.889,0.0,2.222,20.0,0.0,0.0,0.0,0.0,0.0,0.0,0.0,0.0,0.0,0.0,0.0,19668.666666666668,36.667,0.0,0.0,0.0,3.333,0.0,116.667,0.0,0.0,0.0,6.667,1.111,0.0,0.0,0.0,0.0,0.0,0.0,21018.666666666668,42.222,0.0,0.0,0.0,0.0,0.0,0.0,0.0,6.667,147.778,145.556,8.889,292.222,257.778,206.667,151.111,241.111,162.222,0.9062491838714926,124.44425,0.9695799366381974,0.8840359191766718,0.9774008570335353,393.33349999999996,0.2856775520699409,3.889,0.6976752530311412,167.2225,0.9908259966892977,163.50005
malecns_all,1.0,A,0.1,3,1,16432,,69.4445,0.8719985024011981,8.889,415.5555,3.065,3.3335,3.3335,146.667,180.8888,13509.0,113.333,25.556,0.0,0.0,0.0,2.222,6.667,3.333,0.0,0.0,1.111,1.111,0.0,0.0,0.0,0.0,0.0,0.0,16844.333333333332,17.778,0.0,1.111,0.0,0.0,0.0,12.222,0.0,2.222,0.0,0.0,0.0,0.0,0.0,0.0,0.0,0.0,0.0,13643.0,0.0,0.0,418.889,412.222,0.0,3.333,0.0,0.0,0.0,0.0,0.0,0.0,0.0,0.0,0.0,0.0,0.0,0.0,17161.666666666668,0.0,0.0,412.222,45.556,0.0,6.667,6.667,0.0,0.0,0.0,0.0,0.0,0.0,0.0,0.0,0.0,0.0,0.0,15170.666666666666,18.889,0.0,0.0,0.0,13.333,0.0,146.667,0.0,0.0,0.0,0.0,0.0,0.0,0.0,0.0,0.0,0.0,0.0,18842.666666666668,96.667,0.0,0.0,0.0,0.0,0.0,0.0,0.0,7.778,162.222,122.222,11.111,311.111,296.667,233.333,198.889,264.444,201.111,0.6234412733752884,111.389,1.024045041728382,0.8515235823313398,1.0535208375322764,394.44449999999995,0.9230875735548633,3.61125,0.8000010909080991,183.33350000000002,1.0926159594625857,165.5557
malecns_all,1.0,A,0.1,2,1,16432,,141.1115,0.9842535867027138,2.222,411.111,2.9699999999999998,1.6665,102.778,297.778,194.55559999999997,14891.666666666666,216.667,65.556,0.0,0.0,0.0,0.0,100.0,1.111,0.0,0.0,23.333,0.0,0.0,0.0,0.0,0.0,0.0,0.0,16562.0,4.444,0.0,0.0,0.0,0.0,0.0,145.556,1.111,0.0,0.0,97.778,0.0,0.0,0.0,0.0,0.0,0.0,0.0,18251.666666666668,0.0,0.0,417.778,404.444,0.0,0.0,200.0,0.0,0.0,0.0,2.222,0.0,0.0,0.0,0.0,0.0,0.0,0.0,17787.333333333332,0.0,0.0,413.333,22.222,0.0,3.333,205.556,0.0,0.0,0.0,37.778,0.0,0.0,0.0,0.0,0.0,0.0,0.0,17291.0,1.111,0.0,0.0,0.0,4.444,0.0,297.778,0.0,0.0,0.0,55.556,0.0,0.0,0.0,0.0,0.0,0.0,0.0,18625.333333333332,132.222,0.0,0.0,0.0,0.0,0.0,108.889,0.0,17.778,135.556,186.667,82.222,296.667,307.778,234.444,238.889,264.444,181.111,1.266835145301601,111.389,1.1558735508040539,0.8515235823313398,1.0422530926404097,394.44449999999995,0.4614745586708204,3.61125,1.6242421597798546,183.33350000000002,1.1751670283777602,165.5557
malecns_all,1.0,A,0.1,3,2,16432,,82.778,0.8389245934910242,13.3335,413.33349999999996,2.965,3.3335,1.6665,140.0,174.1112,16741.0,128.889,36.667,0.0,0.0,0.0,1.111,2.222,3.333,0.0,0.0,0.0,0.0,0.0,0.0,0.0,0.0,0.0,0.0,16791.666666666668,26.667,0.0,1.111,0.0,0.0,0.0,5.556,0.0,0.0,0.0,0.0,0.0,0.0,0.0,0.0,0.0,0.0,0.0,18257.333333333332,0.0,0.0,420.0,406.667,0.0,2.222,2.222,0.0,0.0,0.0,0.0,0.0,0.0,0.0,0.0,0.0,0.0,0.0,17877.666666666668,0.0,0.0,414.444,55.556,0.0,6.667,3.333,0.0,0.0,0.0,0.0,0.0,0.0,0.0,0.0,0.0,0.0,0.0,15272.666666666666,16.667,0.0,0.0,0.0,6.667,0.0,140.0,0.0,0.0,0.0,0.0,0.0,0.0,0.0,0.0,0.0,0.0,0.0,19103.333333333332,157.778,0.0,0.0,0.0,0.0,0.0,0.0,0.0,8.889,156.667,118.889,11.111,315.556,275.556,221.111,183.333,258.889,191.111,0.6651813964887893,124.44425,0.9489711620228496,0.8840359191766718,1.050847436081595,393.33349999999996,0.8571612239650296,3.889,0.8372079116147648,167.2225,1.0648999801529113,163.50005
malecns_all,1.0,A,0.1,2,2,16432,,139.4445,0.9760944318348878,3.3335,408.889,2.9699999999999998,1.6665,103.3335,306.667,189.11110000000002,10566.0,213.333,65.556,0.0,0.0,0.0,0.0,103.333,0.0,0.0,0.0,21.111,1.111,0.0,0.0,0.0,0.0,0.0,0.0,16836.333333333332,6.667,0.0,1.111,0.0,0.0,0.0,161.111,0.0,0.0,0.0,85.556,0.0,0.0,0.0,0.0,0.0,0.0,0.0,18316.666666666668,0.0,0.0,418.889,398.889,0.0,0.0,206.667,0.0,0.0,0.0,2.222,0.0,0.0,0.0,0.0,0.0,0.0,0.0,17812.0,0.0,0.0,413.333,23.333,0.0,3.333,206.667,0.0,0.0,0.0,37.778,0.0,0.0,0.0,0.0,0.0,0.0,0.0,17377.333333333332,0.0,0.0,0.0,0.0,3.333,0.0,306.667,0.0,0.0,0.0,72.222,0.0,0.0,0.0,0.0,0.0,0.0,0.0,18829.0,164.444,0.0,0.0,0.0,0.0,0.0,112.222,0.0,14.444,125.556,190.0,70.0,297.778,290.0,231.111,233.333,261.111,177.778,1.1205379115547727,124.44425,1.1041343577350937,0.8840359191766718,1.0395478645983627,393.33349999999996,0.42851632810491136,3.889,1.8338859902226075,167.2225,1.1566424597423672,163.50005
malecns_all,1.0,A,0.1,4,1,16432,,91.11099999999999,0.9756121653806895,2.222,397.222,2.9000000000000004,8.889,0.0,46.667,174.7778,17383.666666666668,144.444,37.778,0.0,0.0,0.0,1.111,0.0,0.0,5.556,0.0,0.0,1.111,0.0,0.0,0.0,0.0,0.0,0.0,17585.333333333332,4.444,0.0,0.0,0.0,0.0,0.0,0.0,0.0,17.778,0.0,2.222,32.222,0.0,0.0,0.0,0.0,0.0,0.0,18947.0,0.0,0.0,410.0,384.444,2.222,2.222,0.0,0.0,0.0,0.0,3.333,0.0,0.0,0.0,0.0,0.0,0.0,0.0,18384.333333333332,0.0,0.0,403.333,11.111,0.0,17.778,0.0,0.0,0.0,0.0,4.444,1.111,0.0,0.0,0.0,0.0,0.0,0.0,18150.333333333332,0.0,0.0,0.0,0.0,3.333,0.0,46.667,0.0,5.556,0.0,2.222,13.333,0.0,0.0,0.0,0.0,0.0,0.0,18767.333333333332,143.333,0.0,0.0,0.0,0.0,0.0,0.0,0.0,7.778,121.111,231.111,15.556,283.333,261.111,222.222,175.556,253.333,176.667,0.8179532987997019,111.389,1.1457253628955457,0.8515235823313398,1.0070415483040074,394.44449999999995,2.46147455867082,3.61125,0.2545470413208715,183.33350000000002,1.055703911130816,165.5557
malecns_all,1.0,A,0.1,4,2,16432,,92.77799999999999,0.9640701459397703,3.3335,396.6665,3.0300000000000002,11.110999999999999,0.0,32.222,170.1111,17664.666666666668,150.0,35.556,0.0,0.0,0.0,0.0,0.0,1.111,6.667,0.0,0.0,2.222,0.0,0.0,0.0,0.0,0.0,0.0,17730.0,6.667,0.0,0.0,0.0,0.0,0.0,0.0,1.111,16.667,0.0,1.111,32.222,0.0,0.0,0.0,0.0,0.0,0.0,19036.666666666668,0.0,0.0,411.111,382.222,0.0,3.333,0.0,0.0,0.0,0.0,2.222,0.0,0.0,0.0,0.0,0.0,0.0,0.0,18551.333333333332,0.0,0.0,406.667,11.111,0.0,17.778,0.0,4.444,0.0,0.0,3.333,0.0,0.0,0.0,0.0,0.0,0.0,0.0,18100.666666666668,0.0,0.0,0.0,0.0,3.333,0.0,32.222,0.0,4.444,0.0,3.333,14.444,0.0,0.0,0.0,0.0,0.0,0.0,18880.0,112.222,0.0,0.0,0.0,0.0,0.0,0.0,0.0,6.667,122.222,220.0,13.333,286.667,247.778,214.444,164.444,246.667,178.889,0.7455386649041639,124.44425,1.090532777036522,0.8840359191766718,1.0084737252229978,393.33349999999996,2.8570326562098223,3.889,0.19268938091464966,167.2225,1.0404345442096194,163.50005
malecns_all,1.0,A,0.1,5,1,16432,,103.8885,0.925131270544863,7.778,393.33349999999996,3.0300000000000002,13.333499999999999,0.0,106.667,185.3331,11114.0,173.333,34.444,0.0,0.0,0.0,2.222,0.0,15.556,0.0,0.0,0.0,1.111,0.0,0.0,0.0,0.0,0.0,0.0,17420.333333333332,15.556,0.0,0.0,0.0,0.0,0.0,2.222,10.0,3.333,0.0,1.111,0.0,0.0,0.0,0.0,0.0,0.0,0.0,19547.0,0.0,0.0,400.0,386.667,0.0,1.111,0.0,13.333,0.0,0.0,0.0,0.0,0.0,0.0,0.0,0.0,0.0,0.0,19061.666666666668,0.0,0.0,402.222,17.778,0.0,17.778,0.0,8.889,0.0,0.0,0.0,0.0,0.0,0.0,0.0,0.0,0.0,0.0,18104.0,7.778,0.0,0.0,0.0,5.556,0.0,106.667,0.0,3.333,0.0,2.222,0.0,0.0,0.0,0.0,0.0,0.0,0.0,19483.666666666668,132.222,0.0,0.0,0.0,0.0,0.0,0.0,6.667,8.889,204.444,161.111,12.222,294.444,274.444,230.0,193.333,262.222,212.222,0.9326639075671744,111.389,1.0864423367019345,0.8515235823313398,0.9971833806783971,394.44449999999995,3.69221183800623,3.61125,0.5818194710732081,183.33350000000002,1.1194607011416702,165.5557
malecns_all,1.0,A,0.1,5,2,16432,,142.778,0.9649805992519856,5.0,392.222,3.0,21.6665,0.0,80.0,180.3334,10765.0,230.0,55.556,0.0,0.0,0.0,0.0,2.222,16.667,0.0,0.0,0.0,0.0,0.0,0.0,0.0,0.0,0.0,0.0,17160.0,10.0,0.0,0.0,0.0,0.0,0.0,3.333,15.556,1.111,0.0,3.333,1.111,0.0,0.0,0.0,0.0,0.0,0.0,19313.0,0.0,0.0,402.222,382.222,0.0,3.333,0.0,6.667,0.0,0.0,0.0,0.0,0.0,0.0,0.0,0.0,0.0,0.0,19087.0,0.0,0.0,405.556,17.778,0.0,14.444,0.0,28.889,0.0,0.0,0.0,0.0,0.0,0.0,0.0,0.0,0.0,0.0,14958.666666666666,6.667,0.0,0.0,0.0,4.444,0.0,80.0,0.0,1.111,0.0,3.333,0.0,0.0,0.0,0.0,0.0,0.0,0.0,19581.0,194.444,0.0,0.0,0.0,0.0,0.0,0.0,16.667,10.0,203.333,166.667,15.556,300.0,262.222,208.889,176.667,257.778,202.222,1.1473250069810377,124.44425,1.091562659751088,0.8840359191766718,0.9971741537397654,393.33349999999996,5.571226536384675,3.889,0.47840452092272273,167.2225,1.102956237628062,163.50005
malecns_all,1.0,A,0.1,7,1,16432,,97.778,0.9943187629119025,0.5555,402.22249999999997,3.0,4.4445,0.0,127.778,166.66670000000005,16991.333333333332,156.667,38.889,0.0,0.0,0.0,0.0,0.0,0.0,0.0,0.0,0.0,0.0,0.0,0.0,0.0,0.0,0.0,0.0,16392.333333333332,1.111,0.0,0.0,0.0,0.0,0.0,0.0,0.0,0.0,0.0,0.0,0.0,0.0,0.0,0.0,0.0,0.0,0.0,18551.666666666668,0.0,0.0,407.778,396.667,1.111,3.333,0.0,0.0,0.0,0.0,0.0,0.0,0.0,0.0,0.0,0.0,0.0,0.0,17531.666666666668,0.0,0.0,398.889,21.111,0.0,8.889,0.0,0.0,0.0,0.0,0.0,0.0,0.0,0.0,0.0,0.0,0.0,0.0,17835.333333333332,1.111,0.0,0.0,0.0,5.556,0.0,127.778,0.0,0.0,0.0,0.0,0.0,0.0,0.0,0.0,0.0,0.0,0.0,18157.333333333332,185.556,0.0,0.0,0.0,0.0,0.0,0.0,0.0,8.889,156.667,42.222,8.889,294.444,287.778,223.333,196.667,248.889,198.889,0.8778066056791964,111.389,1.1676937474704006,0.8515235823313398,1.019718870462131,394.44449999999995,1.23073727933541,3.61125,0.6969702754815678,183.33350000000002,1.0067107324000324,165.5557
malecns_all,1.0,A,0.1,6,2,16432,,83.889,0.8940385509423167,8.889,398.3335,2.9000000000000004,5.5555,0.0,172.222,181.1112,17685.666666666668,131.111,36.667,0.0,0.0,0.0,0.0,1.111,1.111,0.0,0.0,67.778,6.667,0.0,0.0,0.0,0.0,0.0,0.0,17581.0,17.778,0.0,0.0,0.0,0.0,0.0,3.333,1.111,0.0,0.0,20.0,0.0,0.0,0.0,0.0,0.0,0.0,0.0,19729.333333333332,0.0,0.0,407.778,388.889,0.0,4.444,0.0,16.667,0.0,0.0,0.0,0.0,0.0,0.0,0.0,0.0,0.0,0.0,18796.333333333332,7.778,0.0,401.111,24.444,0.0,7.778,0.0,3.333,0.0,0.0,15.556,0.0,0.0,0.0,0.0,0.0,0.0,0.0,17914.666666666668,2.222,0.0,0.0,0.0,3.333,0.0,172.222,0.0,0.0,0.0,27.778,0.0,0.0,0.0,0.0,0.0,0.0,0.0,19048.666666666668,175.556,0.0,0.0,0.0,0.0,0.0,0.0,0.0,10.0,157.778,258.889,16.667,286.667,254.444,220.0,177.778,247.778,181.111,0.6741090890097373,124.44425,1.0113147345584788,0.8840359191766718,1.012711859020399,393.33349999999996,1.4285163281049114,3.889,1.0298972925294145,167.2225,1.1077134227176078,163.50005
malecns_all,1.0,A,0.1,8,2,16432,,127.222,0.9082980930971059,11.6665,396.66700000000003,3.0,7.778,2.222,80.0,166.889,14369.666666666666,201.111,53.333,0.0,0.0,0.0,0.0,5.556,0.0,0.0,0.0,0.0,0.0,0.0,0.0,0.0,0.0,0.0,0.0,17245.666666666668,23.333,0.0,2.222,1.111,0.0,0.0,0.0,0.0,0.0,0.0,1.111,0.0,0.0,0.0,0.0,0.0,0.0,0.0,19007.0,0.0,0.0,415.556,377.778,2.222,0.0,0.0,0.0,0.0,0.0,0.0,0.0,0.0,0.0,0.0,0.0,0.0,0.0,18348.333333333332,0.0,0.0,410.0,26.667,0.0,15.556,4.444,0.0,0.0,0.0,0.0,0.0,0.0,0.0,0.0,0.0,0.0,0.0,14988.666666666666,13.333,0.0,0.0,0.0,2.222,0.0,80.0,0.0,4.444,0.0,4.444,6.667,0.0,0.0,0.0,0.0,0.0,0.0,18501.333333333332,42.222,0.0,0.0,0.0,0.0,0.0,0.0,0.0,6.667,180.0,171.111,8.889,288.889,256.667,187.778,153.333,245.556,170.0,1.0223212402340807,124.44425,1.0274447829484463,0.8840359191766718,1.0084749964089,393.33349999999996,2.0,3.889,0.47840452092272273,167.2225,1.02072751659709,163.50005
malecns_all,1.0,A,0.1,8,1,16432,,60.555499999999995,0.8165154279958055,11.111,400.0,2.965,7.222,2.222,75.556,168.2223,14492.0,103.333,17.778,0.0,0.0,0.0,0.0,6.667,2.222,0.0,0.0,1.111,0.0,0.0,0.0,0.0,0.0,0.0,0.0,17228.333333333332,22.222,0.0,2.222,0.0,0.0,0.0,3.333,0.0,2.222,0.0,2.222,1.111,0.0,0.0,0.0,0.0,0.0,0.0,18769.666666666668,0.0,0.0,413.333,386.667,3.333,0.0,1.111,0.0,0.0,0.0,0.0,0.0,0.0,0.0,0.0,0.0,0.0,0.0,18217.666666666668,0.0,0.0,406.667,34.444,0.0,14.444,4.444,0.0,0.0,0.0,0.0,0.0,0.0,0.0,0.0,0.0,0.0,0.0,17956.0,21.111,0.0,0.0,0.0,3.333,0.0,75.556,0.0,5.556,0.0,6.667,10.0,0.0,0.0,0.0,0.0,0.0,0.0,18310.333333333332,42.222,0.0,0.0,0.0,0.0,0.0,0.0,0.0,7.778,182.222,162.222,11.111,291.111,268.889,186.667,167.778,245.556,158.889,0.5436398567183474,111.389,0.958887627938985,0.8515235823313398,1.01408436421347,394.44449999999995,1.9998615437867775,3.61125,0.4121232617061257,183.33350000000002,1.0161069658127144,165.5557
malecns_all,1.0,A,0.1,6,1,16432,,55.0,0.8181818181818181,10.0,400.5555,2.9000000000000004,5.0,0.0,183.333,178.66660000000002,17808.666666666668,87.778,22.222,0.0,0.0,0.0,0.0,1.111,0.0,0.0,0.0,64.444,17.778,0.0,0.0,0.0,0.0,0.0,0.0,17516.333333333332,20.0,0.0,0.0,0.0,0.0,0.0,1.111,0.0,0.0,0.0,18.889,0.0,0.0,0.0,0.0,0.0,0.0,0.0,19692.666666666668,0.0,0.0,406.667,394.444,0.0,5.556,0.0,7.778,0.0,0.0,0.0,0.0,0.0,0.0,0.0,0.0,0.0,0.0,19012.333333333332,11.111,0.0,400.0,23.333,0.0,6.667,0.0,3.333,0.0,0.0,21.111,0.0,0.0,0.0,0.0,0.0,0.0,0.0,18098.0,0.0,0.0,0.0,0.0,3.333,0.0,183.333,0.0,0.0,0.0,24.444,0.0,0.0,0.0,0.0,0.0,0.0,0.0,18851.666666666668,168.889,0.0,0.0,0.0,0.0,0.0,0.0,0.0,8.889,155.556,244.444,13.333,277.778,262.222,225.556,174.444,251.111,173.333,0.4937650935011536,111.389,0.9608445792443738,0.8515235823313398,1.0154926738742713,394.44449999999995,1.3845621322256836,3.61125,0.9999972727297519,183.33350000000002,1.0791932866098843,165.5557
malecns_all,1.0,A,0.1,7,2,16432,,121.667,0.9908685181684433,1.111,398.889,3.135,3.3335,0.0,100.0,164.7778,16861.333333333332,195.556,47.778,0.0,0.0,0.0,0.0,0.0,0.0,0.0,0.0,0.0,0.0,0.0,0.0,0.0,0.0,0.0,0.0,16512.666666666668,2.222,0.0,0.0,0.0,0.0,0.0,0.0,0.0,0.0,0.0,0.0,0.0,0.0,0.0,0.0,0.0,0.0,0.0,18562.333333333332,0.0,0.0,408.889,388.889,3.333,2.222,0.0,0.0,0.0,0.0,0.0,0.0,0.0,0.0,0.0,0.0,0.0,0.0,17887.666666666668,0.0,0.0,401.111,16.667,0.0,6.667,0.0,0.0,0.0,0.0,0.0,0.0,0.0,0.0,0.0,0.0,0.0,0.0,17805.0,0.0,0.0,0.0,0.0,3.333,0.0,100.0,0.0,0.0,0.0,1.111,0.0,0.0,0.0,0.0,0.0,0.0,0.0,18299.666666666668,188.889,0.0,0.0,0.0,0.0,0.0,0.0,0.0,7.778,165.556,28.889,11.111,300.0,281.111,208.889,198.889,253.333,192.222,0.9776827776293401,124.44425,1.120846446025935,0.8840359191766718,1.0141241465575652,393.33349999999996,0.8571612239650296,3.889,0.5980056511534034,167.2225,1.0078149823195774,163.50005
malecns_all,1.0,A,0.15,0,1,24649,,140.556,0.9723313127863628,3.889,416.1115,3.0,15.0,0.5555,115.556,190.55559999999997,7007.666666666667,225.556,55.556,0.0,0.0,0.0,0.0,4.444,7.778,0.0,0.0,0.0,1.111,0.0,0.0,0.0,0.0,0.0,0.0,7085.0,7.778,0.0,0.0,0.0,0.0,0.0,0.0,30.0,0.0,0.0,0.0,5.556,0.0,0.0,0.0,0.0,0.0,0.0,7705.0,78.889,16.667,425.556,406.667,2.222,3.333,0.0,22.222,0.0,0.0,0.0,0.0,0.0,0.0,0.0,0.0,0.0,0.0,8834.333333333334,130.0,35.556,411.111,16.667,0.0,12.222,1.111,17.778,0.0,0.0,0.0,0.0,0.0,0.0,0.0,0.0,0.0,0.0,7670.0,105.556,27.778,0.0,0.0,0.0,0.0,115.556,73.333,0.0,0.0,3.333,2.222,0.0,0.0,0.0,0.0,0.0,0.0,16806.0,1.111,0.0,0.0,0.0,0.0,0.0,0.0,0.0,58.889,143.333,148.889,53.333,295.556,292.222,236.667,225.556,264.444,186.667,1.2618481178572392,111.389,1.1418724424804185,0.8515235823313398,1.0549304147985332,394.44449999999995,4.153686396677051,3.61125,0.6303048815410167,183.33350000000002,1.15100597563237,165.5557
malecns_all,1.0,A,0.15,0,2,24649,,153.333,0.9601455655338381,6.111,415.55550000000005,2.9699999999999998,16.111,0.0,100.0,187.22220000000004,7038.333333333333,243.333,63.333,0.0,0.0,0.0,0.0,3.333,10.0,0.0,0.0,0.0,1.111,0.0,0.0,0.0,0.0,0.0,0.0,7215.666666666667,12.222,0.0,1.111,0.0,3.333,0.0,0.0,31.111,0.0,0.0,0.0,2.222,0.0,0.0,0.0,0.0,0.0,0.0,8408.666666666666,64.444,11.111,427.778,403.333,3.333,4.444,0.0,36.667,0.0,0.0,0.0,0.0,0.0,0.0,0.0,0.0,0.0,0.0,11418.0,94.444,24.444,413.333,18.889,0.0,7.778,0.0,24.444,0.0,0.0,0.0,0.0,0.0,0.0,0.0,0.0,0.0,0.0,10462.0,143.333,37.778,0.0,0.0,0.0,0.0,100.0,52.222,0.0,0.0,2.222,1.111,0.0,0.0,0.0,0.0,0.0,0.0,16929.0,5.556,0.0,0.0,0.0,0.0,0.0,0.0,0.0,53.333,151.111,150.0,28.889,300.0,273.333,228.889,235.556,263.333,187.778,1.2321421037934657,124.44425,1.0860933868253333,0.8840359191766718,1.0564965862302602,393.33349999999996,4.142710208279764,3.889,0.5980056511534034,167.2225,1.145089558076588,163.50005
malecns_all,1.0,A,0.1,9,1,16432,,32.222,1.0,0.0,410.0,3.0,7.222,20.0,193.333,187.55570000000003,17144.333333333332,61.111,3.333,0.0,0.0,2.222,0.0,48.889,1.111,1.111,0.0,0.0,7.778,0.0,0.0,0.0,0.0,0.0,0.0,17410.666666666668,0.0,0.0,0.0,0.0,0.0,0.0,101.111,0.0,0.0,0.0,0.0,1.111,0.0,0.0,0.0,0.0,0.0,0.0,10407.333333333334,0.0,0.0,417.778,402.222,0.0,6.667,0.0,0.0,0.0,0.0,0.0,0.0,0.0,0.0,0.0,0.0,0.0,0.0,17772.0,0.0,0.0,408.889,23.333,0.0,14.444,40.0,0.0,0.0,0.0,0.0,0.0,0.0,0.0,0.0,0.0,0.0,0.0,18028.0,1.111,0.0,0.0,0.0,12.222,0.0,193.333,3.333,0.0,0.0,1.111,0.0,0.0,0.0,0.0,0.0,0.0,0.0,18929.666666666668,0.0,0.0,0.0,0.0,0.0,0.0,67.778,0.0,17.778,194.444,135.556,35.556,296.667,283.333,228.889,208.889,268.889,205.556,0.2892745244144395,111.389,1.1743655968542348,0.8515235823313398,1.0394364733188066,394.44449999999995,1.9998615437867775,3.61125,1.0545426776884748,183.33350000000002,1.1328857900996463,165.5557
malecns_all,1.0,A,0.1,9,2,16432,,35.5555,1.0,0.0,408.889,3.0,4.4445,32.778,183.333,186.66649999999998,17140.333333333332,66.667,4.444,0.0,0.0,0.0,0.0,42.222,2.222,0.0,0.0,0.0,6.667,0.0,0.0,0.0,0.0,0.0,0.0,17699.666666666668,0.0,0.0,2.222,0.0,0.0,0.0,84.444,0.0,0.0,0.0,0.0,0.0,0.0,0.0,0.0,0.0,0.0,0.0,11294.666666666666,0.0,0.0,417.778,400.0,0.0,6.667,3.333,0.0,0.0,0.0,0.0,0.0,0.0,0.0,0.0,0.0,0.0,0.0,18528.0,0.0,0.0,407.778,22.222,0.0,8.889,65.556,0.0,0.0,0.0,0.0,0.0,0.0,0.0,0.0,0.0,0.0,0.0,17927.333333333332,2.222,0.0,0.0,0.0,4.444,0.0,183.333,3.333,0.0,0.0,1.111,0.0,0.0,0.0,0.0,0.0,0.0,0.0,19087.0,0.0,0.0,0.0,0.0,0.0,0.0,66.667,0.0,10.0,207.778,134.444,24.444,297.778,264.444,234.444,214.444,271.111,207.778,0.28571428571428575,124.44425,1.1311757568983496,0.8840359191766718,1.0395478645983627,393.33349999999996,1.1428387760349703,3.889,1.096341700429069,167.2225,1.1416907823575588,163.50005
malecns_all,1.0,A,0.15,2,1,24649,,105.0,0.9206333333333333,8.3335,417.77750000000003,2.9699999999999998,5.0,93.889,256.667,214.55540000000002,6743.333333333333,176.667,33.333,0.0,0.0,0.0,0.0,85.556,0.0,0.0,0.0,0.0,0.0,0.0,0.0,0.0,0.0,0.0,0.0,6974.0,16.667,0.0,3.333,1.111,0.0,0.0,12.222,0.0,0.0,0.0,0.0,0.0,0.0,0.0,0.0,0.0,0.0,0.0,13454.0,0.0,0.0,423.333,412.222,0.0,0.0,161.111,2.222,0.0,0.0,0.0,0.0,0.0,0.0,0.0,0.0,0.0,0.0,13390.333333333334,0.0,0.0,413.333,51.111,0.0,3.333,187.778,6.667,0.0,0.0,11.111,0.0,0.0,0.0,0.0,0.0,0.0,0.0,6692.333333333333,0.0,0.0,0.0,0.0,3.333,0.0,256.667,2.222,0.0,0.0,2.222,0.0,0.0,0.0,0.0,0.0,0.0,0.0,17311.333333333332,116.667,0.0,0.0,0.0,0.0,0.0,103.333,0.0,95.556,140.0,214.444,153.333,298.889,312.222,231.111,254.444,263.333,182.222,0.9426424512294751,111.389,1.0811601139839035,0.8515235823313398,1.0591540761754825,394.44449999999995,1.3845621322256836,3.61125,1.4000005454540494,183.33350000000002,1.2959710840520744,165.5557
malecns_all,1.0,A,0.15,2,2,24649,,116.6665,0.9523813605448008,5.5555,415.0,2.9699999999999998,8.333,96.111,258.889,205.7777,6565.666666666667,191.111,42.222,0.0,0.0,0.0,1.111,107.778,3.333,0.0,0.0,0.0,1.111,0.0,0.0,0.0,0.0,0.0,0.0,9902.333333333334,11.111,0.0,3.333,1.111,0.0,0.0,51.111,0.0,0.0,0.0,11.111,0.0,0.0,0.0,0.0,0.0,0.0,0.0,14412.333333333334,0.0,0.0,422.222,407.778,0.0,0.0,214.444,7.778,0.0,0.0,0.0,0.0,0.0,0.0,0.0,0.0,0.0,0.0,16803.333333333332,0.0,0.0,415.556,68.889,0.0,3.333,192.222,13.333,0.0,0.0,11.111,0.0,0.0,0.0,0.0,0.0,0.0,0.0,6907.0,0.0,0.0,0.0,0.0,3.333,0.0,258.889,8.889,0.0,0.0,3.333,0.0,0.0,0.0,0.0,0.0,0.0,0.0,17448.0,117.778,0.0,0.0,0.0,0.0,0.0,126.667,5.556,77.778,122.222,215.556,141.111,298.889,292.222,224.444,244.444,261.111,180.0,0.9375001255582319,124.44425,1.077310706370145,0.8840359191766718,1.055084298693094,393.33349999999996,2.1427102082797638,3.889,1.5481708502145346,167.2225,1.2585788200064771,163.50005
malecns_all,1.0,A,0.15,1,1,24649,,11.6665,0.8095401362876613,2.222,391.111,3.035,8.333,5.0,231.111,158.44440000000003,15833.333333333334,23.333,0.0,0.0,0.0,0.0,1.111,7.778,3.333,0.0,0.0,0.0,1.111,0.0,0.0,0.0,0.0,0.0,0.0,15839.333333333334,4.444,0.0,0.0,0.0,0.0,0.0,6.667,1.111,0.0,0.0,0.0,5.556,0.0,0.0,0.0,0.0,0.0,0.0,17686.0,0.0,0.0,417.778,364.444,1.111,2.222,3.333,0.0,0.0,0.0,0.0,0.0,0.0,0.0,0.0,0.0,0.0,0.0,15909.333333333334,0.0,0.0,421.111,30.0,0.0,13.333,10.0,3.333,0.0,0.0,0.0,0.0,0.0,0.0,0.0,0.0,0.0,0.0,17137.333333333332,0.0,0.0,0.0,0.0,6.667,0.0,231.111,3.333,0.0,0.0,1.111,0.0,0.0,0.0,0.0,0.0,0.0,0.0,18434.333333333332,134.444,0.0,0.0,0.0,0.0,0.0,3.333,0.0,7.778,73.333,78.889,7.778,283.333,257.778,241.111,193.333,253.333,187.778,0.10473655387874925,111.389,0.9506960853289179,0.8515235823313398,0.991548874429736,394.44449999999995,2.3075112495673245,3.61125,1.2606043085415375,183.33350000000002,0.9570458764029268,165.5557
malecns_all,1.0,A,0.15,1,2,24649,,27.2225,0.9183763430985398,2.222,396.66650000000004,3.0,5.5555,5.5555,230.0,156.3333,15046.333333333334,48.889,5.556,0.0,0.0,0.0,1.111,5.556,0.0,0.0,0.0,0.0,0.0,0.0,0.0,0.0,0.0,0.0,0.0,15986.0,4.444,0.0,0.0,0.0,0.0,0.0,1.111,0.0,0.0,0.0,0.0,1.111,0.0,0.0,0.0,0.0,0.0,0.0,17735.666666666668,0.0,0.0,423.333,370.0,0.0,3.333,8.889,0.0,0.0,0.0,0.0,0.0,0.0,0.0,0.0,0.0,0.0,0.0,17094.0,0.0,0.0,416.667,15.556,0.0,7.778,11.111,3.333,0.0,0.0,0.0,0.0,0.0,0.0,0.0,0.0,0.0,0.0,17088.0,0.0,0.0,0.0,0.0,3.333,0.0,230.0,10.0,0.0,0.0,1.111,0.0,0.0,0.0,0.0,0.0,0.0,0.0,18383.666666666668,148.889,0.0,0.0,0.0,0.0,0.0,2.222,0.0,7.778,70.0,87.778,7.778,293.333,244.444,233.333,186.667,252.222,180.0,0.21875257394375394,124.44425,1.0388450550220292,0.8840359191766718,1.008473725222998,393.33349999999996,1.4285163281049114,3.889,1.3754129976528278,167.2225,0.9561666800713517,163.50005
malecns_all,1.0,A,0.15,4,1,24649,,88.88900000000001,0.9562488046889941,3.889,399.4445,2.9000000000000004,6.111,0.5555,90.0,186.1112,15487.666666666666,138.889,38.889,0.0,0.0,0.0,1.111,0.0,0.0,0.0,0.0,0.0,0.0,0.0,0.0,0.0,0.0,0.0,0.0,15925.666666666666,7.778,0.0,0.0,0.0,0.0,0.0,0.0,0.0,0.0,0.0,0.0,0.0,0.0,0.0,0.0,0.0,0.0,0.0,17286.666666666668,0.0,0.0,408.889,390.0,2.222,2.222,1.111,0.0,0.0,0.0,0.0,0.0,0.0,0.0,0.0,0.0,0.0,0.0,16813.333333333332,0.0,0.0,402.222,11.111,0.0,12.222,1.111,0.0,0.0,0.0,1.111,0.0,0.0,0.0,0.0,0.0,0.0,0.0,16320.666666666666,0.0,0.0,0.0,0.0,0.0,0.0,90.0,0.0,0.0,0.0,3.333,3.333,0.0,0.0,0.0,0.0,0.0,0.0,17176.666666666668,185.556,0.0,0.0,0.0,0.0,0.0,0.0,0.0,11.111,156.667,222.222,14.444,288.889,288.889,215.556,208.889,266.667,187.778,0.7980051890222555,111.389,1.122985698259739,0.8515235823313398,1.0126760545526685,394.44449999999995,1.6922118380062305,3.61125,0.49090864462850486,183.33350000000002,1.124160629926967,165.5557
malecns_all,1.0,A,0.15,5,1,24649,,58.3335,0.8857174693786589,6.6665,403.33349999999996,3.0300000000000002,20.0,0.0,142.222,191.77770000000004,12693.0,105.556,11.111,0.0,0.0,3.333,0.0,1.111,22.222,0.0,0.0,0.0,1.111,0.0,0.0,0.0,0.0,0.0,0.0,16721.0,13.333,0.0,0.0,0.0,0.0,0.0,3.333,42.222,0.0,0.0,0.0,0.0,0.0,0.0,0.0,0.0,0.0,0.0,18717.0,0.0,0.0,405.556,401.111,2.222,1.111,0.0,4.444,0.0,0.0,2.222,0.0,0.0,0.0,0.0,0.0,0.0,0.0,15832.666666666666,0.0,0.0,406.667,26.667,0.0,12.222,0.0,27.778,0.0,0.0,3.333,3.333,0.0,0.0,0.0,0.0,0.0,0.0,11004.333333333334,6.667,0.0,0.0,0.0,30.0,0.0,142.222,0.0,0.0,0.0,0.0,0.0,0.0,0.0,0.0,0.0,0.0,0.0,18779.333333333332,166.667,0.0,0.0,0.0,0.0,0.0,0.0,3.333,7.778,221.111,181.111,15.556,302.222,283.333,233.333,194.444,261.111,217.778,0.5236917469409008,111.389,1.040156124571091,0.8515235823313398,1.0225354897837338,394.44449999999995,5.538248528902734,3.61125,0.7757556584039469,183.33350000000002,1.1583877812724057,165.5557
malecns_all,1.0,A,0.15,5,2,24649,,68.889,0.9435468652469915,3.889,413.33349999999996,3.0,27.7775,0.5555,143.333,188.4444,15067.0,118.889,18.889,0.0,0.0,0.0,1.111,1.111,32.222,0.0,0.0,0.0,0.0,0.0,0.0,0.0,0.0,0.0,0.0,14818.333333333334,7.778,0.0,0.0,0.0,0.0,0.0,0.0,28.889,0.0,0.0,0.0,0.0,0.0,0.0,0.0,0.0,0.0,0.0,12162.333333333334,0.0,0.0,416.667,410.0,1.111,3.333,0.0,4.444,0.0,0.0,3.333,0.0,0.0,0.0,0.0,0.0,0.0,0.0,17880.333333333332,0.0,0.0,408.889,24.444,0.0,12.222,1.111,43.333,0.0,0.0,3.333,2.222,0.0,0.0,0.0,0.0,0.0,0.0,12917.666666666666,0.0,0.0,0.0,0.0,20.0,0.0,143.333,0.0,0.0,0.0,0.0,0.0,0.0,0.0,0.0,0.0,0.0,0.0,18852.666666666668,213.333,0.0,0.0,0.0,0.0,0.0,0.0,2.222,7.778,218.889,193.333,12.222,307.778,273.333,211.111,190.0,260.0,210.0,0.5535731863866752,124.44425,1.0673173394648308,0.8840359191766718,1.050847436081595,393.33349999999996,7.142581640524557,3.889,0.8571394399677077,167.2225,1.1525647851483838,163.50005
malecns_all,1.0,A,0.15,4,2,24649,,118.333,0.957746359848901,5.0,397.77750000000003,3.0300000000000002,6.6665,0.0,62.222,182.99990000000003,15767.0,184.444,52.222,0.0,0.0,0.0,0.0,0.0,0.0,0.0,0.0,0.0,0.0,0.0,0.0,0.0,0.0,0.0,0.0,15960.333333333334,10.0,0.0,0.0,0.0,0.0,0.0,0.0,0.0,0.0,0.0,0.0,1.111,0.0,0.0,0.0,0.0,0.0,0.0,17459.333333333332,0.0,0.0,413.333,382.222,0.0,3.333,4.444,0.0,0.0,0.0,0.0,0.0,0.0,0.0,0.0,0.0,0.0,0.0,16906.666666666668,0.0,0.0,405.556,14.444,0.0,13.333,0.0,0.0,0.0,0.0,0.0,0.0,0.0,0.0,0.0,0.0,0.0,0.0,16404.333333333332,0.0,0.0,0.0,0.0,0.0,0.0,62.222,0.0,0.0,0.0,5.556,2.222,0.0,0.0,0.0,0.0,0.0,0.0,17329.666666666668,154.444,0.0,0.0,0.0,0.0,0.0,0.0,0.0,11.111,153.333,221.111,14.444,292.222,278.889,220.0,201.111,258.889,178.889,0.9508916643396541,124.44425,1.0833794635187197,0.8840359191766718,1.0112983002973306,393.33349999999996,1.7141938801748522,3.889,0.3720910762606707,167.2225,1.119265101142171,163.50005
malecns_all,1.0,A,0.15,3,1,24649,,63.889,0.9565183364898496,2.778,414.4445,3.065,3.3335,38.889,222.222,189.1112,12751.666666666666,97.778,30.0,0.0,0.0,0.0,2.222,14.444,2.222,0.0,0.0,2.222,0.0,0.0,0.0,0.0,0.0,0.0,0.0,16200.666666666666,5.556,0.0,1.111,0.0,0.0,0.0,51.111,0.0,0.0,0.0,0.0,0.0,0.0,0.0,0.0,0.0,0.0,0.0,16981.666666666668,0.0,0.0,420.0,408.889,0.0,3.333,82.222,0.0,0.0,0.0,0.0,0.0,0.0,0.0,0.0,0.0,0.0,0.0,16743.0,5.556,0.0,416.667,51.111,0.0,6.667,77.778,0.0,0.0,0.0,0.0,0.0,0.0,0.0,0.0,0.0,0.0,0.0,17082.666666666668,8.889,0.0,0.0,0.0,6.667,0.0,222.222,1.111,0.0,0.0,0.0,1.111,0.0,0.0,0.0,0.0,0.0,0.0,17839.666666666668,113.333,0.0,0.0,0.0,0.0,0.0,21.111,0.0,7.778,177.778,128.889,13.333,308.889,297.778,257.778,215.556,268.889,214.444,0.5735665101580947,111.389,1.123302227133922,0.8515235823313398,1.0507042182106736,394.44449999999995,0.9230875735548633,3.61125,1.212118898073729,183.33350000000002,1.1422814194860098,165.5557
malecns_all,1.0,A,0.15,3,2,24649,,77.778,0.9071459795829155,7.222,414.4445,2.965,3.3335,33.3335,215.556,181.6667,15840.0,116.667,38.889,0.0,0.0,0.0,1.111,15.556,1.111,0.0,0.0,0.0,0.0,0.0,0.0,0.0,0.0,0.0,0.0,15970.666666666666,14.444,0.0,1.111,0.0,0.0,0.0,47.778,2.222,0.0,0.0,1.111,0.0,0.0,0.0,0.0,0.0,0.0,0.0,17057.666666666668,0.0,0.0,423.333,405.556,0.0,2.222,82.222,0.0,0.0,0.0,0.0,0.0,0.0,0.0,0.0,0.0,0.0,0.0,16639.666666666668,3.333,0.0,418.889,45.556,0.0,6.667,66.667,0.0,0.0,0.0,0.0,0.0,0.0,0.0,0.0,0.0,0.0,0.0,17152.0,5.556,0.0,0.0,0.0,4.444,0.0,215.556,2.222,0.0,0.0,0.0,2.222,0.0,0.0,0.0,0.0,0.0,0.0,18011.333333333332,168.889,0.0,0.0,0.0,0.0,0.0,22.222,0.0,8.889,170.0,126.667,11.111,315.556,276.667,243.333,194.444,263.333,206.667,0.6250027622811019,124.44425,1.0261415400719993,0.8840359191766718,1.0536720111559277,393.33349999999996,0.8571612239650296,3.889,1.2890370614002302,167.2225,1.1111109751954205,163.50005
malecns_all,1.0,A,0.15,6,1,24649,,70.0,0.9761928571428571,1.6665,402.22249999999997,2.9000000000000004,6.6665,0.0,191.111,186.33329999999995,16279.0,108.889,31.111,0.0,0.0,0.0,0.0,1.111,0.0,0.0,0.0,44.444,8.889,0.0,0.0,0.0,0.0,0.0,0.0,15638.333333333334,3.333,0.0,0.0,0.0,0.0,0.0,0.0,0.0,0.0,0.0,23.333,0.0,0.0,0.0,0.0,0.0,0.0,0.0,17930.333333333332,0.0,0.0,406.667,397.778,0.0,5.556,0.0,4.444,0.0,0.0,0.0,0.0,0.0,0.0,0.0,0.0,0.0,0.0,17256.0,1.111,0.0,398.889,34.444,0.0,11.111,0.0,2.222,0.0,0.0,7.778,0.0,0.0,0.0,0.0,0.0,0.0,0.0,16547.333333333332,0.0,0.0,0.0,0.0,3.333,0.0,191.111,0.0,0.0,0.0,13.333,0.0,0.0,0.0,0.0,0.0,0.0,0.0,17378.333333333332,52.222,0.0,0.0,0.0,0.0,0.0,0.0,0.0,8.889,144.444,246.667,22.222,280.0,264.444,237.778,221.111,261.111,176.667,0.6284283008196501,111.389,1.146407307323412,0.8515235823313398,1.019718870462131,394.44449999999995,1.846036690896504,3.61125,1.0424226887066466,183.33350000000002,1.1255021723806546,165.5557
malecns_all,1.0,A,0.15,6,2,24649,,68.333,0.9837413841043127,1.111,401.111,2.9000000000000004,8.889,0.0,177.778,189.1111,16207.666666666666,104.444,32.222,0.0,0.0,0.0,0.0,0.0,0.0,0.0,0.0,47.778,3.333,0.0,0.0,0.0,0.0,0.0,0.0,15889.666666666666,2.222,0.0,0.0,0.0,0.0,0.0,0.0,0.0,0.0,0.0,12.222,0.0,0.0,0.0,0.0,0.0,0.0,0.0,18034.666666666668,0.0,0.0,411.111,391.111,0.0,4.444,0.0,7.778,0.0,0.0,0.0,0.0,0.0,0.0,0.0,0.0,0.0,0.0,17152.666666666668,0.0,0.0,404.444,36.667,0.0,12.222,0.0,5.556,0.0,0.0,6.667,0.0,0.0,0.0,0.0,0.0,0.0,0.0,16612.0,1.111,0.0,0.0,1.111,3.333,0.0,177.778,0.0,0.0,0.0,10.0,0.0,0.0,0.0,0.0,0.0,0.0,0.0,17441.666666666668,111.111,0.0,0.0,0.0,0.0,0.0,0.0,0.0,12.222,150.0,256.667,33.333,286.667,258.889,230.0,223.333,260.0,180.0,0.5491053222627803,124.44425,1.112784404756426,0.8840359191766718,1.0197732967062303,393.33349999999996,2.2856775520699406,3.889,1.0631224865074975,167.2225,1.156642459742367,163.50005
malecns_all,1.0,A,0.15,8,1,24649,,120.5555,0.9539174902845577,5.5555,401.111,2.965,33.3335,8.889,98.889,174.4445,11943.0,183.333,57.778,0.0,0.0,0.0,0.0,15.556,1.111,0.0,0.0,2.222,0.0,0.0,0.0,0.0,0.0,0.0,0.0,15289.333333333334,11.111,0.0,0.0,0.0,0.0,0.0,0.0,0.0,1.111,0.0,7.778,1.111,0.0,0.0,0.0,0.0,0.0,0.0,17301.666666666668,0.0,0.0,414.444,387.778,3.333,0.0,7.778,0.0,0.0,0.0,0.0,0.0,0.0,0.0,0.0,0.0,0.0,0.0,16128.666666666666,0.0,0.0,413.333,32.222,0.0,66.667,17.778,0.0,0.0,0.0,5.556,0.0,0.0,0.0,0.0,0.0,0.0,0.0,16086.333333333334,2.222,0.0,3.333,0.0,0.0,0.0,98.889,0.0,2.222,0.0,17.778,6.667,0.0,0.0,0.0,0.0,0.0,0.0,16378.333333333334,0.0,0.0,0.0,0.0,0.0,0.0,2.222,0.0,8.889,185.556,132.222,7.778,294.444,278.889,195.556,178.889,262.222,200.0,1.0822926859923332,111.389,1.1202478828277183,0.8515235823313398,1.0169009835350729,394.44449999999995,9.230460366908964,3.61125,0.5393940550963134,183.33350000000002,1.0536906914108062,165.5557
malecns_all,1.0,A,0.2,0,1,32865,,151.111,0.9742639516646704,3.889,420.0,3.0,40.556,12.222,114.444,194.2222,5826.666666666667,242.222,60.0,0.0,0.0,0.0,0.0,15.556,15.556,0.0,0.0,0.0,0.0,0.0,0.0,0.0,0.0,0.0,0.0,8721.666666666666,7.778,0.0,2.222,2.222,0.0,0.0,2.222,21.111,0.0,0.0,0.0,7.778,0.0,0.0,0.0,0.0,0.0,0.0,6300.666666666667,0.0,0.0,430.0,410.0,3.333,6.667,1.111,31.111,0.0,0.0,0.0,0.0,0.0,0.0,0.0,0.0,0.0,0.0,5810.666666666667,0.0,0.0,421.111,37.778,0.0,15.556,24.444,65.556,0.0,0.0,0.0,0.0,0.0,0.0,0.0,0.0,0.0,0.0,6735.333333333333,1.111,0.0,0.0,0.0,8.889,0.0,114.444,40.0,0.0,0.0,5.556,2.222,0.0,0.0,0.0,0.0,0.0,0.0,15520.0,0.0,0.0,0.0,0.0,0.0,0.0,0.0,0.0,60.0,192.222,184.444,32.222,296.667,295.556,225.556,210.0,263.333,182.222,1.3566061280736876,111.389,1.144142067090246,0.8515235823313398,1.0647885824241434,394.44449999999995,11.230460366908964,3.61125,0.6242394325096068,183.33350000000002,1.1731532046314321,165.5557
malecns_all,1.0,A,0.15,7,1,24649,,59.4445,0.9906551489204216,0.5555,403.3335,3.0,0.5555,0.0,105.556,169.66670000000002,15227.666666666666,98.889,20.0,0.0,0.0,0.0,0.0,0.0,1.111,0.0,0.0,0.0,0.0,0.0,0.0,0.0,0.0,0.0,0.0,15048.333333333334,1.111,0.0,0.0,0.0,0.0,0.0,0.0,0.0,0.0,0.0,0.0,0.0,0.0,0.0,0.0,0.0,0.0,0.0,17269.666666666668,0.0,0.0,407.778,398.889,15.556,0.0,1.111,0.0,0.0,0.0,0.0,0.0,0.0,0.0,0.0,0.0,0.0,0.0,16527.666666666668,0.0,0.0,395.556,20.0,0.0,1.111,0.0,0.0,0.0,0.0,0.0,0.0,0.0,0.0,0.0,0.0,0.0,0.0,15894.333333333334,0.0,0.0,0.0,0.0,7.778,0.0,105.556,0.0,0.0,0.0,5.556,0.0,0.0,0.0,0.0,0.0,0.0,0.0,16604.666666666668,171.111,0.0,0.0,0.0,0.0,0.0,0.0,0.0,8.889,165.556,65.556,8.889,293.333,293.333,220.0,177.778,253.333,210.0,0.5336658018296241,111.389,1.1633913252386516,0.8515235823313398,1.022535489783734,394.44449999999995,0.15382485289027345,3.61125,0.575759476582294,183.33350000000002,1.024831521959075,165.5557
malecns_all,1.0,A,0.15,7,2,24649,,42.777499999999996,0.9740284027818362,1.111,401.66650000000004,3.135,0.5555,0.0,120.0,167.44449999999998,12775.666666666666,72.222,13.333,0.0,0.0,0.0,0.0,0.0,2.222,0.0,0.0,0.0,0.0,0.0,0.0,0.0,0.0,0.0,0.0,15033.333333333334,2.222,0.0,0.0,0.0,0.0,0.0,0.0,0.0,0.0,0.0,0.0,0.0,0.0,0.0,0.0,0.0,0.0,0.0,17221.666666666668,0.0,0.0,408.889,394.444,8.889,0.0,1.111,0.0,0.0,0.0,0.0,0.0,0.0,0.0,0.0,0.0,0.0,0.0,16435.0,0.0,0.0,397.778,21.111,0.0,1.111,0.0,0.0,0.0,0.0,0.0,0.0,0.0,0.0,0.0,0.0,0.0,0.0,13643.666666666666,0.0,0.0,0.0,0.0,6.667,0.0,120.0,0.0,0.0,0.0,3.333,0.0,0.0,0.0,0.0,0.0,0.0,0.0,16676.666666666668,176.667,0.0,0.0,0.0,0.0,0.0,0.0,0.0,6.667,167.778,53.333,8.889,295.556,276.667,211.111,191.111,258.889,204.444,0.3437483049638693,124.44425,1.1017973157572343,0.8840359191766718,1.0211855842433968,393.33349999999996,0.14283877603497044,3.889,0.7176067813840841,167.2225,1.0241250690749024,163.50005
malecns_all,1.0,A,0.2,0,2,32865,,147.778,0.9699244813165695,4.4445,419.44449999999995,2.9699999999999998,40.0,5.0,105.556,190.11110000000002,8870.333333333334,236.667,58.889,0.0,0.0,0.0,0.0,4.444,22.222,0.0,0.0,0.0,1.111,0.0,0.0,0.0,0.0,0.0,0.0,8627.0,8.889,0.0,3.333,1.111,0.0,0.0,0.0,16.667,0.0,0.0,0.0,2.222,0.0,0.0,0.0,0.0,0.0,0.0,6330.666666666667,0.0,0.0,432.222,406.667,3.333,6.667,0.0,22.222,0.0,0.0,0.0,0.0,0.0,0.0,0.0,0.0,0.0,0.0,5834.333333333333,0.0,0.0,424.444,43.333,0.0,10.0,10.0,70.0,0.0,0.0,0.0,0.0,0.0,0.0,0.0,0.0,0.0,0.0,7384.333333333333,42.222,10.0,0.0,0.0,6.667,0.0,105.556,42.222,0.0,0.0,5.556,5.556,0.0,0.0,0.0,0.0,0.0,0.0,15779.666666666666,0.0,0.0,0.0,0.0,0.0,0.0,0.0,0.0,53.333,195.556,180.0,22.222,300.0,275.556,212.222,215.556,263.333,183.333,1.187503641188725,124.44425,1.0971550592875097,0.8840359191766718,1.0663838701763262,393.33349999999996,10.285420416559527,3.889,0.6312308451314865,167.2225,1.1627586658230382,163.50005
malecns_all,1.0,A,0.15,9,1,24649,,36.111000000000004,1.0,0.0,414.4445,3.0,5.5555,27.222,146.667,213.22240000000002,8269.333333333334,67.778,4.444,0.0,0.0,5.556,0.0,22.222,3.333,1.111,0.0,4.444,13.333,0.0,0.0,0.0,0.0,0.0,0.0,16264.333333333334,0.0,0.0,2.222,0.0,3.333,0.0,70.0,0.0,0.0,0.0,14.444,2.222,0.0,0.0,0.0,0.0,0.0,0.0,18070.666666666668,0.0,0.0,418.889,410.0,0.0,5.556,35.556,0.0,0.0,0.0,0.0,0.0,0.0,0.0,0.0,0.0,0.0,0.0,17804.0,0.0,0.0,406.667,80.0,0.0,7.778,54.444,3.333,0.0,0.0,0.0,0.0,0.0,0.0,0.0,0.0,0.0,0.0,16520.333333333332,2.222,0.0,0.0,0.0,17.778,0.0,146.667,27.778,0.0,0.0,15.556,6.667,0.0,0.0,0.0,0.0,0.0,0.0,17159.333333333332,0.0,0.0,0.0,0.0,1.111,0.0,18.889,0.0,36.667,238.889,230.0,67.778,310.0,288.889,246.667,215.556,275.556,222.222,0.32418820529854836,111.389,1.1743655968542348,0.8515235823313398,1.0507042182106736,394.44449999999995,1.538386985115957,3.61125,0.8000010909080991,183.33350000000002,1.2879194132246732,165.5557
malecns_all,1.0,A,0.15,8,2,24649,,141.667,0.9843153310227505,2.222,397.22249999999997,3.0,36.6665,2.778,95.556,173.88889999999998,15740.666666666666,217.778,65.556,0.0,0.0,0.0,2.222,14.444,0.0,0.0,0.0,5.556,0.0,0.0,0.0,0.0,0.0,0.0,0.0,15271.666666666666,4.444,0.0,0.0,0.0,0.0,2.222,0.0,0.0,0.0,0.0,11.111,1.111,0.0,0.0,0.0,0.0,0.0,0.0,17275.333333333332,0.0,0.0,415.556,378.889,3.333,0.0,4.444,0.0,0.0,0.0,0.0,0.0,0.0,0.0,0.0,0.0,0.0,0.0,16511.666666666668,0.0,0.0,412.222,23.333,0.0,73.333,5.556,0.0,0.0,0.0,4.444,0.0,0.0,0.0,0.0,0.0,0.0,0.0,13574.333333333334,0.0,0.0,3.333,0.0,0.0,0.0,95.556,0.0,3.333,0.0,14.444,6.667,0.0,0.0,0.0,0.0,0.0,0.0,16517.0,0.0,0.0,0.0,0.0,0.0,0.0,0.0,0.0,7.778,203.333,141.111,6.667,301.111,265.556,191.111,154.444,260.0,207.778,1.1383973144600896,124.44425,1.1134336395963094,0.8840359191766718,1.0098872839460662,393.33349999999996,9.428259192594497,3.889,0.5714302800161462,167.2225,1.063540347541178,163.50005
malecns_all,1.0,A,0.2,2,1,32865,,105.5555,0.9052631080332147,10.0,411.111,2.9699999999999998,1.6665,66.6665,172.222,226.7777,5179.0,161.111,50.0,0.0,0.0,0.0,0.0,3.333,0.0,0.0,0.0,0.0,0.0,0.0,0.0,0.0,0.0,0.0,0.0,5913.0,20.0,0.0,3.333,2.222,0.0,0.0,0.0,3.333,0.0,0.0,0.0,0.0,0.0,0.0,0.0,0.0,0.0,0.0,15933.333333333334,0.0,0.0,417.778,404.444,0.0,0.0,134.444,0.0,0.0,0.0,5.556,0.0,0.0,0.0,0.0,0.0,0.0,0.0,15266.333333333334,0.0,0.0,413.333,54.444,0.0,3.333,133.333,0.0,0.0,0.0,15.556,0.0,0.0,0.0,0.0,0.0,0.0,0.0,5072.0,6.667,0.0,0.0,0.0,3.333,0.0,172.222,0.0,0.0,0.0,1.111,0.0,0.0,0.0,0.0,0.0,0.0,0.0,15677.0,152.222,3.333,0.0,0.0,0.0,0.0,82.222,0.0,94.444,184.444,267.778,127.778,297.778,318.889,241.111,253.333,280.0,202.222,0.9476294786738367,111.389,1.0631098501755458,0.8515235823313398,1.0422530926404097,394.44449999999995,0.4614745586708204,3.61125,0.9393918732801152,183.33350000000002,1.3697969927945701,165.5557
malecns_all,1.0,A,0.2,2,2,32865,,118.889,0.9112155035369126,10.5555,412.77750000000003,2.9699999999999998,1.6665,60.0,156.667,217.8889,5108.333333333333,180.0,57.778,0.0,0.0,0.0,0.0,7.778,0.0,0.0,0.0,0.0,0.0,0.0,0.0,0.0,0.0,0.0,0.0,8456.0,21.111,0.0,3.333,1.111,0.0,0.0,24.444,2.222,0.0,0.0,12.222,0.0,0.0,0.0,0.0,0.0,0.0,0.0,15829.333333333334,0.0,0.0,421.111,404.444,0.0,0.0,137.778,0.0,0.0,0.0,4.444,0.0,0.0,0.0,0.0,0.0,0.0,0.0,15291.666666666666,0.0,0.0,416.667,55.556,0.0,3.333,120.0,0.0,0.0,0.0,12.222,0.0,0.0,0.0,0.0,0.0,0.0,0.0,5189.0,4.444,0.0,0.0,0.0,3.333,0.0,156.667,0.0,0.0,0.0,3.333,0.0,0.0,0.0,0.0,0.0,0.0,0.0,15622.333333333334,192.222,6.667,0.0,0.0,0.0,0.0,81.111,0.0,78.889,170.0,268.889,111.111,297.778,298.889,237.778,240.0,274.444,201.111,0.9553595284635489,124.44425,1.030744886910878,0.8840359191766718,1.0494338773585268,393.33349999999996,0.42851632810491136,3.889,0.9368775134925025,167.2225,1.3326534150906988,163.50005
malecns_all,1.0,A,0.15,9,2,24649,,37.2225,1.0,0.0,415.5555,3.0,5.0,8.889,140.0,210.4444,16175.0,68.889,5.556,0.0,0.0,3.333,0.0,31.111,0.0,0.0,0.0,5.556,6.667,0.0,0.0,0.0,0.0,0.0,0.0,16525.333333333332,0.0,0.0,3.333,3.333,5.556,0.0,66.667,0.0,0.0,0.0,8.889,2.222,0.0,0.0,0.0,0.0,0.0,0.0,18148.333333333332,0.0,0.0,422.222,408.889,0.0,6.667,28.889,0.0,0.0,0.0,0.0,0.0,0.0,0.0,0.0,0.0,0.0,0.0,16172.333333333334,0.0,0.0,414.444,105.556,0.0,6.667,17.778,3.333,0.0,0.0,0.0,0.0,0.0,0.0,0.0,0.0,0.0,0.0,16655.0,0.0,0.0,0.0,0.0,12.222,0.0,140.0,22.222,0.0,0.0,14.444,4.444,0.0,0.0,0.0,0.0,0.0,0.0,17351.0,0.0,0.0,0.0,0.0,0.0,0.0,21.111,0.0,26.667,255.556,224.444,53.333,313.333,272.222,254.444,206.667,280.0,217.778,0.2991098423591287,124.44425,1.1311757568983496,0.8840359191766718,1.0564965862302602,393.33349999999996,1.2856775520699408,3.889,0.8372079116147648,167.2225,1.287121318923144,163.50005
malecns_all,1.0,A,0.2,1,2,32865,,19.444499999999998,1.0,0.0,407.222,3.0,8.333,13.3335,212.222,184.1112,9408.666666666666,35.556,3.333,0.0,0.0,0.0,1.111,8.889,0.0,0.0,0.0,0.0,0.0,0.0,0.0,0.0,0.0,0.0,0.0,13906.0,0.0,0.0,0.0,0.0,0.0,0.0,10.0,0.0,0.0,0.0,0.0,6.667,0.0,0.0,0.0,0.0,0.0,0.0,15881.666666666666,0.0,0.0,431.111,383.333,2.222,3.333,27.778,0.0,0.0,0.0,0.0,0.0,0.0,0.0,0.0,0.0,0.0,0.0,15284.333333333334,0.0,0.0,422.222,38.889,0.0,12.222,26.667,4.444,0.0,0.0,0.0,0.0,0.0,0.0,0.0,0.0,0.0,0.0,15510.0,0.0,0.0,0.0,0.0,6.667,0.0,212.222,3.333,0.0,0.0,2.222,3.333,0.0,0.0,0.0,0.0,0.0,0.0,15925.0,0.0,0.0,0.0,0.0,0.0,0.0,2.222,0.0,7.778,153.333,175.556,8.889,295.556,262.222,232.222,247.778,262.222,195.556,0.15625069057027544,124.44425,1.1311757568983496,0.8840359191766718,1.0353097308009616,393.33349999999996,2.1427102082797638,3.889,1.2690995529907758,167.2225,1.1260620409596205,163.50005
malecns_all,1.0,A,0.2,1,1,32865,,16.111,1.0,0.0,402.778,3.035,11.6665,15.5555,214.444,184.55560000000003,13270.666666666666,30.0,2.222,0.0,0.0,0.0,2.222,7.778,6.667,0.0,0.0,0.0,4.444,0.0,0.0,0.0,0.0,0.0,0.0,13869.333333333334,0.0,0.0,0.0,0.0,0.0,0.0,5.556,0.0,0.0,0.0,1.111,11.111,0.0,0.0,0.0,0.0,0.0,0.0,16091.666666666666,0.0,0.0,426.667,378.889,2.222,3.333,18.889,0.0,0.0,0.0,0.0,0.0,0.0,0.0,0.0,0.0,0.0,0.0,14675.666666666666,0.0,0.0,421.111,50.0,0.0,18.889,31.111,4.444,0.0,0.0,0.0,0.0,0.0,0.0,0.0,0.0,0.0,0.0,15582.0,0.0,0.0,0.0,0.0,6.667,0.0,214.444,3.333,0.0,0.0,4.444,1.111,0.0,0.0,0.0,0.0,0.0,0.0,16153.0,0.0,0.0,0.0,0.0,0.0,0.0,3.333,0.0,7.778,144.444,156.667,8.889,293.333,282.222,235.556,251.111,267.778,197.778,0.14463726220721976,111.389,1.1743655968542348,0.8515235823313398,1.0211271801229325,394.44449999999995,3.2305988231221874,3.61125,1.1696934820968343,183.33350000000002,1.114764396514285,165.5557
malecns_all,1.0,A,0.2,3,2,32865,,25.0,1.0,0.0,415.55550000000005,2.965,3.3335,16.6665,192.222,200.4445,2596.6666666666665,42.222,7.778,0.0,0.0,1.111,2.222,8.889,1.111,0.0,0.0,0.0,0.0,0.0,0.0,0.0,0.0,0.0,0.0,14416.666666666666,0.0,0.0,0.0,0.0,0.0,0.0,10.0,2.222,0.0,0.0,26.667,0.0,0.0,0.0,0.0,0.0,0.0,0.0,15219.0,0.0,0.0,423.333,407.778,3.333,3.333,40.0,0.0,0.0,0.0,1.111,0.0,0.0,0.0,0.0,0.0,0.0,0.0,15081.666666666666,0.0,0.0,417.778,47.778,0.0,6.667,33.333,0.0,0.0,0.0,16.667,0.0,0.0,0.0,0.0,0.0,0.0,0.0,15406.333333333334,2.222,0.0,0.0,0.0,3.333,0.0,192.222,1.111,0.0,0.0,10.0,2.222,0.0,0.0,0.0,0.0,0.0,0.0,15784.666666666666,176.667,0.0,0.0,0.0,0.0,0.0,0.0,0.0,22.222,243.333,201.111,11.111,317.778,278.889,238.889,200.0,275.556,215.556,0.2008931710384369,124.44425,1.1311757568983496,0.8840359191766718,1.0564965862302602,393.33349999999996,0.8571612239650296,3.889,1.149498422760095,167.2225,1.225959869737043,163.50005
malecns_all,1.0,A,0.2,3,1,32865,,31.111,1.0,0.0,413.889,3.065,3.3335,16.111,193.333,206.33319999999998,6583.333333333333,50.0,12.222,0.0,0.0,4.444,3.333,5.556,4.444,2.222,0.0,1.111,2.222,0.0,0.0,0.0,0.0,0.0,0.0,14351.333333333334,0.0,0.0,0.0,0.0,0.0,0.0,8.889,0.0,0.0,0.0,31.111,0.0,0.0,0.0,0.0,0.0,0.0,0.0,15120.0,0.0,0.0,418.889,408.889,3.333,3.333,35.556,0.0,0.0,0.0,0.0,0.0,0.0,0.0,0.0,0.0,0.0,0.0,14861.0,0.0,0.0,415.556,48.889,0.0,6.667,32.222,0.0,0.0,0.0,11.111,0.0,0.0,0.0,0.0,0.0,0.0,0.0,15469.0,3.333,0.0,0.0,0.0,3.333,0.0,193.333,1.111,2.222,0.0,21.111,1.111,1.111,0.0,0.0,0.0,0.0,0.0,15778.666666666666,131.111,0.0,0.0,0.0,0.0,0.0,0.0,0.0,37.778,238.889,191.111,14.444,313.333,304.444,253.333,218.889,276.667,214.444,0.2793004695257162,111.389,1.1743655968542348,0.8515235823313398,1.049295908549872,394.44449999999995,0.9230875735548633,3.61125,1.0545426776884748,183.33350000000002,1.2463068320812873,165.5557
malecns_all,1.0,A,0.2,4,1,32865,,80.5555,0.9862082663505285,1.111,409.4445,2.9000000000000004,10.5555,0.0,82.222,203.2222,9315.666666666666,130.0,31.111,0.0,0.0,0.0,1.111,0.0,0.0,0.0,0.0,0.0,0.0,0.0,0.0,0.0,0.0,0.0,0.0,14923.333333333334,2.222,0.0,0.0,0.0,0.0,0.0,1.111,0.0,18.889,0.0,0.0,0.0,0.0,0.0,0.0,0.0,0.0,0.0,15962.0,0.0,0.0,420.0,398.889,2.222,3.333,0.0,0.0,0.0,0.0,0.0,0.0,0.0,0.0,0.0,0.0,0.0,0.0,15418.333333333334,0.0,0.0,411.111,6.667,0.0,21.111,0.0,0.0,5.556,0.0,1.111,0.0,0.0,0.0,0.0,0.0,0.0,0.0,15259.333333333334,3.333,0.0,0.0,0.0,0.0,0.0,82.222,0.0,17.778,0.0,0.0,0.0,0.0,0.0,0.0,0.0,0.0,0.0,15878.666666666666,185.556,0.0,0.0,0.0,0.0,0.0,0.0,0.0,77.778,208.889,213.333,20.0,308.889,302.222,218.889,213.333,272.222,196.667,0.7231907998096759,111.389,1.1581690593353184,0.8515235823313398,1.0380281636580053,394.44449999999995,2.922949117341641,3.61125,0.4484832286516102,183.33350000000002,1.22751557330856,165.5557
malecns_all,1.0,A,0.2,4,2,32865,,91.1115,0.981709224411847,1.6665,408.33299999999997,3.0300000000000002,9.4445,0.0,65.556,195.33350000000002,8364.333333333334,145.556,36.667,0.0,0.0,0.0,1.111,0.0,0.0,4.444,0.0,0.0,0.0,0.0,0.0,0.0,0.0,0.0,0.0,14936.333333333334,3.333,0.0,0.0,0.0,0.0,0.0,4.444,0.0,24.444,0.0,0.0,0.0,0.0,0.0,0.0,0.0,0.0,0.0,15925.0,0.0,0.0,422.222,394.444,0.0,3.333,0.0,0.0,0.0,0.0,0.0,0.0,0.0,0.0,0.0,0.0,0.0,0.0,15489.333333333334,0.0,0.0,413.333,7.778,0.0,18.889,0.0,0.0,5.556,0.0,0.0,0.0,0.0,0.0,0.0,0.0,0.0,0.0,15282.666666666666,7.778,0.0,0.0,0.0,0.0,0.0,65.556,0.0,21.111,0.0,0.0,0.0,0.0,0.0,0.0,0.0,0.0,0.0,15947.666666666666,187.778,0.0,0.0,0.0,0.0,0.0,0.0,0.0,76.667,206.667,196.667,14.444,308.889,286.667,211.111,197.778,265.556,188.889,0.7321471261227418,124.44425,1.1104856749781629,0.8840359191766718,1.038134305875294,393.33349999999996,2.4285163281049114,3.889,0.39202858467012514,167.2225,1.194699940458734,163.50005
malecns_all,1.0,A,0.2,8,2,32865,,149.4445,0.9330855267340049,10.0,405.0,3.0,28.889,1.111,5.556,190.1112,14205.666666666666,227.778,71.111,0.0,0.0,0.0,0.0,6.667,0.0,5.556,0.0,0.0,0.0,0.0,0.0,0.0,0.0,0.0,0.0,13977.666666666666,20.0,0.0,0.0,0.0,0.0,20.0,0.0,0.0,5.556,0.0,22.222,22.222,0.0,0.0,0.0,0.0,0.0,0.0,15816.333333333334,0.0,0.0,420.0,390.0,3.333,0.0,2.222,0.0,0.0,0.0,0.0,0.0,0.0,0.0,0.0,0.0,0.0,0.0,5439.333333333333,0.0,0.0,424.444,103.333,0.0,57.778,2.222,0.0,0.0,0.0,1.111,0.0,0.0,0.0,0.0,0.0,0.0,0.0,8349.666666666666,13.333,0.0,0.0,0.0,0.0,1.111,5.556,0.0,4.444,2.222,27.778,11.111,0.0,0.0,0.0,0.0,0.0,0.0,15245.666666666666,0.0,0.0,0.0,0.0,0.0,0.0,0.0,0.0,16.667,200.0,187.778,120.0,287.778,263.333,192.222,166.667,261.111,205.556,1.2008951799701473,124.44425,1.0554837269542332,0.8840359191766718,1.0296605806522965,393.33349999999996,7.428387760349705,3.889,0.033225193978083094,167.2225,1.1627592774436462,163.50005
malecns_all,1.0,A,0.2,8,1,32865,,131.111,0.9703381104560258,3.889,407.22249999999997,2.965,28.3335,0.0,7.778,192.44440000000003,13829.333333333334,201.111,61.111,0.0,0.0,0.0,0.0,10.0,0.0,0.0,0.0,2.222,1.111,0.0,0.0,0.0,0.0,0.0,0.0,13935.333333333334,7.778,0.0,0.0,0.0,0.0,17.778,0.0,0.0,14.444,0.0,33.333,28.889,0.0,0.0,0.0,0.0,0.0,0.0,15845.666666666666,0.0,0.0,417.778,396.667,3.333,0.0,4.444,0.0,0.0,0.0,0.0,0.0,0.0,0.0,0.0,0.0,0.0,0.0,3532.3333333333335,0.0,0.0,420.0,95.556,0.0,56.667,0.0,0.0,0.0,0.0,0.0,0.0,0.0,0.0,0.0,0.0,0.0,0.0,14285.333333333334,25.556,0.0,0.0,0.0,0.0,4.444,7.778,0.0,11.111,2.222,48.889,38.889,0.0,0.0,0.0,0.0,0.0,0.0,15110.333333333334,0.0,0.0,0.0,0.0,0.0,0.0,0.0,0.0,20.0,203.333,185.556,116.667,282.222,274.444,194.444,186.667,263.333,197.778,1.1770551849823592,111.389,1.1395316942361011,0.8515235823313398,1.0323949250147995,394.44449999999995,7.845898234683282,3.61125,0.04242541597689456,183.33350000000002,1.1624148247387436,165.5557
malecns_all,1.0,A,0.2,6,1,32865,,28.889,0.80769497040396,5.5555,404.44449999999995,2.9000000000000004,6.111,2.222,210.0,190.2222,10779.0,50.0,7.778,0.0,1.111,2.222,0.0,8.889,3.333,0.0,0.0,4.444,5.556,0.0,0.0,0.0,0.0,0.0,0.0,15374.666666666666,11.111,0.0,0.0,0.0,0.0,0.0,6.667,0.0,0.0,0.0,0.0,0.0,0.0,0.0,0.0,0.0,0.0,0.0,17205.0,0.0,0.0,406.667,402.222,0.0,3.333,4.444,3.333,0.0,0.0,0.0,0.0,0.0,0.0,0.0,0.0,0.0,0.0,16599.333333333332,5.556,0.0,408.889,91.111,0.0,12.222,4.444,0.0,0.0,0.0,0.0,0.0,0.0,0.0,0.0,0.0,0.0,0.0,16338.666666666666,5.556,0.0,0.0,2.222,4.444,0.0,210.0,0.0,0.0,0.0,3.333,0.0,0.0,0.0,0.0,0.0,0.0,0.0,16676.0,113.333,0.0,0.0,0.0,0.0,0.0,0.0,0.0,10.0,141.111,231.111,31.111,288.889,273.333,238.889,231.111,276.667,180.0,0.2593523597482696,111.389,0.9485291859946099,0.8515235823313398,1.0253521091053368,394.44449999999995,1.6922118380062305,3.61125,1.145453504133178,183.33350000000002,1.148992151886042,165.5557
malecns_all,1.0,A,0.2,7,2,32865,,33.333,1.0,0.0,405.0,3.135,0.0,6.111,158.889,171.5556,8712.666666666666,53.333,13.333,0.0,0.0,30.0,0.0,0.0,0.0,0.0,0.0,0.0,3.333,0.0,0.0,0.0,0.0,0.0,0.0,13156.0,0.0,0.0,0.0,0.0,45.556,0.0,1.111,0.0,0.0,0.0,0.0,0.0,0.0,0.0,0.0,0.0,0.0,0.0,15422.666666666666,0.0,0.0,411.111,398.889,101.111,0.0,2.222,0.0,0.0,0.0,0.0,0.0,0.0,0.0,0.0,0.0,0.0,0.0,14994.666666666666,0.0,0.0,402.222,15.556,12.222,0.0,0.0,0.0,0.0,0.0,0.0,0.0,0.0,0.0,0.0,0.0,0.0,0.0,14181.666666666666,0.0,0.0,0.0,0.0,126.667,0.0,158.889,0.0,0.0,0.0,4.444,2.222,0.0,0.0,0.0,0.0,0.0,0.0,14913.666666666666,175.556,0.0,0.0,0.0,0.0,0.0,2.222,0.0,7.778,168.889,82.222,7.778,296.667,280.0,205.556,197.778,264.444,204.444,0.2678548828089687,124.44425,1.1311757568983496,0.8840359191766718,1.0296605806522965,393.33349999999996,0.0,3.889,0.9501651990611312,167.2225,1.0492694038931487,163.50005
malecns_all,1.0,A,0.2,7,1,32865,,43.3335,1.0,0.0,405.0,3.0,0.0,8.889,148.889,176.22240000000002,8708.0,71.111,15.556,0.0,0.0,30.0,0.0,0.0,0.0,0.0,0.0,0.0,3.333,0.0,0.0,0.0,0.0,0.0,0.0,13164.666666666666,0.0,0.0,0.0,0.0,56.667,0.0,0.0,0.0,0.0,0.0,0.0,1.111,0.0,0.0,0.0,0.0,0.0,0.0,15781.666666666666,0.0,0.0,408.889,401.111,132.222,0.0,2.222,0.0,0.0,0.0,0.0,0.0,0.0,0.0,0.0,0.0,0.0,0.0,14889.333333333334,0.0,0.0,395.556,17.778,17.778,0.0,0.0,0.0,0.0,0.0,0.0,0.0,0.0,0.0,0.0,0.0,0.0,0.0,14427.666666666666,0.0,0.0,0.0,0.0,128.889,0.0,148.889,0.0,0.0,0.0,4.444,1.111,0.0,0.0,0.0,0.0,0.0,0.0,14634.333333333334,165.556,0.0,0.0,0.0,0.0,0.0,4.444,0.0,8.889,173.333,92.222,8.889,295.556,295.556,216.667,200.0,265.556,205.556,0.3890285396224044,111.389,1.1743655968542348,0.8515235823313398,1.0267604187661383,394.44449999999995,0.0,3.61125,0.8121210798899273,183.33350000000002,1.0644296753298137,165.5557
malecns_all,1.0,A,0.2,6,2,32865,,87.778,0.9493665838820662,4.4445,404.4445,2.9000000000000004,5.0,6.6665,210.0,193.11110000000002,14466.0,135.556,40.0,0.0,0.0,1.111,0.0,13.333,0.0,0.0,0.0,15.556,7.778,0.0,0.0,0.0,0.0,0.0,0.0,15702.0,8.889,0.0,0.0,0.0,0.0,0.0,8.889,0.0,0.0,0.0,0.0,0.0,0.0,0.0,0.0,0.0,0.0,0.0,17299.666666666668,0.0,0.0,410.0,398.889,0.0,4.444,3.333,8.889,0.0,0.0,0.0,0.0,0.0,0.0,0.0,0.0,0.0,0.0,16738.333333333332,0.0,0.0,408.889,86.667,0.0,6.667,13.333,3.333,0.0,0.0,0.0,0.0,0.0,0.0,0.0,0.0,0.0,0.0,16358.666666666666,2.222,0.0,0.0,2.222,4.444,0.0,210.0,0.0,0.0,0.0,4.444,0.0,0.0,0.0,0.0,0.0,0.0,0.0,16742.666666666668,112.222,0.0,0.0,0.0,0.0,0.0,1.111,0.0,13.333,147.778,237.778,42.222,297.778,263.333,234.444,230.0,276.667,187.778,0.7053600306964766,124.44425,1.0739004640967968,0.8840359191766718,1.0282482931151302,393.33349999999996,1.2856775520699408,3.889,1.2558118674221472,167.2225,1.181107284065051,163.50005
malecns_all,1.0,A,0.2,5,2,32865,,113.889,0.9365873789391425,7.222,406.1115,3.0,42.222500000000004,2.222,196.667,201.77779999999998,16298.333333333334,181.111,46.667,0.0,0.0,0.0,2.222,0.0,56.667,0.0,0.0,0.0,1.111,0.0,0.0,0.0,0.0,0.0,0.0,16428.0,14.444,0.0,2.222,1.111,0.0,0.0,8.889,46.667,0.0,0.0,1.111,0.0,0.0,0.0,0.0,0.0,0.0,0.0,17942.333333333332,0.0,0.0,405.556,406.667,2.222,3.333,1.111,33.333,0.0,0.0,3.333,0.0,0.0,0.0,0.0,0.0,0.0,0.0,17273.0,0.0,0.0,398.889,64.444,0.0,25.556,4.444,58.889,0.0,0.0,7.778,3.333,0.0,0.0,0.0,0.0,0.0,0.0,16463.0,1.111,0.0,0.0,0.0,27.778,0.0,196.667,5.556,0.0,0.0,3.333,0.0,0.0,0.0,0.0,0.0,0.0,0.0,18586.333333333332,213.333,0.0,0.0,0.0,0.0,0.0,0.0,3.333,7.778,270.0,275.556,18.889,307.778,272.222,204.444,180.0,261.111,220.0,0.9151808942558616,124.44425,1.059444937272926,0.8840359191766718,1.0324864269125311,393.33349999999996,10.856904088454618,3.889,1.176079773953864,167.2225,1.2341146073044014,163.50005
malecns_all,1.0,A,0.2,5,1,32865,,67.22200000000001,0.8925649340989557,7.222,403.3335,3.0300000000000002,36.1115,1.6665,226.667,203.5556,15675.333333333334,114.444,20.0,0.0,0.0,4.444,5.556,1.111,33.333,0.0,0.0,0.0,2.222,0.0,0.0,0.0,0.0,0.0,0.0,16254.666666666666,14.444,0.0,0.0,1.111,2.222,0.0,10.0,55.556,0.0,0.0,1.111,0.0,0.0,0.0,0.0,0.0,0.0,0.0,17925.666666666668,0.0,0.0,398.889,407.778,11.111,3.333,1.111,16.667,0.0,0.0,3.333,0.0,0.0,0.0,0.0,0.0,0.0,0.0,17459.0,0.0,0.0,396.667,66.667,0.0,35.556,3.333,36.667,0.0,0.0,10.0,3.333,0.0,0.0,0.0,0.0,0.0,0.0,16551.666666666668,0.0,0.0,0.0,0.0,46.667,0.0,226.667,1.111,0.0,0.0,0.0,0.0,0.0,0.0,0.0,0.0,0.0,0.0,18569.333333333332,198.889,0.0,0.0,0.0,0.0,0.0,0.0,1.111,7.778,262.222,264.444,18.889,305.556,283.333,222.222,186.667,258.889,225.556,0.6034886748242646,111.389,1.0481975515642807,0.8515235823313398,1.022535489783734,394.44449999999995,9.999723087573555,3.61125,1.2363643305778813,183.33350000000002,1.2295293970548884,165.5557
malecns_all,1.0,A,0.2,9,1,32865,,46.111000000000004,1.0,0.0,411.66700000000003,3.0,3.8885,16.6665,166.667,213.99989999999997,10130.0,84.444,7.778,0.0,0.0,16.667,0.0,16.667,0.0,0.0,0.0,12.222,12.222,0.0,0.0,0.0,0.0,0.0,0.0,15393.0,0.0,0.0,1.111,1.111,72.222,0.0,63.333,0.0,8.889,0.0,61.111,74.444,0.0,0.0,0.0,0.0,0.0,0.0,16568.0,0.0,0.0,417.778,405.556,15.556,5.556,43.333,0.0,0.0,0.0,2.222,0.0,0.0,0.0,0.0,0.0,0.0,0.0,13800.333333333334,0.0,0.0,410.0,110.0,2.222,4.444,31.111,3.333,0.0,0.0,10.0,2.222,0.0,0.0,0.0,0.0,0.0,0.0,15518.333333333334,6.667,0.0,0.0,0.0,107.778,0.0,166.667,16.667,3.333,0.0,51.111,64.444,0.0,0.0,0.0,0.0,0.0,0.0,16029.666666666666,0.0,0.0,0.0,0.0,18.889,0.0,15.556,0.0,27.778,234.444,240.0,77.778,313.333,294.444,246.667,214.444,276.667,214.444,0.4139636768442127,111.389,1.1743655968542348,0.8515235823313398,1.0436626699066665,394.44449999999995,1.0767739702319141,3.61125,0.9090919008255446,183.33350000000002,1.292615717852058,165.5557
malecns_all,1.0,A,0.2,9,2,32865,,72.22200000000001,1.0,0.0,410.5555,3.0,3.8885,25.0,167.778,214.2221,14965.0,132.222,12.222,0.0,0.0,30.0,0.0,44.444,0.0,8.889,0.0,38.889,41.111,0.0,0.0,0.0,0.0,0.0,0.0,15434.0,0.0,0.0,3.333,3.333,66.667,0.0,56.667,0.0,10.0,0.0,51.111,66.667,0.0,0.0,0.0,0.0,0.0,0.0,16600.666666666668,0.0,0.0,418.889,402.222,6.667,6.667,44.444,0.0,0.0,0.0,2.222,0.0,0.0,0.0,0.0,0.0,0.0,0.0,15870.666666666666,0.0,0.0,410.0,97.778,6.667,4.444,43.333,3.333,0.0,0.0,16.667,1.111,0.0,0.0,0.0,0.0,0.0,0.0,15496.666666666666,3.333,0.0,0.0,0.0,91.111,0.0,167.778,11.111,4.444,0.0,64.444,63.333,0.0,0.0,0.0,0.0,0.0,0.0,15921.0,0.0,0.0,0.0,0.0,23.333,0.0,16.667,0.0,25.556,251.111,243.333,81.111,313.333,272.222,253.333,208.889,278.889,214.444,0.5803562639495197,124.44425,1.1311757568983496,0.8840359191766718,1.0437847272098615,393.33349999999996,0.999871432244793,3.889,1.0033219213921571,167.2225,1.3102265106340947,163.50005
malecns_all,1.0,A,0.3,0,1,49298,,88.3335,0.9685510027339571,2.778,416.111,3.0,40.555499999999995,7.222,158.889,221.0,2560.6666666666665,147.778,28.889,0.0,0.0,0.0,0.0,8.889,0.0,0.0,0.0,0.0,0.0,0.0,0.0,0.0,0.0,0.0,0.0,8152.666666666667,5.556,0.0,2.222,4.444,0.0,1.111,0.0,0.0,0.0,0.0,0.0,4.444,0.0,0.0,0.0,0.0,0.0,0.0,7788.333333333333,0.0,0.0,423.333,408.889,3.333,7.778,4.444,17.778,0.0,0.0,0.0,0.0,0.0,0.0,0.0,0.0,0.0,0.0,6706.333333333333,2.222,0.0,415.556,20.0,0.0,57.778,14.444,23.333,0.0,0.0,0.0,0.0,0.0,0.0,0.0,0.0,0.0,0.0,3284.0,4.444,0.0,0.0,0.0,6.667,0.0,158.889,3.333,0.0,0.0,2.222,0.0,0.0,0.0,0.0,0.0,0.0,0.0,11867.333333333334,0.0,0.0,0.0,0.0,0.0,0.0,0.0,0.0,110.0,241.111,230.0,38.889,306.667,305.556,233.333,247.778,272.222,224.444,0.7930181615778937,111.389,1.137432976409431,0.8515235823313398,1.054929147193078,394.44449999999995,11.230321910695741,3.61125,0.8666664848486502,183.33350000000002,1.3348981641828097,165.5557
malecns_all,1.0,A,0.3,0,2,49298,,128.889,0.9870702697670088,1.6665,414.444,2.9699999999999998,37.221999999999994,5.0,128.889,217.3333,3614.0,210.0,47.778,0.0,0.0,0.0,1.111,16.667,6.667,0.0,0.0,0.0,0.0,0.0,0.0,0.0,0.0,0.0,0.0,10513.0,3.333,0.0,3.333,4.444,0.0,0.0,0.0,0.0,0.0,0.0,0.0,1.111,0.0,0.0,0.0,0.0,0.0,0.0,10239.666666666666,0.0,0.0,424.444,404.444,3.333,6.667,2.222,17.778,0.0,0.0,0.0,0.0,0.0,0.0,0.0,0.0,0.0,0.0,7315.333333333333,0.0,0.0,418.889,21.111,0.0,51.111,10.0,23.333,0.0,0.0,0.0,0.0,2.222,0.0,0.0,0.0,0.0,0.0,5854.333333333333,30.0,6.667,0.0,0.0,2.222,0.0,128.889,3.333,0.0,0.0,1.111,5.556,0.0,0.0,0.0,0.0,0.0,0.0,12238.0,0.0,0.0,0.0,0.0,0.0,0.0,0.0,0.0,103.333,254.444,227.778,31.111,312.222,287.778,214.444,245.556,271.111,225.556,1.0357167968789238,124.44425,1.1165499595155544,0.8840359191766718,1.0536707399700256,393.33349999999996,9.571097968629466,3.889,0.7707635037151102,167.2225,1.3292552509922781,163.50005
malecns_all,1.0,A,0.3,1,1,49298,,59.4445,0.9158879290767018,5.0,415.0,3.035,0.0,2.222,236.667,253.77779999999998,6685.666666666667,100.0,18.889,0.0,0.0,0.0,6.667,1.111,2.222,0.0,0.0,0.0,8.889,0.0,0.0,0.0,0.0,0.0,0.0,10333.0,10.0,0.0,0.0,0.0,0.0,0.0,4.444,0.0,0.0,0.0,0.0,28.889,0.0,0.0,0.0,0.0,0.0,0.0,5971.333333333333,0.0,0.0,433.333,396.667,4.444,0.0,3.333,0.0,0.0,0.0,0.0,4.444,0.0,0.0,0.0,0.0,0.0,0.0,4599.333333333333,0.0,0.0,425.556,87.778,0.0,0.0,4.444,0.0,0.0,0.0,0.0,0.0,0.0,0.0,0.0,0.0,0.0,0.0,5766.333333333333,5.556,0.0,0.0,0.0,10.0,0.0,236.667,0.0,0.0,0.0,3.333,0.0,0.0,0.0,0.0,0.0,0.0,0.0,10123.333333333334,0.0,0.0,0.0,0.0,0.0,0.0,6.667,0.0,223.333,242.222,256.667,150.0,305.556,318.889,262.222,297.778,287.778,193.333,0.5336658018296241,111.389,1.0755872744817498,0.8515235823313398,1.0521125278714751,394.44449999999995,0.0,3.61125,1.290909735536604,183.33350000000002,1.5328847028522725,165.5557
malecns_all,1.0,A,0.3,1,2,49298,,43.333,0.8333371795167654,7.222,412.778,3.0,0.0,3.3335,221.111,251.5555,5414.0,72.222,14.444,0.0,0.0,0.0,2.222,1.111,4.444,0.0,0.0,0.0,3.333,0.0,0.0,0.0,0.0,0.0,0.0,10500.0,14.444,0.0,0.0,0.0,0.0,0.0,3.333,0.0,0.0,0.0,0.0,33.333,0.0,0.0,0.0,0.0,0.0,0.0,7867.0,0.0,0.0,435.556,390.0,3.333,0.0,3.333,0.0,0.0,0.0,0.0,3.333,0.0,0.0,0.0,0.0,0.0,0.0,6537.333333333333,1.111,0.0,425.556,82.222,0.0,0.0,6.667,0.0,0.0,0.0,0.0,5.556,0.0,0.0,0.0,0.0,0.0,0.0,7711.666666666667,7.778,0.0,0.0,0.0,6.667,0.0,221.111,3.333,0.0,0.0,3.333,6.667,0.0,0.0,0.0,0.0,0.0,0.0,9410.666666666666,0.0,0.0,0.0,0.0,0.0,0.0,5.556,0.0,211.111,250.0,265.556,144.444,313.333,306.667,255.556,294.444,282.222,192.222,0.3482121512243434,124.44425,0.9426508147914131,0.8840359191766718,1.0494351485444287,393.33349999999996,0.0,3.889,1.3222562753218017,167.2225,1.5385652787262145,163.50005
malecns_all,1.0,A,0.3,2,2,49298,,67.222,0.6859510279372825,21.111,405.55550000000005,2.9699999999999998,1.6665,73.889,194.444,232.44459999999998,3402.3333333333335,113.333,21.111,0.0,0.0,1.111,0.0,2.222,2.222,0.0,0.0,0.0,0.0,0.0,0.0,0.0,0.0,0.0,0.0,10891.666666666666,42.222,0.0,3.333,3.333,0.0,0.0,98.889,1.111,0.0,0.0,38.889,0.0,0.0,0.0,0.0,0.0,0.0,0.0,12725.0,0.0,0.0,413.333,397.778,0.0,3.333,142.222,0.0,0.0,0.0,42.222,0.0,0.0,0.0,0.0,0.0,0.0,0.0,12476.333333333334,0.0,0.0,410.0,48.889,0.0,3.333,147.778,0.0,0.0,0.0,40.0,0.0,0.0,0.0,0.0,0.0,0.0,0.0,3560.0,13.333,0.0,0.0,0.0,3.333,0.0,194.444,0.0,0.0,0.0,11.111,0.0,0.0,0.0,0.0,0.0,0.0,0.0,9274.333333333334,194.444,0.0,0.0,0.0,0.0,0.0,37.778,0.0,121.111,183.333,260.0,146.667,315.556,305.556,236.667,245.556,283.333,226.667,0.5401776297418321,124.44425,0.7759311732221565,0.8840359191766718,1.031072868189463,393.33349999999996,0.42851632810491136,3.889,1.1627861083287236,167.2225,1.4216790759391205,163.50005
malecns_all,1.0,A,0.3,4,1,49298,,16.111,1.0,0.0,415.5555,2.9000000000000004,10.5555,5.5555,275.556,220.7777,1051.6666666666667,32.222,0.0,0.0,0.0,1.111,2.222,0.0,1.111,0.0,0.0,0.0,0.0,0.0,0.0,0.0,0.0,0.0,0.0,7701.333333333333,0.0,0.0,0.0,0.0,4.444,0.0,2.222,0.0,4.444,0.0,0.0,0.0,0.0,0.0,0.0,0.0,0.0,0.0,11893.0,0.0,0.0,422.222,408.889,2.222,0.0,15.556,0.0,13.333,0.0,0.0,0.0,0.0,0.0,0.0,0.0,0.0,0.0,11306.333333333334,0.0,0.0,413.333,3.333,0.0,21.111,11.111,0.0,31.111,0.0,0.0,0.0,0.0,0.0,0.0,0.0,0.0,0.0,6837.0,0.0,0.0,0.0,0.0,1.111,0.0,275.556,0.0,4.444,0.0,0.0,0.0,0.0,0.0,0.0,0.0,0.0,0.0,11917.333333333334,148.889,0.0,0.0,0.0,0.0,0.0,7.778,0.0,144.444,264.444,190.0,16.667,311.111,312.222,224.444,230.0,288.889,225.556,0.14463726220721976,111.389,1.1743655968542348,0.8515235823313398,1.0535208375322764,394.44449999999995,2.922949117341641,3.61125,1.5030313608805808,183.33350000000002,1.3335554136764847,165.5557
malecns_all,1.0,A,0.3,2,1,49298,,45.0,0.2963,31.6665,406.111,2.9699999999999998,1.6665,78.889,215.556,244.55539999999996,3119.3333333333335,77.778,12.222,0.0,0.0,2.222,0.0,3.333,1.111,0.0,0.0,3.333,0.0,0.0,0.0,0.0,0.0,0.0,0.0,11075.333333333334,61.111,2.222,4.444,3.333,0.0,0.0,104.444,1.111,0.0,0.0,60.0,0.0,0.0,0.0,0.0,0.0,0.0,0.0,12734.333333333334,0.0,0.0,411.111,401.111,0.0,3.333,136.667,0.0,0.0,0.0,42.222,0.0,0.0,0.0,0.0,0.0,0.0,0.0,12447.666666666666,0.0,0.0,407.778,51.111,0.0,3.333,157.778,0.0,0.0,0.0,43.333,0.0,0.0,0.0,0.0,0.0,0.0,0.0,7930.0,27.778,0.0,0.0,0.0,3.333,0.0,215.556,0.0,0.0,0.0,22.222,0.0,0.0,0.0,0.0,0.0,0.0,0.0,11599.0,193.333,1.111,0.0,0.0,0.0,0.0,48.889,0.0,153.333,211.111,272.222,163.333,310.0,320.0,248.889,252.222,283.333,231.111,0.4039896219554893,111.389,0.34796452634790975,0.8515235823313398,1.0295770380877411,394.44449999999995,0.4614745586708204,3.61125,1.1757589311282444,183.33350000000002,1.4771789796425008,165.5557
malecns_all,1.0,A,0.3,4,2,49298,,33.889,1.0,0.0,415.5555,3.0300000000000002,4.4445,3.889,272.222,216.8888,682.3333333333334,66.667,1.111,0.0,0.0,0.0,0.0,1.111,0.0,0.0,0.0,0.0,0.0,0.0,0.0,0.0,0.0,0.0,0.0,4416.333333333333,0.0,0.0,0.0,0.0,3.333,0.0,3.333,0.0,0.0,0.0,0.0,0.0,0.0,0.0,0.0,0.0,0.0,0.0,11842.666666666666,0.0,0.0,424.444,406.667,0.0,0.0,5.556,0.0,8.889,0.0,0.0,0.0,0.0,0.0,0.0,0.0,0.0,0.0,11403.666666666666,0.0,0.0,415.556,3.333,0.0,8.889,7.778,0.0,31.111,0.0,0.0,0.0,0.0,0.0,0.0,0.0,0.0,0.0,4930.333333333333,0.0,0.0,0.0,0.0,0.0,0.0,272.222,0.0,0.0,0.0,0.0,0.0,0.0,0.0,0.0,0.0,0.0,0.0,11953.0,154.444,0.0,0.0,0.0,0.0,0.0,8.889,0.0,140.0,275.556,190.0,13.333,313.333,298.889,220.0,214.444,280.0,223.333,0.27232274693286357,124.44425,1.1311757568983496,0.8840359191766718,1.0564965862302602,393.33349999999996,1.1428387760349703,3.889,1.6279029436828176,167.2225,1.3265365973894199,163.50005
malecns_all,1.0,A,0.3,3,1,49298,,0.5555,,0.0,421.1115,3.065,3.3335,20.5555,205.556,237.5555,94.0,1.111,0.0,0.0,0.0,0.0,0.0,0.0,0.0,0.0,0.0,1.111,0.0,0.0,0.0,0.0,0.0,0.0,0.0,11727.333333333334,0.0,0.0,0.0,0.0,0.0,0.0,61.111,4.444,58.889,32.222,51.111,12.222,0.0,0.0,0.0,0.0,0.0,0.0,13022.666666666666,0.0,0.0,426.667,415.556,57.778,3.333,97.778,0.0,0.0,0.0,14.444,2.222,0.0,0.0,0.0,0.0,0.0,0.0,12037.666666666666,0.0,0.0,418.889,153.333,0.0,6.667,41.111,0.0,13.333,0.0,18.889,0.0,0.0,0.0,0.0,0.0,0.0,0.0,12457.666666666666,4.444,0.0,0.0,0.0,3.333,0.0,205.556,2.222,34.444,10.0,25.556,6.667,2.222,0.0,0.0,0.0,0.0,0.0,12904.333333333334,78.889,0.0,0.0,0.0,0.0,0.0,11.111,0.0,155.556,264.444,215.556,74.444,321.111,312.222,271.111,252.222,275.556,233.333,0.004987027444361651,111.389,,0.8515235823313398,1.0676064693512015,394.44449999999995,0.9230875735548633,3.61125,1.1212135261695217,183.33350000000002,1.4348977413643866,165.5557
malecns_all,1.0,A,0.3,3,2,49298,,27.778,1.0,0.0,422.77750000000003,2.965,3.3335,24.4445,194.444,231.2221,427.0,45.556,10.0,0.0,0.0,0.0,0.0,6.667,1.111,0.0,0.0,0.0,4.444,0.0,0.0,0.0,0.0,0.0,0.0,11717.0,0.0,0.0,0.0,0.0,0.0,0.0,46.667,6.667,53.333,25.556,40.0,11.111,0.0,0.0,0.0,0.0,0.0,0.0,13142.333333333334,0.0,0.0,432.222,413.333,41.111,3.333,94.444,0.0,0.0,0.0,13.333,3.333,0.0,0.0,0.0,0.0,0.0,0.0,12209.333333333334,0.0,0.0,422.222,158.889,0.0,6.667,48.889,0.0,17.778,0.0,26.667,0.0,0.0,0.0,0.0,0.0,0.0,0.0,12348.0,3.333,0.0,0.0,0.0,3.333,0.0,194.444,3.333,34.444,10.0,20.0,1.111,0.0,0.0,0.0,0.0,0.0,0.0,13010.666666666666,127.778,0.0,0.0,0.0,0.0,0.0,7.778,0.0,128.889,276.667,222.222,58.889,323.333,292.222,263.333,243.333,274.444,228.889,0.223216420204228,124.44425,1.1311757568983496,0.8840359191766718,1.0748575953993242,393.33349999999996,0.8571612239650296,3.889,1.1627861083287236,167.2225,1.4142020140055005,163.50005
malecns_all,1.0,A,0.3,5,2,49298,,9.4445,0.11763460214939903,8.3335,397.778,3.0,87.7775,15.5555,270.0,241.44429999999997,4230.666666666667,18.889,0.0,0.0,0.0,0.0,0.0,6.667,13.333,1.111,0.0,1.111,0.0,0.0,0.0,0.0,0.0,0.0,0.0,12832.666666666666,16.667,0.0,2.222,2.222,0.0,0.0,54.444,92.222,0.0,0.0,5.556,1.111,0.0,0.0,0.0,0.0,0.0,0.0,11595.666666666666,0.0,0.0,400.0,395.556,0.0,3.333,21.111,108.889,0.0,0.0,3.333,0.0,0.0,0.0,0.0,0.0,0.0,0.0,14466.0,0.0,0.0,396.667,10.0,0.0,22.222,31.111,153.333,0.0,0.0,6.667,0.0,0.0,0.0,0.0,0.0,0.0,0.0,11336.0,1.111,0.0,0.0,0.0,10.0,0.0,270.0,128.889,0.0,0.0,3.333,0.0,0.0,0.0,0.0,0.0,0.0,0.0,15152.333333333334,207.778,0.0,0.0,0.0,0.0,0.0,4.444,66.667,120.0,334.444,301.111,150.0,321.111,284.444,204.444,192.222,270.0,236.667,0.07589342215490069,124.44425,0.13306541012378267,0.8840359191766718,1.0112995714832327,393.33349999999996,22.57071226536385,3.889,1.6146152581141893,167.2225,1.4767230958033346,163.50005
malecns_all,1.0,A,0.3,5,1,49298,,26.666999999999998,0.6458356770540368,9.4445,396.111,3.0300000000000002,80.55600000000001,16.6665,273.333,243.00010000000003,7511.0,45.556,7.778,0.0,0.0,0.0,2.222,6.667,27.778,0.0,0.0,1.111,0.0,0.0,0.0,0.0,0.0,0.0,0.0,13070.666666666666,18.889,0.0,2.222,4.444,1.111,0.0,57.778,84.444,0.0,0.0,3.333,0.0,0.0,0.0,0.0,0.0,0.0,0.0,15039.333333333334,0.0,0.0,393.333,398.889,0.0,3.333,25.556,100.0,0.0,0.0,3.333,0.0,0.0,0.0,0.0,0.0,0.0,0.0,14491.0,0.0,0.0,395.556,12.222,0.0,25.556,33.333,135.556,0.0,0.0,6.667,0.0,0.0,0.0,0.0,0.0,0.0,0.0,11481.333333333334,1.111,0.0,0.0,0.0,12.222,0.0,273.333,118.889,0.0,0.0,2.222,0.0,1.111,0.0,0.0,0.0,0.0,0.0,15208.333333333334,191.111,0.0,0.0,0.0,0.0,0.0,6.667,54.444,115.556,324.444,290.0,143.333,315.556,295.556,228.889,196.667,273.333,246.667,0.23940424997082296,111.389,0.7584472003533227,0.8515235823313398,1.0042249289824046,394.44449999999995,22.306957424714437,3.61125,1.490905917358257,183.33350000000002,1.4677845583087747,165.5557
malecns_all,1.0,A,0.3,6,1,49298,,5.5555,-0.5000450004500046,8.3335,412.222,2.9000000000000004,15.0,7.778,170.0,201.22220000000002,513.3333333333334,11.111,0.0,0.0,1.111,0.0,0.0,0.0,1.111,0.0,0.0,0.0,3.333,0.0,0.0,0.0,0.0,0.0,0.0,12799.666666666666,16.667,0.0,0.0,3.333,15.556,0.0,23.333,5.556,0.0,0.0,23.333,51.111,0.0,0.0,0.0,0.0,0.0,0.0,14624.0,0.0,0.0,420.0,404.444,0.0,3.333,24.444,21.111,0.0,0.0,0.0,0.0,0.0,0.0,0.0,0.0,0.0,0.0,14074.0,14.444,0.0,420.0,80.0,0.0,5.556,15.556,24.444,0.0,0.0,4.444,42.222,0.0,0.0,0.0,0.0,0.0,0.0,13198.666666666666,8.889,0.0,0.0,0.0,4.444,0.0,170.0,0.0,0.0,0.0,8.889,37.778,0.0,0.0,0.0,0.0,0.0,0.0,14163.0,202.222,3.333,0.0,0.0,1.111,0.0,7.778,1.111,17.778,156.667,226.667,61.111,293.333,290.0,248.889,224.444,283.333,210.0,0.0498747632171938,111.389,-0.5872356454074457,0.8515235823313398,1.0450697119620125,394.44449999999995,4.153686396677051,3.61125,0.9272718842982869,183.33350000000002,1.2154350469358652,165.5557
malecns_all,1.0,A,0.3,6,2,49298,,3.3335,-0.6665666716664169,5.5555,412.77750000000003,2.9000000000000004,13.889000000000001,13.889,175.556,208.6667,947.0,6.667,0.0,0.0,8.889,1.111,0.0,2.222,5.556,0.0,0.0,0.0,1.111,0.0,0.0,0.0,0.0,0.0,0.0,12756.333333333334,11.111,0.0,0.0,3.333,13.333,0.0,36.667,14.444,0.0,0.0,20.0,51.111,0.0,0.0,0.0,0.0,0.0,0.0,14600.333333333334,0.0,0.0,424.444,401.111,0.0,5.556,24.444,15.556,0.0,0.0,0.0,0.0,0.0,0.0,0.0,0.0,0.0,0.0,14107.666666666666,11.111,0.0,423.333,91.111,0.0,5.556,27.778,22.222,0.0,0.0,2.222,37.778,0.0,0.0,0.0,0.0,0.0,0.0,13201.666666666666,3.333,0.0,0.0,0.0,3.333,0.0,175.556,0.0,0.0,0.0,8.889,37.778,0.0,0.0,0.0,0.0,0.0,0.0,14129.666666666666,201.111,8.889,0.0,0.0,0.0,0.0,15.556,0.0,35.556,178.889,251.111,78.889,294.444,281.111,240.0,228.889,285.556,212.222,0.026787095426265176,124.44425,-0.7540040593454729,0.8840359191766718,1.0494338773585268,393.33349999999996,3.571355104139882,3.889,1.049834800938869,167.2225,1.2762485393735354,163.50005
malecns_all,1.0,A,0.4,0,1,65730,,102.778,0.91891747261087,8.3335,426.111,3.0,22.2225,0.0,215.556,236.55550000000002,1251.0,176.667,28.889,0.0,0.0,11.111,1.111,17.778,5.556,2.222,0.0,0.0,0.0,0.0,0.0,0.0,0.0,0.0,0.0,1064.0,16.667,0.0,3.333,1.111,0.0,0.0,0.0,0.0,0.0,0.0,2.222,4.444,0.0,0.0,0.0,0.0,0.0,0.0,3415.0,0.0,0.0,437.778,414.444,3.333,5.556,11.111,32.222,0.0,0.0,0.0,0.0,0.0,0.0,0.0,0.0,0.0,0.0,2090.6666666666665,0.0,0.0,430.0,143.333,0.0,15.556,0.0,28.889,0.0,0.0,0.0,0.0,0.0,0.0,0.0,0.0,0.0,0.0,1085.0,14.444,0.0,0.0,0.0,0.0,0.0,215.556,45.556,0.0,0.0,4.444,0.0,0.0,0.0,0.0,0.0,0.0,0.0,3238.0,0.0,0.0,0.0,0.0,0.0,0.0,13.333,0.0,108.889,246.667,271.111,116.667,323.333,324.444,231.111,247.778,274.444,221.111,0.9226943414520286,111.389,1.0791450661824493,0.8515235823313398,1.0802812562984148,394.44449999999995,6.153686396677051,3.61125,1.1757589311282444,183.33350000000002,1.4288574781780392,165.5557
malecns_all,1.0,A,0.4,0,2,65730,,127.22250000000001,0.9606987757668651,5.0,425.5555,2.9699999999999998,18.889,0.0,203.333,234.1111,1334.0,215.556,38.889,0.0,0.0,10.0,0.0,16.667,6.667,0.0,0.0,0.0,0.0,0.0,0.0,0.0,0.0,0.0,0.0,1020.3333333333334,10.0,0.0,3.333,1.111,0.0,0.0,0.0,0.0,0.0,0.0,0.0,0.0,0.0,0.0,0.0,0.0,0.0,0.0,3292.0,0.0,0.0,441.111,410.0,3.333,4.444,3.333,17.778,0.0,0.0,0.0,0.0,0.0,0.0,0.0,0.0,0.0,0.0,2158.3333333333335,0.0,0.0,433.333,143.333,0.0,6.667,0.0,31.111,0.0,0.0,0.0,0.0,0.0,0.0,0.0,0.0,0.0,0.0,1090.0,11.111,0.0,0.0,0.0,0.0,0.0,203.333,45.556,0.0,0.0,12.222,0.0,0.0,0.0,0.0,0.0,0.0,0.0,5345.666666666667,0.0,0.0,0.0,0.0,0.0,0.0,21.111,0.0,114.444,255.556,271.111,101.111,325.556,306.667,222.222,248.889,272.222,223.333,1.0223252580975015,124.44425,1.0867191648294017,0.8840359191766718,1.0819203042710577,393.33349999999996,4.857032656209823,3.889,1.2159428306597497,167.2225,1.4318717333725586,163.50005
malecns_all,1.0,A,0.3,8,1,49298,,25.555500000000002,1.0,0.0,409.44449999999995,2.965,0.0,5.5555,13.333,189.0,3863.0,46.667,4.444,0.0,0.0,0.0,1.111,0.0,16.667,0.0,0.0,0.0,2.222,0.0,0.0,0.0,0.0,0.0,0.0,9987.333333333334,0.0,0.0,0.0,0.0,0.0,0.0,0.0,0.0,10.0,0.0,3.333,42.222,0.0,0.0,0.0,0.0,0.0,0.0,11614.666666666666,0.0,0.0,416.667,402.222,3.333,0.0,4.444,0.0,0.0,0.0,0.0,0.0,0.0,0.0,0.0,0.0,0.0,0.0,2803.6666666666665,0.0,0.0,416.667,102.222,0.0,0.0,11.111,0.0,0.0,0.0,2.222,0.0,0.0,0.0,0.0,0.0,0.0,0.0,7053.0,16.667,0.0,0.0,0.0,0.0,0.0,13.333,0.0,2.222,0.0,25.556,15.556,0.0,0.0,0.0,0.0,0.0,0.0,11017.333333333334,0.0,0.0,0.0,0.0,0.0,0.0,0.0,0.0,11.111,197.778,134.444,108.889,290.0,286.667,204.444,186.667,263.333,206.667,0.2294257063085224,111.389,1.1743655968542348,0.8515235823313398,1.038028163658005,394.44449999999995,0.0,3.61125,0.07272538843146506,183.33350000000002,1.141609742219688,165.5557
malecns_all,1.0,A,0.4,2,1,65730,,82.222,0.2027012235168203,65.5555,406.6665,2.9699999999999998,5.5555,38.3335,30.0,280.11109999999996,1882.3333333333333,140.0,24.444,0.0,0.0,0.0,0.0,20.0,42.222,0.0,0.0,2.222,0.0,0.0,0.0,0.0,0.0,0.0,0.0,2398.0,131.111,0.0,1.111,0.0,2.222,1.111,11.111,12.222,0.0,0.0,7.778,2.222,0.0,0.0,0.0,0.0,0.0,0.0,3671.6666666666665,0.0,0.0,412.222,401.111,0.0,0.0,67.778,0.0,0.0,0.0,0.0,0.0,0.0,0.0,0.0,0.0,0.0,0.0,2875.3333333333335,0.0,0.0,413.333,106.667,0.0,0.0,76.667,11.111,0.0,0.0,1.111,0.0,0.0,0.0,0.0,0.0,0.0,0.0,1566.6666666666667,0.0,0.0,0.0,0.0,3.333,0.0,30.0,4.444,0.0,0.0,45.556,33.333,0.0,0.0,0.0,0.0,0.0,0.0,2827.3333333333335,243.333,17.778,0.0,0.0,0.0,0.0,0.0,0.0,272.222,291.111,282.222,260.0,305.556,327.778,252.222,253.333,301.111,255.556,0.738151882142761,111.389,0.23804534333841432,0.8515235823313398,1.0309853477485427,394.44449999999995,1.538386985115957,3.61125,0.16363621487616828,183.33350000000002,1.6919447654173185,165.5557
malecns_all,1.0,A,0.3,7,1,49298,,75.5555,0.963232325906122,2.778,408.889,3.0,1.111,4.4445,195.556,177.7778,5200.666666666667,127.778,23.333,0.0,0.0,0.0,0.0,0.0,0.0,0.0,0.0,0.0,0.0,0.0,0.0,0.0,0.0,0.0,0.0,10183.0,5.556,0.0,0.0,0.0,32.222,0.0,4.444,0.0,0.0,0.0,0.0,0.0,0.0,0.0,0.0,0.0,0.0,0.0,11256.0,0.0,0.0,410.0,407.778,154.444,0.0,5.556,0.0,0.0,0.0,0.0,0.0,0.0,0.0,0.0,0.0,0.0,0.0,10520.333333333334,15.556,3.333,395.556,15.556,6.667,2.222,2.222,0.0,0.0,0.0,0.0,0.0,0.0,0.0,0.0,0.0,0.0,0.0,9239.666666666666,0.0,0.0,0.0,0.0,114.444,0.0,195.556,0.0,0.0,0.0,3.333,0.0,0.0,0.0,0.0,0.0,0.0,0.0,10552.333333333334,172.222,0.0,0.0,0.0,13.333,0.0,4.444,0.0,8.889,198.889,91.111,7.778,300.0,294.444,221.111,188.889,258.889,207.778,0.6783030640368438,111.389,1.1311869053220356,0.8515235823313398,1.0366198539972038,394.44449999999995,0.3076497057805469,3.61125,1.066668121210799,183.33350000000002,1.0738247006898585,165.5557
malecns_all,1.0,A,0.4,1,1,65730,,0.5555,,0.0,417.778,3.035,0.0,6.6665,131.111,287.2221,255.66666666666666,1.111,0.0,0.0,0.0,0.0,0.0,0.0,0.0,0.0,0.0,0.0,0.0,0.0,0.0,0.0,0.0,0.0,0.0,5458.0,0.0,0.0,0.0,0.0,2.222,0.0,11.111,23.333,3.333,0.0,0.0,0.0,0.0,0.0,0.0,0.0,0.0,0.0,3506.3333333333335,0.0,0.0,428.889,406.667,31.111,0.0,0.0,0.0,0.0,0.0,0.0,16.667,0.0,0.0,0.0,0.0,0.0,0.0,2389.6666666666665,0.0,0.0,424.444,145.556,0.0,0.0,13.333,0.0,0.0,0.0,0.0,13.333,0.0,0.0,0.0,0.0,0.0,0.0,4732.333333333333,1.111,0.0,0.0,0.0,53.333,0.0,131.111,3.333,0.0,0.0,3.333,0.0,0.0,0.0,0.0,0.0,0.0,0.0,7998.333333333333,0.0,0.0,0.0,0.0,3.333,0.0,46.667,0.0,310.0,290.0,295.556,221.111,313.333,334.444,270.0,324.444,300.0,213.333,0.004987027444361651,111.389,,0.8515235823313398,1.0591553437809378,394.44449999999995,0.0,3.61125,0.71515025895431,183.33350000000002,1.7348970769354364,165.5557
malecns_all,1.0,A,0.4,2,2,65730,,100.0,0.316665,68.3335,406.667,2.9699999999999998,4.4445,46.111,24.444,273.77770000000004,2013.6666666666667,164.444,35.556,0.0,0.0,0.0,0.0,25.556,48.889,0.0,0.0,6.667,0.0,0.0,0.0,0.0,0.0,0.0,0.0,2140.0,136.667,0.0,1.111,0.0,2.222,0.0,12.222,3.333,0.0,0.0,12.222,5.556,0.0,0.0,0.0,0.0,0.0,0.0,3669.6666666666665,0.0,0.0,416.667,396.667,0.0,0.0,74.444,0.0,0.0,0.0,0.0,0.0,0.0,0.0,0.0,0.0,0.0,0.0,2937.3333333333335,0.0,0.0,413.333,104.444,0.0,0.0,92.222,8.889,0.0,0.0,0.0,0.0,0.0,0.0,0.0,0.0,0.0,0.0,1550.0,0.0,0.0,0.0,0.0,3.333,0.0,24.444,7.778,0.0,0.0,50.0,34.444,0.0,0.0,0.0,0.0,0.0,0.0,2780.0,235.556,12.222,0.0,0.0,0.0,0.0,0.0,0.0,264.444,292.222,281.111,245.556,304.444,307.778,242.222,247.778,300.0,252.222,0.8035726841537476,124.44425,0.3582037710582159,0.8840359191766718,1.0338987144496974,393.33349999999996,1.1428387760349703,3.889,0.14617650136793792,167.2225,1.6744808334921002,163.50005
malecns_all,1.0,A,0.4,1,2,65730,,0.0,,0.0,417.222,3.0,0.0,10.0,120.0,284.1112,253.66666666666666,0.0,0.0,0.0,0.0,0.0,0.0,0.0,0.0,0.0,0.0,0.0,0.0,0.0,0.0,0.0,0.0,0.0,0.0,5523.0,0.0,0.0,0.0,0.0,4.444,0.0,5.556,20.0,8.889,0.0,0.0,0.0,0.0,0.0,0.0,0.0,0.0,0.0,3690.0,0.0,0.0,430.0,404.444,21.111,0.0,0.0,0.0,0.0,0.0,0.0,18.889,0.0,0.0,0.0,0.0,0.0,0.0,2490.6666666666665,0.0,0.0,427.778,143.333,0.0,0.0,20.0,0.0,0.0,0.0,0.0,16.667,0.0,0.0,0.0,0.0,0.0,0.0,6104.333333333333,4.444,0.0,0.0,0.0,55.556,0.0,120.0,3.333,0.0,0.0,2.222,0.0,0.0,0.0,0.0,0.0,0.0,0.0,8118.666666666667,0.0,0.0,0.0,0.0,3.333,0.0,40.0,0.0,311.111,298.889,291.111,215.556,317.778,318.889,263.333,318.889,296.667,208.889,0.0,124.44425,,0.8840359191766718,1.060733448841759,393.33349999999996,0.0,3.889,0.7176067813840841,167.2225,1.737682649026713,163.50005
malecns_all,1.0,A,0.3,9,1,49298,,57.778,1.0,0.0,415.0,3.0,5.0,0.0,136.667,223.66670000000005,4020.6666666666665,100.0,15.556,0.0,0.0,8.889,0.0,2.222,5.556,0.0,0.0,0.0,0.0,0.0,0.0,0.0,0.0,0.0,0.0,10239.666666666666,0.0,0.0,3.333,3.333,0.0,0.0,14.444,0.0,0.0,0.0,33.333,4.444,0.0,0.0,0.0,0.0,0.0,0.0,6597.333333333333,0.0,0.0,422.222,407.778,1.111,4.444,0.0,0.0,0.0,0.0,0.0,0.0,0.0,0.0,0.0,0.0,0.0,0.0,4189.0,0.0,0.0,418.889,191.111,0.0,6.667,0.0,3.333,0.0,0.0,0.0,0.0,0.0,0.0,0.0,0.0,0.0,0.0,8405.0,0.0,0.0,0.0,0.0,17.778,0.0,136.667,16.667,0.0,0.0,35.556,2.222,0.0,0.0,0.0,0.0,0.0,0.0,9760.666666666666,0.0,0.0,0.0,0.0,0.0,0.0,0.0,0.0,62.222,232.222,237.778,146.667,321.111,302.222,245.556,200.0,277.778,211.111,0.5187047194965392,111.389,1.1743655968542348,0.8515235823313398,1.0521125278714751,394.44449999999995,1.3845621322256836,3.61125,0.7454556859493764,183.33350000000002,1.351005734021843,165.5557
malecns_all,1.0,A,0.3,7,2,49298,,55.5555,0.92999792999793,3.889,408.33349999999996,3.135,1.6665,3.333,180.0,177.88889999999998,9181.666666666666,87.778,23.333,0.0,0.0,3.333,0.0,0.0,0.0,0.0,0.0,0.0,0.0,0.0,0.0,0.0,0.0,0.0,0.0,10325.666666666666,7.778,0.0,2.222,0.0,26.667,0.0,6.667,0.0,0.0,0.0,0.0,0.0,0.0,0.0,0.0,0.0,0.0,0.0,9960.0,0.0,0.0,411.111,405.556,148.889,0.0,4.444,0.0,0.0,0.0,0.0,0.0,0.0,0.0,0.0,0.0,0.0,0.0,10659.0,36.667,11.111,398.889,17.778,3.333,3.333,3.333,0.0,0.0,0.0,0.0,0.0,0.0,0.0,0.0,0.0,0.0,0.0,6732.333333333333,0.0,0.0,0.0,0.0,100.0,0.0,180.0,0.0,0.0,0.0,4.444,0.0,0.0,0.0,0.0,0.0,0.0,0.0,10838.666666666666,170.0,0.0,0.0,0.0,16.667,0.0,5.556,0.0,7.778,212.222,86.667,7.778,301.111,282.222,221.111,194.444,265.556,200.0,0.44642882254503524,124.44425,1.0519911123793069,0.8840359191766718,1.0381355770611962,393.33349999999996,0.42851632810491136,3.889,1.076410172076126,167.2225,1.0880051718638617,163.50005
malecns_all,1.0,A,0.3,8,2,49298,,66.111,1.0,0.0,408.889,3.0,0.0,3.889,10.0,188.77749999999997,10109.666666666666,111.111,21.111,0.0,0.0,0.0,0.0,5.556,2.222,0.0,0.0,0.0,5.556,0.0,0.0,0.0,0.0,0.0,0.0,10021.666666666666,0.0,0.0,0.0,0.0,0.0,0.0,0.0,0.0,15.556,0.0,1.111,42.222,0.0,0.0,0.0,0.0,0.0,0.0,11658.666666666666,0.0,0.0,420.0,397.778,3.333,0.0,3.333,0.0,0.0,0.0,3.333,0.0,0.0,0.0,0.0,0.0,0.0,0.0,8303.0,0.0,0.0,416.667,61.111,0.0,0.0,7.778,0.0,0.0,0.0,3.333,0.0,0.0,0.0,0.0,0.0,0.0,0.0,3443.0,3.333,0.0,0.0,0.0,0.0,0.0,10.0,0.0,3.333,0.0,27.778,2.222,0.0,0.0,0.0,0.0,0.0,0.0,11157.666666666666,0.0,0.0,0.0,0.0,0.0,0.0,0.0,0.0,13.333,204.444,141.111,117.778,294.444,273.333,204.444,162.222,262.222,214.444,0.5312499372208841,124.44425,1.1311757568983496,0.8840359191766718,1.0395478645983627,393.33349999999996,0.0,3.889,0.05980056511534034,167.2225,1.1546020933938552,163.50005
malecns_all,1.0,A,0.3,9,2,49298,,81.111,0.9931513604813157,0.5555,415.0,3.0,5.0,0.0,124.444,220.7779,8166.0,130.0,32.222,0.0,0.0,2.222,0.0,0.0,3.333,0.0,0.0,3.333,1.111,0.0,0.0,0.0,0.0,0.0,0.0,12161.666666666666,1.111,0.0,1.111,1.111,2.222,0.0,3.333,0.0,0.0,0.0,54.444,5.556,0.0,0.0,0.0,0.0,0.0,0.0,6546.666666666667,0.0,0.0,424.444,405.556,0.0,6.667,0.0,0.0,0.0,0.0,0.0,0.0,0.0,0.0,0.0,0.0,0.0,0.0,4229.0,0.0,0.0,422.222,185.556,0.0,6.667,0.0,3.333,0.0,0.0,0.0,0.0,0.0,0.0,0.0,0.0,0.0,0.0,5848.333333333333,0.0,0.0,0.0,0.0,22.222,0.0,124.444,7.778,0.0,0.0,21.111,2.222,0.0,0.0,0.0,0.0,0.0,0.0,12425.333333333334,0.0,0.0,0.0,0.0,0.0,0.0,0.0,0.0,52.222,246.667,243.333,143.333,320.0,275.556,247.778,195.556,275.556,207.778,0.6517858398439462,124.44425,1.123428741907078,0.8840359191766718,1.055084298693094,393.33349999999996,1.2856775520699408,3.889,0.7441821525213413,167.2225,1.350323134457757,163.50005
malecns_all,1.0,A,0.4,3,1,65730,,3.889,1.0,0.0,415.5555,3.065,8.3335,18.3335,246.667,266.66659999999996,87.33333333333333,7.778,0.0,0.0,0.0,0.0,0.0,0.0,0.0,0.0,0.0,0.0,0.0,0.0,0.0,0.0,0.0,0.0,0.0,9379.666666666666,0.0,0.0,0.0,0.0,0.0,1.111,16.667,0.0,41.111,28.889,30.0,8.889,0.0,0.0,0.0,0.0,0.0,0.0,3678.0,0.0,0.0,421.111,410.0,0.0,8.889,25.556,0.0,0.0,0.0,0.0,0.0,0.0,0.0,0.0,0.0,0.0,0.0,3093.6666666666665,0.0,0.0,418.889,225.556,0.0,16.667,36.667,0.0,0.0,0.0,0.0,0.0,0.0,0.0,0.0,0.0,0.0,0.0,5201.666666666667,21.111,0.0,0.0,0.0,0.0,0.0,246.667,0.0,8.889,4.444,7.778,0.0,1.111,0.0,0.0,0.0,0.0,0.0,10441.0,102.222,0.0,0.0,0.0,0.0,0.0,0.0,0.0,230.0,292.222,294.444,115.556,324.444,318.889,276.667,272.222,294.444,247.778,0.034913680884108844,111.389,1.1743655968542348,0.8515235823313398,1.0535208375322764,394.44449999999995,2.307649705780547,3.61125,1.3454551404953268,183.33350000000002,1.6107364470084689,165.5557
malecns_all,1.0,A,0.4,3,2,65730,,16.6665,1.0,0.0,415.55550000000005,2.965,13.3335,17.778,235.556,264.22220000000004,551.3333333333334,33.333,0.0,0.0,0.0,0.0,0.0,23.333,10.0,0.0,0.0,0.0,8.889,0.0,0.0,0.0,0.0,0.0,0.0,8907.666666666666,0.0,0.0,0.0,0.0,0.0,1.111,11.111,1.111,33.333,23.333,17.778,8.889,0.0,0.0,0.0,0.0,0.0,0.0,7493.666666666667,0.0,0.0,423.333,407.778,0.0,5.556,35.556,0.0,0.0,0.0,2.222,0.0,0.0,0.0,0.0,0.0,0.0,0.0,3188.3333333333335,0.0,0.0,420.0,236.667,0.0,26.667,35.556,0.0,0.0,0.0,0.0,0.0,0.0,0.0,0.0,0.0,0.0,0.0,2782.0,8.889,0.0,0.0,0.0,0.0,0.0,235.556,0.0,0.0,0.0,0.0,0.0,0.0,0.0,0.0,0.0,0.0,0.0,10544.0,158.889,0.0,0.0,0.0,0.0,0.0,1.111,0.0,223.333,303.333,301.111,105.556,325.556,300.0,272.222,268.889,293.333,248.889,0.13392744140448434,124.44425,1.1311757568983496,0.8840359191766718,1.0564965862302602,393.33349999999996,3.428516328104912,3.889,1.408638191630911,167.2225,1.6160374262882493,163.50005
malecns_all,1.0,A,0.4,4,1,65730,,5.5555,1.0,0.0,416.111,2.9000000000000004,60.5555,0.0,277.778,245.1111,227.0,11.111,0.0,0.0,0.0,0.0,0.0,0.0,0.0,0.0,0.0,0.0,0.0,0.0,0.0,0.0,0.0,0.0,0.0,975.3333333333334,0.0,0.0,0.0,0.0,0.0,0.0,0.0,0.0,0.0,0.0,0.0,0.0,0.0,0.0,0.0,0.0,0.0,0.0,3303.3333333333335,0.0,0.0,420.0,412.222,2.222,10.0,0.0,0.0,0.0,0.0,0.0,0.0,0.0,0.0,0.0,0.0,0.0,0.0,1673.0,0.0,0.0,416.667,7.778,0.0,121.111,0.0,0.0,0.0,0.0,0.0,0.0,0.0,0.0,0.0,0.0,0.0,0.0,2751.3333333333335,0.0,0.0,0.0,0.0,7.778,0.0,277.778,0.0,0.0,0.0,1.111,0.0,0.0,0.0,0.0,0.0,0.0,0.0,8445.666666666666,174.444,0.0,0.0,0.0,0.0,0.0,1.111,1.111,230.0,304.444,206.667,90.0,314.444,320.0,220.0,240.0,286.667,238.889,0.0498747632171938,111.389,1.1743655968542348,0.8515235823313398,1.054929147193078,394.44449999999995,16.768570439598477,3.61125,1.5151513498624092,183.33350000000002,1.4805355538951543,165.5557
malecns_all,1.0,A,0.4,4,2,65730,,6.6665,1.0,0.0,418.33349999999996,3.0300000000000002,51.111,0.0,266.667,240.4445,240.33333333333334,13.333,0.0,0.0,0.0,0.0,0.0,0.0,0.0,0.0,0.0,0.0,0.0,0.0,0.0,0.0,0.0,0.0,0.0,986.0,0.0,0.0,0.0,0.0,0.0,0.0,0.0,0.0,0.0,0.0,0.0,0.0,0.0,0.0,0.0,0.0,0.0,0.0,3367.3333333333335,0.0,0.0,426.667,410.0,2.222,4.444,0.0,0.0,0.0,0.0,0.0,0.0,0.0,0.0,0.0,0.0,0.0,0.0,1694.6666666666667,0.0,0.0,420.0,4.444,0.0,102.222,0.0,0.0,0.0,0.0,0.0,0.0,0.0,0.0,0.0,0.0,0.0,0.0,6043.666666666667,14.444,0.0,0.0,0.0,5.556,0.0,266.667,0.0,8.889,0.0,2.222,0.0,0.0,0.0,0.0,0.0,0.0,0.0,8279.666666666666,174.444,0.0,0.0,0.0,0.0,0.0,0.0,1.111,224.444,312.222,198.889,75.556,317.778,307.778,216.667,233.333,282.222,235.556,0.053570172989109585,124.44425,1.1311757568983496,0.8840359191766718,1.0635592951019937,393.33349999999996,13.14245307276935,3.889,1.5946837297612462,167.2225,1.47060811296388,163.50005
malecns_all,1.0,A,0.5,0,1,82162,,71.667,0.9689954930442184,2.222,420.5555,3.0,30.5555,0.0,241.111,273.6666,176.33333333333334,127.778,15.556,0.0,0.0,0.0,3.333,0.0,0.0,0.0,0.0,0.0,0.0,0.0,0.0,0.0,0.0,0.0,0.0,330.6666666666667,4.444,0.0,3.333,3.333,0.0,0.0,0.0,0.0,0.0,0.0,0.0,0.0,0.0,0.0,0.0,0.0,0.0,0.0,2079.6666666666665,0.0,0.0,430.0,411.111,3.333,13.333,2.222,84.444,0.0,0.0,0.0,0.0,0.0,0.0,0.0,0.0,0.0,0.0,1340.0,0.0,0.0,424.444,122.222,0.0,41.111,0.0,20.0,0.0,0.0,0.0,0.0,0.0,0.0,0.0,0.0,0.0,0.0,855.6666666666666,0.0,0.0,0.0,0.0,1.111,0.0,241.111,48.889,0.0,0.0,25.556,0.0,0.0,0.0,0.0,0.0,0.0,0.0,2433.6666666666665,0.0,0.0,0.0,0.0,0.0,0.0,5.556,0.0,191.111,277.778,288.889,161.111,324.444,330.0,293.333,305.556,300.0,264.444,0.6433938719263124,111.389,1.137954970537937,0.8515235823313398,1.066196892084945,394.44449999999995,8.461197646244374,3.61125,1.3151497135002603,183.33350000000002,1.653018289312902,165.5557
malecns_all,1.0,A,0.5,0,2,82162,,100.5555,0.9668491529553331,3.3335,420.55550000000005,2.9699999999999998,23.8885,0.0,230.0,272.2221,232.0,171.111,30.0,0.0,0.0,0.0,4.444,0.0,0.0,0.0,0.0,0.0,0.0,0.0,0.0,0.0,0.0,0.0,0.0,379.0,6.667,0.0,7.778,12.222,0.0,0.0,0.0,0.0,0.0,0.0,0.0,0.0,0.0,0.0,0.0,0.0,0.0,0.0,2197.0,0.0,0.0,433.333,407.778,3.333,10.0,3.333,86.667,0.0,0.0,0.0,0.0,0.0,0.0,0.0,0.0,0.0,0.0,1361.6666666666667,0.0,0.0,430.0,123.333,0.0,33.333,0.0,14.444,0.0,0.0,0.0,0.0,0.0,0.0,0.0,0.0,0.0,0.0,852.3333333333334,0.0,0.0,0.0,0.0,0.0,0.0,230.0,37.778,0.0,0.0,30.0,0.0,0.0,0.0,0.0,0.0,0.0,0.0,2521.3333333333335,0.0,0.0,0.0,0.0,0.0,0.0,4.444,0.0,183.333,285.556,294.444,157.778,330.0,311.111,293.333,304.444,298.889,263.333,0.8080365304142216,124.44425,1.0936763224007773,0.8840359191766718,1.069208445250659,393.33349999999996,6.142581640524557,3.889,1.3754129976528278,167.2225,1.6649664633130083,163.50005
malecns_all,1.0,A,0.4,6,1,65730,,14.4445,0.5384748520197999,6.6665,414.44449999999995,2.9000000000000004,16.111,38.3335,136.667,237.6667,238.33333333333334,28.889,0.0,0.0,1.111,0.0,0.0,0.0,0.0,0.0,0.0,0.0,3.333,0.0,0.0,0.0,0.0,0.0,0.0,9658.0,13.333,0.0,0.0,6.667,71.111,0.0,52.222,3.333,0.0,0.0,72.222,44.444,0.0,0.0,0.0,0.0,0.0,0.0,11502.333333333334,6.667,0.0,422.222,406.667,61.111,0.0,37.778,5.556,0.0,0.0,61.111,32.222,0.0,0.0,0.0,0.0,0.0,0.0,10770.0,10.0,0.0,422.222,153.333,46.667,2.222,30.0,30.0,0.0,0.0,70.0,36.667,0.0,1.111,0.0,0.0,0.0,0.0,5640.333333333333,2.222,0.0,3.333,3.333,51.111,0.0,136.667,0.0,0.0,0.0,3.333,4.444,0.0,0.0,0.0,0.0,0.0,0.0,4195.0,0.0,0.0,0.0,0.0,0.0,0.0,0.0,0.0,65.556,188.889,257.778,220.0,302.222,311.111,276.667,257.778,284.444,212.222,0.1296761798741348,111.389,0.6323663409832281,0.8515235823313398,1.0507042182106734,394.44449999999995,4.461336102457598,3.61125,0.7454556859493764,183.33350000000002,1.4355694186307084,165.5557
malecns_all,1.0,A,0.4,8,1,65730,,33.888999999999996,1.0,0.0,415.556,2.965,1.6665,2.222,8.889,211.44459999999998,780.6666666666666,65.556,2.222,0.0,0.0,0.0,1.111,0.0,1.111,0.0,0.0,1.111,1.111,0.0,0.0,0.0,0.0,0.0,0.0,8682.333333333334,0.0,0.0,0.0,0.0,0.0,0.0,0.0,0.0,0.0,0.0,4.444,26.667,0.0,0.0,0.0,0.0,0.0,0.0,9882.666666666666,0.0,0.0,425.556,405.556,4.444,0.0,4.444,0.0,0.0,0.0,0.0,0.0,0.0,0.0,0.0,0.0,0.0,0.0,2753.6666666666665,0.0,0.0,420.0,154.444,0.0,3.333,4.444,0.0,0.0,0.0,3.333,0.0,0.0,0.0,0.0,0.0,0.0,0.0,1112.0,0.0,0.0,0.0,0.0,0.0,0.0,8.889,0.0,0.0,0.0,47.778,0.0,0.0,0.0,0.0,0.0,0.0,0.0,6730.666666666667,0.0,0.0,0.0,0.0,0.0,0.0,0.0,0.0,25.556,242.222,106.667,136.667,305.556,294.444,260.0,231.111,276.667,235.556,0.3042400955211017,111.389,1.1743655968542348,0.8515235823313398,1.0535221051377317,394.44449999999995,0.4614745586708204,3.61125,0.04848541046780866,183.33350000000002,1.2771810333319842,165.5557
malecns_all,1.0,A,0.4,9,1,65730,,33.3335,1.0,0.0,412.222,3.0,5.0,0.0,6.667,259.1112,3060.3333333333335,61.111,5.556,0.0,0.0,0.0,0.0,0.0,0.0,2.222,0.0,7.778,22.222,0.0,0.0,0.0,0.0,0.0,0.0,6168.0,0.0,0.0,0.0,0.0,0.0,0.0,1.111,0.0,0.0,0.0,22.222,13.333,0.0,0.0,0.0,0.0,0.0,0.0,5683.333333333333,0.0,0.0,420.0,404.444,1.111,3.333,0.0,0.0,0.0,0.0,0.0,0.0,0.0,0.0,0.0,0.0,0.0,0.0,2502.3333333333335,0.0,0.0,421.111,198.889,0.0,6.667,0.0,3.333,0.0,0.0,0.0,0.0,0.0,0.0,0.0,0.0,0.0,0.0,1359.6666666666667,30.0,0.0,0.0,0.0,34.444,0.0,6.667,4.444,0.0,0.0,1.111,0.0,0.0,0.0,0.0,0.0,0.0,0.0,3911.0,0.0,0.0,0.0,0.0,0.0,0.0,0.0,0.0,136.667,318.889,296.667,191.111,330.0,314.444,265.556,225.556,281.111,231.111,0.29925306807674007,111.389,1.1743655968542348,0.8515235823313398,1.0450697119620125,394.44449999999995,1.3845621322256836,3.61125,0.036365421485980466,183.33350000000002,1.5650998425303386,165.5557
malecns_all,1.0,A,0.5,1,1,82162,,1.6665,,0.0,418.889,3.035,0.0,12.222,310.0,298.111,132.33333333333334,3.333,0.0,0.0,0.0,0.0,0.0,0.0,0.0,0.0,0.0,0.0,1.111,0.0,0.0,0.0,0.0,0.0,0.0,4820.0,0.0,0.0,0.0,0.0,4.444,0.0,81.111,0.0,41.111,0.0,0.0,18.889,0.0,0.0,0.0,0.0,0.0,0.0,1999.3333333333333,0.0,0.0,427.778,410.0,3.333,0.0,53.333,0.0,0.0,0.0,0.0,53.333,0.0,0.0,0.0,0.0,0.0,0.0,1318.6666666666667,0.0,0.0,425.556,184.444,0.0,0.0,24.444,0.0,0.0,0.0,0.0,17.778,0.0,0.0,0.0,0.0,0.0,0.0,1237.3333333333333,0.0,0.0,0.0,0.0,118.889,0.0,310.0,27.778,0.0,0.0,3.333,3.333,0.0,0.0,0.0,0.0,0.0,0.0,5595.666666666667,0.0,0.0,0.0,0.0,0.0,0.0,141.111,0.0,324.444,313.333,322.222,236.667,316.667,341.111,281.111,322.222,303.333,220.0,0.014961082333084956,111.389,,0.8515235823313398,1.0619719631025406,394.44449999999995,0.0,3.61125,1.6909075537204055,183.33350000000002,1.8006688987452562,165.5557
malecns_all,1.0,A,0.4,5,1,65730,,27.222,0.6326500624494894,10.0,400.0,3.0300000000000002,26.6665,28.3335,291.111,253.22220000000002,2632.0,50.0,4.444,0.0,0.0,0.0,2.222,57.778,4.444,0.0,0.0,0.0,2.222,0.0,0.0,0.0,0.0,0.0,0.0,9362.0,20.0,0.0,0.0,0.0,0.0,0.0,45.556,16.667,0.0,0.0,0.0,0.0,0.0,0.0,0.0,0.0,0.0,0.0,5347.333333333333,0.0,0.0,397.778,402.222,1.111,3.333,64.444,75.556,0.0,0.0,0.0,0.0,0.0,0.0,0.0,0.0,0.0,0.0,10241.666666666666,0.0,0.0,395.556,7.778,0.0,18.889,56.667,34.444,0.0,0.0,2.222,0.0,0.0,0.0,0.0,0.0,0.0,0.0,3833.0,4.444,0.0,0.0,0.0,3.333,0.0,291.111,56.667,0.0,0.0,0.0,0.0,0.0,0.0,0.0,0.0,0.0,0.0,8707.0,226.667,0.0,0.0,0.0,0.0,0.0,0.0,5.556,117.778,336.667,304.444,162.222,327.778,298.889,251.111,210.0,278.889,244.444,0.24438678864160737,111.389,0.7429624681883635,0.8515235823313398,1.01408436421347,394.44449999999995,7.384285219799238,3.61125,1.587876738293874,183.33350000000002,1.5295287326259381,165.5557
malecns_all,1.0,A,0.4,6,2,65730,,11.111,0.24997749977499772,8.3335,415.0,2.9000000000000004,12.7775,36.111000000000004,115.556,241.33340000000004,212.0,22.222,0.0,0.0,6.667,0.0,0.0,0.0,1.111,0.0,0.0,0.0,0.0,0.0,0.0,0.0,0.0,0.0,0.0,9617.666666666666,16.667,0.0,0.0,5.556,71.111,0.0,65.556,3.333,0.0,0.0,111.111,64.444,0.0,0.0,0.0,0.0,0.0,0.0,11587.333333333334,1.111,0.0,424.444,405.556,56.667,0.0,36.667,13.333,0.0,0.0,57.778,27.778,0.0,0.0,0.0,0.0,0.0,0.0,10743.666666666666,6.667,0.0,424.444,143.333,38.889,3.333,33.333,22.222,0.0,0.0,85.556,52.222,0.0,1.111,0.0,0.0,0.0,0.0,9793.666666666666,4.444,0.0,0.0,3.333,40.0,0.0,115.556,0.0,0.0,0.0,31.111,17.778,0.0,0.0,0.0,0.0,0.0,0.0,4884.666666666667,0.0,0.0,0.0,0.0,0.0,0.0,0.0,0.0,75.556,193.333,273.333,233.333,306.667,302.222,267.778,258.889,286.667,215.556,0.0892849609363229,124.44425,0.28276848751554007,0.8840359191766718,1.055084298693094,393.33349999999996,3.285548984314734,3.889,0.6910314102468268,167.2225,1.4760448085489886,163.50005
malecns_all,1.0,A,0.4,5,2,65730,,28.3335,0.6666666666666667,9.4445,400.55550000000005,3.0,35.0,36.6665,285.556,251.77779999999998,4236.666666666667,50.0,6.667,0.0,0.0,0.0,1.111,35.556,4.444,0.0,0.0,1.111,0.0,0.0,0.0,0.0,0.0,0.0,0.0,9340.333333333334,18.889,0.0,0.0,0.0,0.0,0.0,51.111,16.667,0.0,0.0,1.111,0.0,0.0,0.0,0.0,0.0,0.0,0.0,5340.666666666667,0.0,0.0,403.333,397.778,1.111,3.333,60.0,90.0,0.0,0.0,0.0,0.0,0.0,0.0,0.0,0.0,0.0,0.0,10530.0,2.222,0.0,396.667,6.667,0.0,8.889,73.333,61.111,0.0,0.0,1.111,0.0,0.0,0.0,0.0,0.0,0.0,0.0,3889.3333333333335,3.333,0.0,0.0,0.0,2.222,0.0,285.556,76.667,0.0,0.0,1.111,0.0,0.0,0.0,0.0,0.0,0.0,0.0,5221.0,207.778,0.0,0.0,0.0,0.0,0.0,0.0,20.0,110.0,346.667,311.111,160.0,333.333,290.0,238.889,212.222,277.778,237.778,0.22768026646470207,124.44425,0.7541171712655665,0.8840359191766718,1.0183610091690642,393.33349999999996,8.999742864489587,3.889,1.7076410172076126,167.2225,1.5399249113379476,163.50005
malecns_all,1.0,A,0.5,1,2,82162,,0.0,,0.0,419.4445,3.0,0.0,11.6665,305.556,296.5556,110.33333333333333,0.0,0.0,0.0,0.0,0.0,0.0,0.0,0.0,0.0,0.0,0.0,0.0,0.0,0.0,0.0,0.0,0.0,0.0,4819.0,0.0,0.0,1.111,1.111,8.889,0.0,77.778,0.0,31.111,0.0,0.0,13.333,0.0,0.0,0.0,0.0,0.0,0.0,2002.6666666666667,0.0,0.0,430.0,408.889,3.333,0.0,44.444,0.0,0.0,0.0,0.0,50.0,0.0,0.0,0.0,0.0,0.0,0.0,1360.0,0.0,0.0,427.778,180.0,0.0,0.0,23.333,0.0,0.0,0.0,0.0,15.556,0.0,0.0,0.0,0.0,0.0,0.0,1324.0,0.0,0.0,0.0,0.0,110.0,0.0,305.556,27.778,0.0,0.0,3.333,1.111,0.0,0.0,0.0,0.0,0.0,0.0,5776.666666666667,0.0,0.0,0.0,0.0,0.0,0.0,174.444,0.0,323.333,325.556,328.889,232.222,323.333,326.667,266.667,318.889,300.0,220.0,0.0,124.44425,,0.8840359191766718,1.0663838701763264,393.33349999999996,0.0,3.889,1.8272421474382932,167.2225,1.8137951639770145,163.50005
malecns_all,1.0,A,0.4,7,1,65730,,61.6665,0.9729756026367639,1.6665,405.0,3.0,1.6665,14.4445,218.889,198.66670000000002,6442.333333333333,101.111,22.222,0.0,0.0,14.444,0.0,0.0,0.0,0.0,0.0,0.0,0.0,0.0,0.0,0.0,0.0,0.0,0.0,7963.333333333333,3.333,0.0,0.0,0.0,38.889,0.0,6.667,0.0,0.0,0.0,0.0,0.0,0.0,0.0,0.0,0.0,0.0,0.0,9199.333333333334,0.0,0.0,405.556,404.444,206.667,0.0,1.111,0.0,0.0,0.0,0.0,0.0,0.0,0.0,0.0,0.0,0.0,0.0,7884.333333333333,0.0,0.0,394.444,14.444,27.778,3.333,1.111,0.0,0.0,0.0,0.0,0.0,0.0,0.0,0.0,0.0,0.0,0.0,6389.333333333333,0.0,0.0,0.0,0.0,158.889,0.0,218.889,0.0,0.0,0.0,3.333,3.333,0.0,0.0,0.0,0.0,0.0,0.0,8807.0,0.0,0.0,0.0,0.0,74.444,0.0,7.778,0.0,8.889,221.111,131.111,7.778,303.333,304.444,260.0,256.667,275.556,217.778,0.5536139116070707,111.389,1.142629074315132,0.8515235823313398,1.0267604187661383,394.44449999999995,0.4614745586708204,3.61125,1.1939389146009867,183.33350000000002,1.199999154363154,165.5557
malecns_all,1.0,A,0.4,9,2,65730,,33.888999999999996,1.0,0.0,412.222,3.0,5.0,0.0,4.444,255.5555,6162.333333333333,61.111,6.667,0.0,0.0,0.0,0.0,1.111,0.0,6.667,0.0,31.111,36.667,0.0,0.0,0.0,0.0,0.0,0.0,9579.333333333334,0.0,0.0,0.0,0.0,0.0,0.0,10.0,0.0,2.222,0.0,86.667,58.889,0.0,0.0,0.0,0.0,0.0,0.0,3768.3333333333335,0.0,0.0,421.111,403.333,0.0,3.333,0.0,0.0,0.0,0.0,0.0,0.0,0.0,0.0,0.0,0.0,0.0,0.0,2510.0,0.0,0.0,420.0,186.667,0.0,6.667,0.0,3.333,0.0,0.0,0.0,0.0,0.0,0.0,0.0,0.0,0.0,0.0,1298.0,24.444,0.0,0.0,0.0,24.444,0.0,4.444,3.333,0.0,0.0,15.556,0.0,0.0,0.0,0.0,0.0,0.0,0.0,3481.3333333333335,0.0,0.0,0.0,0.0,0.0,0.0,2.222,0.0,113.333,324.444,298.889,182.222,334.444,295.556,267.778,218.889,285.556,234.444,0.27232274693286346,124.44425,1.1311757568983496,0.8840359191766718,1.0480215898213603,393.33349999999996,1.2856775520699408,3.889,0.026575371137257248,167.2225,1.5630301030488982,163.50005
malecns_all,1.0,A,0.4,8,2,65730,,37.222,1.0,0.0,414.4445,3.0,2.222,0.0,10.0,216.1111,900.0,71.111,3.333,0.0,0.0,0.0,1.111,0.0,2.222,0.0,0.0,0.0,0.0,0.0,0.0,0.0,0.0,0.0,0.0,8821.666666666666,0.0,0.0,0.0,0.0,0.0,2.222,0.0,0.0,3.333,0.0,3.333,28.889,0.0,0.0,0.0,0.0,0.0,0.0,9986.0,0.0,0.0,425.556,403.333,4.444,0.0,3.333,0.0,0.0,0.0,2.222,0.0,0.0,0.0,0.0,0.0,0.0,0.0,9303.0,0.0,0.0,421.111,65.556,0.0,3.333,0.0,1.111,0.0,0.0,3.333,0.0,0.0,0.0,0.0,0.0,0.0,0.0,1144.6666666666667,0.0,0.0,0.0,0.0,0.0,0.0,10.0,0.0,0.0,0.0,51.111,0.0,0.0,0.0,0.0,0.0,0.0,0.0,9304.333333333334,0.0,0.0,0.0,0.0,0.0,0.0,0.0,0.0,21.111,246.667,151.111,155.556,310.0,282.222,254.444,223.333,275.556,241.111,0.29910582449570794,124.44425,1.1311757568983496,0.8840359191766718,1.0536720111559277,393.33349999999996,0.5713551041398818,3.889,0.05980056511534034,167.2225,1.321780023920482,163.50005
malecns_all,1.0,A,0.4,7,2,65730,,58.3335,0.9523772789220603,2.778,404.44449999999995,3.135,1.111,12.7775,200.0,196.4444,6540.333333333333,95.556,21.111,0.0,0.0,24.444,0.0,0.0,1.111,0.0,1.111,1.111,1.111,0.0,0.0,0.0,0.0,0.0,0.0,6951.333333333333,5.556,0.0,0.0,0.0,44.444,0.0,3.333,0.0,0.0,0.0,0.0,0.0,0.0,0.0,0.0,0.0,0.0,0.0,9452.666666666666,0.0,0.0,406.667,402.222,200.0,0.0,0.0,0.0,0.0,0.0,0.0,0.0,0.0,0.0,0.0,0.0,0.0,0.0,7215.333333333333,0.0,0.0,397.778,12.222,23.333,2.222,2.222,0.0,0.0,0.0,0.0,0.0,0.0,0.0,0.0,0.0,0.0,0.0,7152.666666666667,20.0,5.556,0.0,0.0,154.444,0.0,200.0,0.0,0.0,0.0,4.444,2.222,0.0,0.0,0.0,0.0,0.0,0.0,8889.0,0.0,0.0,0.0,0.0,77.778,0.0,7.778,0.0,7.778,230.0,122.222,8.889,307.778,290.0,253.333,260.0,274.444,210.0,0.46875207171082633,124.44425,1.0773060893374522,0.8840359191766718,1.02824829311513,393.33349999999996,0.2856775520699409,3.889,1.1960113023068069,167.2225,1.2014944337937512,163.50005
malecns_all,1.0,A,0.5,2,1,82162,,101.11099999999999,0.28571569858867973,72.222,409.4445,2.9699999999999998,1.111,65.0,264.444,289.3333,1960.3333333333333,187.778,14.444,0.0,0.0,0.0,0.0,23.333,14.444,0.0,0.0,0.0,0.0,0.0,0.0,0.0,0.0,0.0,0.0,4810.0,144.444,0.0,3.333,0.0,3.333,0.0,42.222,0.0,0.0,0.0,30.0,8.889,0.0,0.0,0.0,0.0,0.0,0.0,3104.0,0.0,0.0,415.556,403.333,0.0,0.0,156.667,0.0,0.0,0.0,0.0,0.0,0.0,0.0,0.0,0.0,0.0,0.0,2387.6666666666665,0.0,0.0,415.556,146.667,0.0,1.111,130.0,1.111,0.0,0.0,0.0,0.0,0.0,0.0,0.0,0.0,0.0,0.0,1418.3333333333333,0.0,0.0,0.0,0.0,31.111,0.0,264.444,0.0,0.0,0.0,0.0,16.667,0.0,0.0,0.0,0.0,0.0,0.0,2354.3333333333335,237.778,17.778,0.0,0.0,0.0,0.0,3.333,0.0,277.778,295.556,284.444,234.444,307.778,323.333,286.667,306.667,312.222,264.444,0.9077287703453661,111.389,0.3355346869037195,0.8515235823313398,1.0380281636580053,394.44449999999995,0.3076497057805469,3.61125,1.4424205068904483,183.33350000000002,1.7476492805744532,165.5557
malecns_all,1.0,A,0.5,3,1,82162,,9.4445,1.0,0.0,413.33349999999996,3.065,33.3335,11.6665,268.889,290.5557,101.66666666666667,18.889,0.0,0.0,0.0,0.0,0.0,0.0,0.0,0.0,0.0,0.0,0.0,0.0,0.0,0.0,0.0,0.0,0.0,425.0,0.0,0.0,0.0,0.0,0.0,0.0,0.0,0.0,0.0,0.0,0.0,2.222,0.0,0.0,0.0,0.0,0.0,0.0,2692.0,0.0,0.0,416.667,410.0,0.0,35.556,41.111,0.0,0.0,0.0,0.0,0.0,0.0,0.0,0.0,0.0,0.0,0.0,1909.3333333333333,0.0,0.0,413.333,223.333,0.0,66.667,23.333,0.0,0.0,0.0,0.0,0.0,0.0,0.0,0.0,0.0,0.0,0.0,2024.0,50.0,0.0,0.0,0.0,0.0,0.0,268.889,0.0,0.0,0.0,0.0,0.0,0.0,0.0,0.0,0.0,0.0,0.0,5991.333333333333,0.0,0.0,0.0,0.0,0.0,0.0,6.667,0.0,238.889,320.0,315.556,227.778,332.222,325.556,296.667,278.889,298.889,271.111,0.08478844410130264,111.389,1.1743655968542348,0.8515235823313398,1.0478875988890706,394.44449999999995,9.230460366908964,3.61125,1.4666659393946004,183.33350000000002,1.7550328982934444,165.5557
malecns_all,1.0,A,0.5,4,1,82162,,12.778,1.0,0.0,413.333,2.9000000000000004,67.778,0.0,258.889,288.11109999999996,337.6666666666667,25.556,0.0,0.0,0.0,0.0,2.222,0.0,0.0,0.0,0.0,0.0,0.0,0.0,0.0,0.0,0.0,0.0,0.0,553.0,0.0,0.0,0.0,0.0,0.0,0.0,0.0,0.0,0.0,0.0,0.0,0.0,0.0,0.0,0.0,0.0,0.0,0.0,1869.3333333333333,0.0,0.0,413.333,413.333,2.222,40.0,0.0,0.0,0.0,0.0,0.0,0.0,0.0,0.0,0.0,0.0,0.0,0.0,1197.6666666666667,0.0,0.0,413.333,27.778,0.0,126.667,0.0,8.889,0.0,0.0,0.0,0.0,0.0,0.0,0.0,0.0,0.0,0.0,1378.6666666666667,0.0,0.0,0.0,0.0,28.889,0.0,258.889,0.0,0.0,0.0,0.0,0.0,0.0,0.0,0.0,0.0,0.0,0.0,6617.333333333333,0.0,0.0,0.0,0.0,0.0,0.0,2.222,2.222,276.667,340.0,257.778,237.778,331.111,331.111,271.111,272.222,301.111,262.222,0.11471509754104985,111.389,1.1743655968542348,0.8515235823313398,1.0478863312836155,394.44449999999995,18.768570439598477,3.61125,1.4121205344358778,183.33350000000002,1.740266870908099,165.5557
malecns_all,1.0,A,0.5,4,2,82162,,16.111,1.0,0.0,413.33349999999996,3.0300000000000002,56.111,0.0,251.111,283.7778,271.6666666666667,32.222,0.0,0.0,0.0,0.0,0.0,0.0,0.0,0.0,0.0,0.0,0.0,0.0,0.0,0.0,0.0,0.0,0.0,544.3333333333334,0.0,0.0,0.0,0.0,0.0,0.0,0.0,0.0,0.0,0.0,0.0,0.0,0.0,0.0,0.0,0.0,0.0,0.0,1837.3333333333333,0.0,0.0,416.667,410.0,3.333,27.778,0.0,0.0,0.0,0.0,0.0,0.0,0.0,0.0,0.0,0.0,0.0,0.0,1160.6666666666667,0.0,0.0,416.667,24.444,0.0,103.333,0.0,8.889,0.0,0.0,0.0,0.0,0.0,0.0,0.0,0.0,0.0,0.0,1421.6666666666667,0.0,0.0,0.0,0.0,21.111,0.0,251.111,0.0,0.0,0.0,0.0,0.0,0.0,0.0,0.0,0.0,0.0,0.0,6647.0,0.0,0.0,0.0,0.0,0.0,0.0,3.333,1.111,272.222,346.667,248.889,233.333,332.222,315.556,268.889,262.222,297.778,260.0,0.1294635951440103,124.44425,1.1311757568983496,0.8840359191766718,1.050847436081595,393.33349999999996,14.42813062483929,3.889,1.5016579706678228,167.2225,1.7356435059194173,163.50005
malecns_all,1.0,A,0.5,3,2,82162,,11.6665,1.0,0.0,413.33349999999996,2.965,28.889,12.222,264.444,288.7776,109.0,23.333,0.0,0.0,0.0,0.0,0.0,0.0,0.0,0.0,0.0,0.0,0.0,0.0,0.0,0.0,0.0,0.0,0.0,415.3333333333333,0.0,0.0,0.0,0.0,0.0,0.0,0.0,0.0,0.0,0.0,2.222,1.111,0.0,0.0,0.0,0.0,0.0,0.0,3545.0,0.0,0.0,416.667,410.0,0.0,21.111,46.667,0.0,0.0,0.0,0.0,0.0,0.0,0.0,0.0,0.0,0.0,0.0,1885.3333333333333,0.0,0.0,415.556,218.889,0.0,57.778,24.444,0.0,0.0,0.0,0.0,0.0,0.0,0.0,0.0,0.0,0.0,0.0,1998.0,25.556,0.0,0.0,0.0,0.0,0.0,264.444,0.0,0.0,0.0,0.0,0.0,0.0,0.0,0.0,0.0,0.0,0.0,7641.0,0.0,0.0,0.0,0.0,0.0,0.0,17.778,0.0,238.889,334.444,324.444,215.556,334.444,303.333,293.333,274.444,298.889,270.0,0.09374880719679696,124.44425,1.1311757568983496,0.8840359191766718,1.050847436081595,393.33349999999996,7.428387760349705,3.889,1.5813900641361063,167.2225,1.766223313081556,163.50005
malecns_all,1.0,A,0.5,2,2,82162,,106.667,0.23437895506576545,81.6665,410.0,2.9699999999999998,0.0,76.6665,261.111,282.7777,1859.6666666666667,197.778,15.556,0.0,0.0,0.0,0.0,20.0,13.333,0.0,0.0,0.0,0.0,0.0,0.0,0.0,0.0,0.0,0.0,3321.0,163.333,0.0,3.333,0.0,1.111,0.0,41.111,0.0,0.0,0.0,26.667,4.444,0.0,0.0,0.0,0.0,0.0,0.0,3136.6666666666665,0.0,0.0,420.0,400.0,0.0,0.0,158.889,0.0,0.0,0.0,0.0,0.0,0.0,0.0,0.0,0.0,0.0,0.0,2456.6666666666665,0.0,0.0,416.667,140.0,0.0,0.0,153.333,0.0,0.0,0.0,0.0,0.0,0.0,0.0,0.0,0.0,0.0,0.0,1275.3333333333333,0.0,0.0,0.0,0.0,17.778,0.0,261.111,0.0,0.0,0.0,0.0,25.556,0.0,0.0,0.0,0.0,0.0,0.0,2305.0,231.111,16.667,0.0,0.0,0.0,0.0,4.444,0.0,273.333,293.333,281.111,221.111,306.667,308.889,270.0,297.778,312.222,263.333,0.857146875006278,124.44425,0.2651237918975615,0.8840359191766718,1.0423724396726952,393.33349999999996,0.0,3.889,1.5614585357831632,167.2225,1.7295266882181382,163.50005
malecns_all,1.0,A,0.5,6,1,82162,,3.889,-1.7141938801748524,10.5555,414.44449999999995,2.9000000000000004,10.0,26.110999999999997,97.778,280.55550000000005,181.33333333333334,7.778,0.0,0.0,0.0,2.222,0.0,0.0,0.0,0.0,0.0,0.0,0.0,0.0,0.0,0.0,0.0,0.0,0.0,6717.0,21.111,0.0,0.0,0.0,57.778,0.0,21.111,7.778,0.0,3.333,73.333,32.222,0.0,0.0,0.0,0.0,0.0,0.0,4067.3333333333335,18.889,0.0,422.222,406.667,80.0,3.333,25.556,0.0,0.0,0.0,0.0,6.667,0.0,0.0,0.0,0.0,0.0,0.0,2873.6666666666665,7.778,0.0,423.333,203.333,43.333,6.667,8.889,13.333,0.0,0.0,0.0,0.0,0.0,0.0,0.0,0.0,0.0,0.0,1668.0,0.0,0.0,0.0,0.0,0.0,0.0,97.778,0.0,0.0,0.0,0.0,0.0,0.0,0.0,0.0,0.0,0.0,0.0,2602.6666666666665,0.0,0.0,0.0,0.0,0.0,0.0,0.0,0.0,198.889,268.889,324.444,270.0,318.889,326.667,291.111,278.889,294.444,233.333,0.034913680884108844,111.389,-2.0130903192154173,0.8515235823313398,1.0507042182106734,394.44449999999995,2.769124264451367,3.61125,0.5333340606053995,183.33350000000002,1.694629058377332,165.5557
malecns_all,1.0,A,0.5,8,1,82162,,60.0,1.0,0.0,422.22249999999997,2.965,11.111,15.5555,36.667,248.7779,510.6666666666667,108.889,11.111,0.0,0.0,0.0,0.0,0.0,0.0,0.0,0.0,0.0,0.0,0.0,0.0,0.0,0.0,0.0,0.0,542.3333333333334,0.0,0.0,0.0,0.0,0.0,0.0,0.0,0.0,0.0,0.0,0.0,2.222,0.0,0.0,0.0,0.0,0.0,0.0,2913.0,0.0,0.0,438.889,405.556,0.0,7.778,2.222,0.0,0.0,0.0,0.0,0.0,0.0,0.0,0.0,0.0,0.0,0.0,1846.6666666666667,0.0,0.0,430.0,90.0,0.0,22.222,31.111,0.0,0.0,0.0,0.0,0.0,0.0,0.0,0.0,0.0,0.0,0.0,773.0,0.0,0.0,5.556,0.0,0.0,5.556,36.667,0.0,0.0,0.0,0.0,17.778,0.0,0.0,0.0,0.0,0.0,0.0,6590.0,0.0,0.0,4.444,0.0,0.0,0.0,0.0,0.0,124.444,278.889,208.889,200.0,316.667,320.0,266.667,257.778,278.889,235.556,0.5386528292739858,111.389,1.1743655968542348,0.8515235823313398,1.0704230886728046,394.44449999999995,3.076773970231914,3.61125,0.20000163636214877,183.33350000000002,1.5026839909468535,165.5557
malecns_all,1.0,A,0.7,0,2,115027,,0.5555,,0.5555,414.444,2.9699999999999998,124.4445,0.0,274.444,319.4443,41.666666666666664,1.111,0.0,0.0,0.0,0.0,0.0,0.0,0.0,0.0,0.0,0.0,0.0,0.0,0.0,0.0,0.0,0.0,0.0,113.66666666666667,1.111,0.0,0.0,0.0,0.0,0.0,0.0,0.0,0.0,0.0,0.0,0.0,0.0,0.0,0.0,0.0,0.0,0.0,926.3333333333334,0.0,0.0,424.444,404.444,5.556,155.556,22.222,93.333,0.0,0.0,0.0,0.0,0.0,0.0,0.0,0.0,0.0,0.0,569.6666666666666,0.0,0.0,424.444,134.444,0.0,158.889,0.0,90.0,0.0,0.0,0.0,0.0,0.0,0.0,0.0,0.0,0.0,0.0,440.3333333333333,0.0,0.0,0.0,0.0,7.778,0.0,274.444,13.333,0.0,0.0,0.0,0.0,0.0,0.0,0.0,0.0,0.0,0.0,1162.0,0.0,0.0,0.0,0.0,0.0,6.667,11.111,70.0,304.444,373.333,348.889,292.222,342.222,317.778,308.889,313.333,313.333,280.0,0.004463846260474068,124.44425,,0.8840359191766718,1.0536707399700256,393.33349999999996,31.999100025713552,3.889,1.6411906292514467,167.2225,1.9537871700956668,163.50005
malecns_all,1.0,A,0.7,0,1,115027,,1.111,,0.5555,413.33349999999996,3.0,126.111,0.0,271.111,322.5555,37.666666666666664,2.222,0.0,0.0,0.0,0.0,0.0,0.0,0.0,0.0,0.0,0.0,0.0,0.0,0.0,0.0,0.0,0.0,0.0,117.0,1.111,0.0,0.0,0.0,0.0,0.0,0.0,0.0,0.0,0.0,0.0,0.0,0.0,0.0,0.0,0.0,0.0,0.0,913.0,0.0,0.0,421.111,405.556,4.444,157.778,17.778,101.111,0.0,0.0,0.0,0.0,0.0,0.0,0.0,0.0,0.0,0.0,560.3333333333334,0.0,0.0,420.0,132.222,0.0,158.889,0.0,93.333,0.0,0.0,0.0,0.0,0.0,0.0,0.0,0.0,0.0,0.0,413.6666666666667,0.0,0.0,0.0,0.0,10.0,0.0,271.111,26.667,0.0,0.0,0.0,0.0,0.0,0.0,0.0,0.0,0.0,0.0,1160.3333333333333,0.0,0.0,0.0,0.0,0.0,5.556,17.778,78.889,313.333,363.333,345.556,307.778,337.778,335.556,313.333,313.333,314.444,281.111,0.009974054888723303,111.389,,0.8515235823313398,1.0478875988890706,394.44449999999995,34.921703011422636,3.61125,1.4787859283764286,183.33350000000002,1.9483201122039289,165.5557
malecns_all,1.0,A,0.7,1,1,115027,,1.111,,0.0,415.0,3.035,0.0,8.889,275.556,321.3334,110.66666666666667,2.222,0.0,0.0,0.0,0.0,1.111,0.0,0.0,0.0,0.0,0.0,1.111,0.0,0.0,0.0,0.0,0.0,0.0,130.66666666666666,0.0,0.0,0.0,2.222,0.0,0.0,0.0,0.0,0.0,0.0,0.0,0.0,0.0,0.0,0.0,0.0,0.0,0.0,884.3333333333334,0.0,0.0,423.333,406.667,14.444,4.444,150.0,0.0,0.0,0.0,0.0,0.0,0.0,0.0,0.0,0.0,0.0,0.0,325.0,0.0,0.0,420.0,8.889,0.0,0.0,17.778,0.0,0.0,0.0,0.0,0.0,0.0,0.0,0.0,0.0,0.0,0.0,361.0,0.0,0.0,0.0,0.0,108.889,0.0,275.556,0.0,0.0,0.0,0.0,45.556,0.0,0.0,0.0,0.0,0.0,0.0,1003.3333333333334,0.0,0.0,0.0,1.111,0.0,0.0,104.444,0.0,347.778,340.0,356.667,306.667,331.111,354.444,285.556,328.889,314.444,247.778,0.009974054888723303,111.389,,0.8515235823313398,1.0521125278714751,394.44449999999995,0.0,3.61125,1.5030313608805808,183.33350000000002,1.9409383065638934,165.5557
malecns_all,1.0,A,0.5,8,2,82162,,76.111,1.0,0.0,421.6665,3.0,8.3335,19.4445,48.889,246.3333,596.3333333333334,133.333,18.889,0.0,0.0,0.0,0.0,0.0,0.0,0.0,0.0,0.0,0.0,0.0,0.0,0.0,0.0,0.0,0.0,544.3333333333334,0.0,0.0,0.0,0.0,0.0,0.0,0.0,0.0,0.0,0.0,0.0,4.444,0.0,0.0,0.0,0.0,0.0,0.0,2995.6666666666665,0.0,0.0,442.222,401.111,0.0,10.0,3.333,0.0,0.0,0.0,0.0,0.0,0.0,0.0,0.0,0.0,0.0,0.0,2022.0,0.0,0.0,435.556,82.222,0.0,16.667,38.889,0.0,0.0,0.0,0.0,0.0,0.0,0.0,0.0,0.0,0.0,0.0,794.0,0.0,0.0,0.0,0.0,0.0,6.667,48.889,0.0,0.0,0.0,0.0,15.556,0.0,0.0,0.0,0.0,0.0,0.0,6838.0,0.0,0.0,3.333,0.0,0.0,0.0,0.0,0.0,111.111,288.889,212.222,194.444,323.333,305.556,257.778,248.889,281.111,240.0,0.6116072056362588,124.44425,1.1311757568983496,0.8840359191766718,1.0720330203249915,393.33349999999996,2.1428387760349707,3.889,0.2923589827923874,167.2225,1.5066252273317349,163.50005
malecns_all,1.0,A,0.5,6,2,82162,,4.4445,-2.2499718753515583,14.4445,413.333,2.9000000000000004,13.888499999999999,27.2225,84.444,282.4446,193.66666666666666,8.889,0.0,0.0,0.0,1.111,0.0,0.0,0.0,0.0,0.0,0.0,0.0,0.0,0.0,0.0,0.0,0.0,0.0,6741.333333333333,28.889,0.0,0.0,0.0,54.444,0.0,8.889,5.556,0.0,2.222,106.667,48.889,0.0,0.0,0.0,0.0,0.0,0.0,8218.0,17.778,0.0,423.333,403.333,80.0,3.333,5.556,1.111,0.0,0.0,64.444,28.889,0.0,0.0,0.0,0.0,0.0,0.0,3227.0,8.889,0.0,423.333,188.889,47.778,4.444,6.667,23.333,0.0,0.0,2.222,0.0,0.0,0.0,0.0,0.0,0.0,0.0,1736.6666666666667,0.0,0.0,0.0,0.0,0.0,0.0,84.444,1.111,0.0,0.0,4.444,2.222,0.0,0.0,0.0,0.0,0.0,0.0,3021.6666666666665,0.0,0.0,0.0,0.0,0.0,0.0,0.0,0.0,205.556,275.556,328.889,272.222,323.333,316.667,287.778,281.111,296.667,236.667,0.035714787947213306,124.44425,-2.5451136391007982,0.8840359191766718,1.050846164895693,393.33349999999996,3.5712265363846747,3.889,0.50497989205998,167.2225,1.7274893799726667,163.50005
malecns_all,1.0,A,0.7,1,2,115027,,0.0,,0.0,415.0,3.0,1.111,22.222,270.0,319.1111,100.66666666666667,0.0,0.0,0.0,0.0,0.0,0.0,0.0,0.0,0.0,0.0,0.0,0.0,0.0,0.0,0.0,0.0,0.0,0.0,137.33333333333334,0.0,0.0,0.0,0.0,0.0,0.0,0.0,0.0,0.0,0.0,0.0,0.0,0.0,0.0,0.0,0.0,0.0,0.0,916.0,0.0,0.0,425.556,404.444,10.0,2.222,154.444,0.0,0.0,0.0,0.0,0.0,0.0,0.0,0.0,0.0,0.0,0.0,336.6666666666667,0.0,0.0,420.0,4.444,0.0,2.222,44.444,0.0,0.0,0.0,0.0,0.0,0.0,0.0,0.0,0.0,0.0,0.0,354.6666666666667,0.0,0.0,0.0,0.0,100.0,0.0,270.0,0.0,0.0,0.0,0.0,41.111,0.0,0.0,0.0,0.0,0.0,0.0,1026.3333333333333,0.0,0.0,0.0,1.111,0.0,0.0,116.667,0.0,344.444,351.111,362.222,305.556,337.778,338.889,274.444,326.667,307.778,242.222,0.0,124.44425,,0.8840359191766718,1.055084298693094,393.33349999999996,0.2856775520699409,3.889,1.6146152581141893,167.2225,1.9517492502295875,163.50005
malecns_all,1.0,A,0.5,7,1,82162,,37.778,1.0,0.0,406.66650000000004,3.0,0.5555,0.5555,183.333,217.7777,1954.3333333333333,65.556,10.0,0.0,0.0,0.0,0.0,0.0,0.0,0.0,1.111,3.333,0.0,0.0,0.0,0.0,0.0,0.0,0.0,4453.666666666667,0.0,0.0,3.333,0.0,3.333,0.0,8.889,0.0,0.0,0.0,0.0,0.0,0.0,0.0,0.0,0.0,0.0,0.0,6262.333333333333,0.0,0.0,410.0,403.333,174.444,0.0,0.0,0.0,0.0,0.0,0.0,0.0,0.0,0.0,0.0,0.0,0.0,0.0,5348.333333333333,0.0,0.0,408.889,6.667,1.111,1.111,0.0,0.0,0.0,0.0,0.0,0.0,0.0,0.0,0.0,0.0,0.0,0.0,1145.3333333333333,0.0,0.0,0.0,0.0,5.556,0.0,183.333,0.0,0.0,0.0,50.0,13.333,0.0,0.0,0.0,0.0,0.0,0.0,5224.0,0.0,0.0,0.0,0.0,1.111,0.0,10.0,0.0,22.222,273.333,204.444,27.778,313.333,311.111,257.778,251.111,281.111,235.556,0.33915377640521055,111.389,1.1743655968542348,0.8515235823313398,1.030985347748543,394.44449999999995,0.15382485289027345,3.61125,0.9999972727297519,183.33350000000002,1.3154346241174422,165.5557
malecns_all,1.0,A,0.5,5,1,82162,,8.3335,0.0,8.3335,405.5555,3.0300000000000002,35.0,55.0,316.667,304.22229999999996,1852.0,16.667,0.0,0.0,0.0,0.0,2.222,82.222,36.667,0.0,0.0,10.0,0.0,0.0,0.0,0.0,0.0,0.0,0.0,6631.333333333333,16.667,0.0,0.0,0.0,0.0,0.0,100.0,46.667,0.0,0.0,11.111,1.111,0.0,0.0,0.0,0.0,0.0,0.0,5065.333333333333,0.0,0.0,404.444,406.667,0.0,0.0,150.0,91.111,0.0,0.0,10.0,0.0,0.0,0.0,0.0,0.0,0.0,0.0,6828.0,0.0,0.0,401.111,27.778,0.0,0.0,110.0,70.0,0.0,0.0,7.778,0.0,0.0,0.0,0.0,0.0,0.0,0.0,3049.6666666666665,8.889,0.0,0.0,0.0,3.333,0.0,316.667,47.778,0.0,0.0,10.0,0.0,0.0,0.0,0.0,0.0,0.0,0.0,3851.6666666666665,211.111,0.0,0.0,0.0,0.0,0.0,20.0,7.778,300.0,351.111,316.667,258.889,333.333,325.556,286.667,282.222,306.667,281.111,0.07481438921257935,111.389,0.0,0.8515235823313398,1.0281687284269398,394.44449999999995,9.691934925579785,3.61125,1.7272729752063858,183.33350000000002,1.8375827591559817,165.5557
malecns_all,1.0,A,0.7,2,1,115027,,19.4445,0.8857260407827406,2.222,400.5555,2.9699999999999998,24.444499999999998,44.444500000000005,204.444,331.6667,46.666666666666664,38.889,0.0,0.0,0.0,0.0,0.0,0.0,0.0,0.0,0.0,0.0,1.111,0.0,0.0,0.0,0.0,0.0,0.0,96.0,4.444,0.0,0.0,0.0,0.0,0.0,0.0,0.0,0.0,0.0,0.0,0.0,0.0,0.0,0.0,0.0,0.0,0.0,1151.0,0.0,0.0,412.222,388.889,44.444,0.0,80.0,2.222,0.0,0.0,0.0,66.667,0.0,0.0,0.0,0.0,0.0,0.0,501.6666666666667,0.0,0.0,411.111,0.0,1.111,18.889,87.778,30.0,0.0,0.0,0.0,0.0,0.0,0.0,0.0,0.0,0.0,0.0,418.0,0.0,0.0,0.0,0.0,1.111,0.0,204.444,0.0,0.0,0.0,0.0,38.889,0.0,0.0,0.0,0.0,0.0,0.0,929.6666666666666,127.778,0.0,0.0,0.0,0.0,0.0,2.222,0.0,362.222,370.0,325.556,337.778,331.111,337.778,313.333,323.333,326.667,288.889,0.17456391564696697,111.389,1.0401661905331614,0.8515235823313398,1.0154926738742713,394.44449999999995,6.768985808238144,3.61125,1.1151480771381115,183.33350000000002,2.0033541581473786,165.5557
malecns_all,1.0,A,0.7,3,1,115027,,0.0,,0.0,411.66650000000004,3.065,18.889,37.777499999999996,128.889,321.44449999999995,24.666666666666668,0.0,0.0,0.0,0.0,0.0,0.0,0.0,0.0,0.0,0.0,0.0,0.0,0.0,0.0,0.0,0.0,0.0,0.0,120.33333333333333,0.0,0.0,0.0,0.0,0.0,0.0,0.0,0.0,0.0,0.0,0.0,0.0,0.0,0.0,0.0,0.0,0.0,0.0,790.0,0.0,0.0,413.333,410.0,4.444,2.222,57.778,64.444,0.0,0.0,26.667,0.0,0.0,0.0,0.0,0.0,0.0,0.0,786.6666666666666,0.0,0.0,414.444,247.778,12.222,0.0,63.333,37.778,0.0,0.0,22.222,0.0,0.0,0.0,0.0,0.0,0.0,0.0,391.0,0.0,0.0,0.0,0.0,0.0,0.0,128.889,0.0,0.0,0.0,0.0,0.0,0.0,0.0,0.0,0.0,0.0,0.0,1048.3333333333333,0.0,0.0,0.0,0.0,0.0,0.0,0.0,0.0,325.556,340.0,341.111,268.889,336.667,341.111,318.889,327.778,322.222,292.222,0.0,111.389,,0.8515235823313398,1.0436614023012112,394.44449999999995,5.230598823122187,3.61125,0.7030302699724819,183.33350000000002,1.9416093798038965,165.5557
malecns_all,1.0,A,0.7,3,2,115027,,0.0,,0.0,413.33349999999996,2.965,21.111,30.5555,120.0,320.1112,26.333333333333332,0.0,0.0,0.0,0.0,0.0,0.0,0.0,0.0,0.0,0.0,0.0,0.0,0.0,0.0,0.0,0.0,0.0,0.0,123.0,0.0,0.0,0.0,0.0,0.0,0.0,0.0,0.0,0.0,0.0,0.0,0.0,0.0,0.0,0.0,0.0,0.0,0.0,885.6666666666666,0.0,0.0,416.667,410.0,0.0,3.333,56.667,64.444,0.0,0.0,26.667,0.0,0.0,0.0,0.0,0.0,0.0,0.0,798.0,0.0,0.0,415.556,255.556,3.333,0.0,57.778,42.222,0.0,0.0,13.333,0.0,0.0,0.0,0.0,0.0,0.0,0.0,404.6666666666667,0.0,0.0,0.0,0.0,0.0,0.0,120.0,0.0,0.0,0.0,0.0,0.0,0.0,0.0,0.0,0.0,0.0,0.0,1069.0,0.0,0.0,0.0,0.0,0.0,0.0,0.0,0.0,321.111,347.778,345.556,267.778,340.0,325.556,314.444,325.556,323.333,290.0,0.0,124.44425,,0.8840359191766718,1.050847436081595,393.33349999999996,5.428387760349705,3.889,0.7176067813840841,167.2225,1.9578660679308661,163.50005
malecns_all,1.0,A,0.7,2,2,115027,,22.778,0.7804899464395469,5.0,398.8885,2.9699999999999998,26.111,51.111000000000004,207.778,327.6667,45.0,45.556,0.0,0.0,0.0,0.0,0.0,0.0,0.0,0.0,0.0,0.0,0.0,0.0,0.0,0.0,0.0,0.0,0.0,105.66666666666667,10.0,0.0,0.0,0.0,0.0,0.0,0.0,0.0,0.0,0.0,1.111,0.0,0.0,0.0,0.0,0.0,0.0,0.0,1229.3333333333333,0.0,0.0,414.444,383.333,65.556,2.222,76.667,1.111,0.0,0.0,0.0,61.111,0.0,0.0,0.0,0.0,0.0,0.0,522.0,0.0,0.0,412.222,0.0,4.444,20.0,97.778,32.222,0.0,0.0,0.0,0.0,0.0,0.0,0.0,0.0,0.0,0.0,475.6666666666667,0.0,0.0,0.0,0.0,1.111,0.0,207.778,0.0,0.0,0.0,0.0,36.667,0.0,0.0,0.0,0.0,0.0,0.0,952.6666666666666,122.222,0.0,0.0,0.0,0.0,0.0,1.111,0.0,358.889,374.444,325.556,335.556,330.0,321.111,300.0,320.0,324.444,286.667,0.1830377859965406,124.44425,0.8828713059153069,0.8840359191766718,1.0141228753716631,393.33349999999996,6.714065312419645,3.889,1.2425241818535184,167.2225,2.0040770629733755,163.50005
malecns_all,1.0,A,0.5,7,2,82162,,52.2225,1.0,0.0,405.5555,3.135,1.111,1.111,171.111,217.66659999999996,2569.0,85.556,18.889,0.0,0.0,2.222,0.0,0.0,0.0,0.0,2.222,1.111,2.222,0.0,0.0,0.0,0.0,0.0,0.0,4242.666666666667,0.0,0.0,3.333,0.0,6.667,0.0,13.333,0.0,0.0,0.0,0.0,0.0,0.0,0.0,0.0,0.0,0.0,0.0,6183.0,0.0,0.0,410.0,401.111,166.667,0.0,0.0,0.0,0.0,0.0,0.0,0.0,0.0,0.0,0.0,0.0,0.0,0.0,5417.666666666667,0.0,0.0,411.111,5.556,1.111,2.222,1.111,0.0,0.0,0.0,0.0,0.0,0.0,0.0,0.0,0.0,0.0,0.0,1286.0,0.0,0.0,0.0,0.0,6.667,0.0,171.111,0.0,0.0,0.0,55.556,16.667,0.0,0.0,0.0,0.0,0.0,0.0,5165.666666666667,0.0,0.0,0.0,0.0,1.111,0.0,8.889,0.0,23.333,282.222,198.889,28.889,315.556,298.889,253.333,264.444,283.333,227.778,0.4196457449821908,124.44425,1.1311757568983496,0.8840359191766718,1.0310728681894628,393.33349999999996,0.2856775520699409,3.889,1.0232534497451,167.2225,1.3312937824789655,163.50005
malecns_all,1.0,A,0.7,4,1,115027,,12.222,0.22725413189330712,9.4445,412.778,2.9000000000000004,36.6665,8.3335,162.222,323.3333,98.0,24.444,0.0,0.0,0.0,0.0,0.0,0.0,0.0,0.0,0.0,0.0,0.0,0.0,0.0,0.0,0.0,0.0,0.0,189.66666666666666,18.889,0.0,0.0,0.0,0.0,0.0,0.0,0.0,0.0,0.0,0.0,0.0,0.0,0.0,0.0,0.0,0.0,0.0,829.3333333333334,0.0,0.0,416.667,408.889,91.111,3.333,5.556,0.0,0.0,0.0,0.0,0.0,0.0,0.0,0.0,0.0,0.0,0.0,400.3333333333333,0.0,0.0,416.667,58.889,0.0,72.222,16.667,1.111,0.0,0.0,0.0,36.667,0.0,0.0,0.0,0.0,0.0,0.0,407.6666666666667,0.0,0.0,0.0,0.0,16.667,0.0,162.222,0.0,0.0,0.0,13.333,0.0,0.0,0.0,0.0,0.0,0.0,0.0,1075.3333333333333,0.0,0.0,0.0,0.0,2.222,0.0,0.0,0.0,336.667,364.444,338.889,284.444,341.111,340.0,307.778,321.111,320.0,278.889,0.1097235813231109,111.389,0.2668794342384746,0.8515235823313398,1.0464792892282693,394.44449999999995,10.153409484250606,3.61125,0.8848464683213924,183.33350000000002,1.9530182289102702,165.5557
malecns_all,1.0,A,0.5,5,2,82162,,8.3335,-0.06665866682666333,8.889,405.0,3.0,37.778,47.778,320.0,304.6667,4118.333333333333,16.667,0.0,0.0,0.0,0.0,3.333,68.889,37.778,0.0,0.0,11.111,1.111,0.0,0.0,0.0,0.0,0.0,0.0,6669.333333333333,17.778,0.0,0.0,0.0,0.0,0.0,100.0,68.889,0.0,0.0,17.778,2.222,0.0,0.0,0.0,0.0,0.0,0.0,7639.666666666667,0.0,0.0,406.667,403.333,0.0,0.0,132.222,104.444,0.0,0.0,5.556,0.0,0.0,0.0,0.0,0.0,0.0,0.0,7082.0,0.0,0.0,402.222,14.444,0.0,0.0,95.556,75.556,0.0,0.0,13.333,0.0,0.0,0.0,0.0,0.0,0.0,0.0,5626.333333333333,8.889,0.0,0.0,0.0,3.333,0.0,320.0,54.444,0.0,0.0,7.778,0.0,0.0,0.0,0.0,0.0,0.0,0.0,3918.6666666666665,182.222,0.0,0.0,0.0,0.0,0.0,25.556,16.667,303.333,362.222,326.667,263.333,336.667,312.222,276.667,282.222,307.778,275.556,0.06696572963395256,124.44425,-0.0754026679014858,0.8840359191766718,1.0296605806522965,393.33349999999996,9.714065312419645,3.889,1.913618083690891,167.2225,1.863404323117944,163.50005
malecns_all,1.0,A,0.7,4,2,115027,,7.778,-0.28567755206994083,10.0,411.111,3.0300000000000002,29.4445,7.222,155.556,321.3334,121.0,15.556,0.0,0.0,0.0,0.0,0.0,0.0,0.0,0.0,0.0,0.0,0.0,0.0,0.0,0.0,0.0,0.0,0.0,200.0,20.0,0.0,0.0,0.0,0.0,0.0,0.0,0.0,0.0,0.0,1.111,0.0,0.0,0.0,0.0,0.0,0.0,0.0,914.3333333333334,0.0,0.0,418.889,403.333,102.222,3.333,5.556,0.0,0.0,0.0,0.0,0.0,0.0,0.0,0.0,0.0,0.0,0.0,419.3333333333333,0.0,0.0,420.0,57.778,0.0,58.889,14.444,0.0,0.0,0.0,0.0,42.222,0.0,0.0,0.0,0.0,0.0,0.0,421.0,0.0,0.0,0.0,0.0,12.222,0.0,155.556,0.0,0.0,0.0,14.444,0.0,0.0,0.0,0.0,0.0,0.0,0.0,1070.0,0.0,0.0,0.0,0.0,1.111,0.0,0.0,0.0,333.333,374.444,341.111,285.556,343.333,327.778,296.667,318.889,316.667,275.556,0.06250188337347848,124.44425,-0.323151521191583,0.8840359191766718,1.0451970147470278,393.33349999999996,7.571226536384676,3.889,0.9302336707081883,167.2225,1.965341295002662,163.50005
malecns_all,1.0,A,0.85,0,1,139676,,0.0,,0.0,415.0,3.0,93.889,0.0,83.333,328.2223,19.0,0.0,0.0,0.0,0.0,0.0,0.0,0.0,0.0,0.0,0.0,0.0,0.0,0.0,0.0,0.0,0.0,0.0,0.0,48.333333333333336,0.0,0.0,0.0,0.0,0.0,0.0,0.0,0.0,0.0,0.0,0.0,0.0,0.0,0.0,0.0,0.0,0.0,0.0,281.6666666666667,0.0,0.0,420.0,410.0,0.0,134.444,0.0,67.778,0.0,0.0,0.0,0.0,0.0,0.0,0.0,0.0,0.0,0.0,179.0,0.0,0.0,420.0,182.222,0.0,136.667,0.0,51.111,0.0,0.0,0.0,0.0,0.0,0.0,0.0,0.0,0.0,0.0,99.66666666666667,0.0,0.0,0.0,0.0,0.0,0.0,83.333,73.333,0.0,0.0,0.0,0.0,0.0,0.0,0.0,0.0,0.0,0.0,314.3333333333333,0.0,0.0,22.222,0.0,0.0,3.333,0.0,0.0,325.556,371.111,348.889,307.778,337.778,333.333,322.222,315.556,321.111,298.889,0.0,111.389,,0.8515235823313398,1.0521125278714751,394.44449999999995,25.99903080650744,3.61125,0.4545432231425244,183.33350000000002,1.9825490756283233,165.5557
malecns_all,1.0,A,0.85,0,2,139676,,0.0,,0.0,415.5555,2.9699999999999998,97.77799999999999,0.0,90.0,325.88890000000004,17.666666666666668,0.0,0.0,0.0,0.0,0.0,0.0,0.0,0.0,0.0,0.0,0.0,0.0,0.0,0.0,0.0,0.0,0.0,0.0,47.0,0.0,0.0,0.0,0.0,0.0,0.0,0.0,0.0,0.0,0.0,0.0,0.0,0.0,0.0,0.0,0.0,0.0,0.0,287.6666666666667,0.0,0.0,424.444,406.667,0.0,134.444,0.0,57.778,0.0,0.0,0.0,0.0,0.0,0.0,0.0,0.0,0.0,0.0,177.66666666666666,0.0,0.0,421.111,178.889,0.0,140.0,0.0,55.556,0.0,0.0,0.0,0.0,0.0,0.0,0.0,0.0,0.0,0.0,102.66666666666667,0.0,0.0,0.0,0.0,0.0,0.0,90.0,66.667,0.0,0.0,0.0,0.0,0.0,0.0,0.0,0.0,0.0,0.0,322.6666666666667,0.0,0.0,26.667,0.0,0.0,3.333,0.0,0.0,322.222,381.111,350.0,294.444,343.333,315.556,317.778,315.556,321.111,297.778,0.0,124.44425,,0.8840359191766718,1.0564965862302602,393.33349999999996,25.142195937258936,3.889,0.538205086038063,167.2225,1.993203671803159,163.50005
malecns_all,1.0,A,0.5,9,2,82162,,27.2225,1.0,0.0,403.8885,3.0,1.6665,0.0,18.889,262.1111,635.3333333333334,48.889,5.556,0.0,0.0,0.0,1.111,0.0,0.0,0.0,0.0,0.0,5.556,0.0,0.0,0.0,0.0,0.0,0.0,985.0,0.0,0.0,0.0,0.0,0.0,1.111,0.0,8.889,0.0,0.0,0.0,0.0,0.0,0.0,0.0,0.0,0.0,0.0,3626.6666666666665,0.0,0.0,413.333,394.444,0.0,0.0,0.0,0.0,0.0,0.0,0.0,0.0,0.0,0.0,0.0,0.0,0.0,0.0,1707.0,0.0,0.0,412.222,82.222,0.0,3.333,0.0,0.0,0.0,0.0,0.0,0.0,0.0,0.0,0.0,0.0,0.0,0.0,1074.3333333333333,0.0,0.0,0.0,0.0,0.0,0.0,18.889,0.0,0.0,0.0,27.778,0.0,0.0,0.0,0.0,0.0,0.0,0.0,2386.6666666666665,0.0,0.0,0.0,0.0,0.0,0.0,0.0,93.333,145.556,328.889,334.444,203.333,330.0,297.778,245.556,213.333,287.778,234.444,0.21875257394375394,124.44425,1.1311757568983496,0.8840359191766718,1.0268347343920619,393.33349999999996,0.42851632810491136,3.889,0.11295728744636636,167.2225,1.6031255036313448,163.50005
malecns_all,1.0,A,0.7,6,1,115027,,8.3335,1.0,0.0,411.667,2.9000000000000004,0.5555,13.3335,236.667,313.5556,40.333333333333336,16.667,0.0,0.0,0.0,0.0,0.0,0.0,0.0,0.0,0.0,0.0,0.0,0.0,0.0,0.0,0.0,0.0,0.0,798.3333333333334,0.0,0.0,0.0,2.222,4.444,0.0,5.556,0.0,0.0,14.444,15.556,0.0,0.0,0.0,0.0,0.0,0.0,0.0,1209.0,0.0,0.0,416.667,406.667,33.333,0.0,3.333,63.333,0.0,0.0,0.0,0.0,0.0,0.0,0.0,0.0,0.0,0.0,664.6666666666666,0.0,0.0,416.667,176.667,0.0,0.0,26.667,1.111,0.0,0.0,0.0,0.0,0.0,0.0,0.0,0.0,0.0,0.0,328.3333333333333,0.0,0.0,0.0,0.0,0.0,10.0,236.667,27.778,0.0,0.0,0.0,0.0,0.0,0.0,0.0,0.0,0.0,0.0,935.3333333333334,0.0,0.0,0.0,0.0,0.0,0.0,0.0,0.0,280.0,336.667,338.889,300.0,326.667,341.111,323.333,316.667,307.778,264.444,0.07481438921257935,111.389,1.1743655968542348,0.8515235823313398,1.0436626699066662,394.44449999999995,0.15382485289027345,3.61125,1.290909735536604,183.33350000000002,1.8939583475531196,165.5557
malecns_all,1.0,A,0.7,6,2,115027,,1.111,,0.0,411.66650000000004,2.9000000000000004,2.778,10.0,242.222,314.3334,32.666666666666664,2.222,0.0,0.0,0.0,0.0,0.0,0.0,0.0,0.0,0.0,0.0,0.0,0.0,0.0,0.0,0.0,0.0,0.0,334.3333333333333,0.0,0.0,0.0,0.0,0.0,0.0,43.333,2.222,0.0,0.0,0.0,0.0,0.0,0.0,0.0,0.0,0.0,0.0,1212.0,0.0,0.0,420.0,403.333,23.333,0.0,2.222,68.889,0.0,0.0,0.0,0.0,0.0,0.0,0.0,0.0,0.0,0.0,745.0,0.0,0.0,416.667,181.111,0.0,0.0,20.0,5.556,0.0,0.0,0.0,0.0,0.0,0.0,0.0,0.0,0.0,0.0,384.0,0.0,0.0,0.0,0.0,0.0,12.222,242.222,28.889,0.0,0.0,0.0,0.0,0.0,0.0,0.0,0.0,0.0,0.0,1007.0,0.0,0.0,2.222,0.0,0.0,0.0,0.0,0.0,275.556,346.667,344.444,305.556,332.222,327.778,320.0,313.333,311.111,266.667,0.008927692520948136,124.44425,,0.8840359191766718,1.0466093022841942,393.33349999999996,0.7143224479300592,3.889,1.448501248336797,167.2225,1.9225278524379656,163.50005
malecns_all,1.0,A,0.85,1,2,139676,,0.0,,0.0,410.5555,3.0,19.4445,0.5555,151.111,331.77779999999996,20.0,0.0,0.0,0.0,0.0,0.0,0.0,0.0,0.0,0.0,0.0,0.0,0.0,0.0,0.0,0.0,0.0,0.0,0.0,50.666666666666664,0.0,0.0,0.0,0.0,0.0,0.0,0.0,0.0,0.0,0.0,0.0,0.0,0.0,0.0,0.0,0.0,0.0,0.0,177.66666666666666,0.0,0.0,416.667,404.444,33.333,5.556,3.333,36.667,0.0,0.0,0.0,0.0,0.0,0.0,0.0,0.0,0.0,0.0,90.0,0.0,0.0,416.667,0.0,0.0,0.0,1.111,38.889,0.0,0.0,0.0,0.0,0.0,0.0,0.0,0.0,0.0,0.0,91.66666666666667,0.0,0.0,0.0,0.0,37.778,0.0,151.111,0.0,0.0,0.0,0.0,1.111,0.0,0.0,0.0,0.0,0.0,0.0,338.6666666666667,0.0,0.0,0.0,0.0,0.0,0.0,20.0,0.0,348.889,380.0,355.556,292.222,342.222,337.778,317.778,338.889,322.222,282.222,0.0,124.44425,,0.8840359191766718,1.0437847272098615,393.33349999999996,4.9998714322447935,3.889,0.9036523195144194,167.2225,2.029221397791621,163.50005
malecns_all,1.0,A,0.85,1,1,139676,,0.0,,0.0,412.778,3.035,18.333499999999997,0.0,154.444,333.3333,20.333333333333332,0.0,0.0,0.0,0.0,0.0,0.0,0.0,0.0,0.0,0.0,0.0,0.0,0.0,0.0,0.0,0.0,0.0,0.0,51.666666666666664,0.0,0.0,0.0,0.0,0.0,0.0,0.0,0.0,0.0,0.0,0.0,0.0,0.0,0.0,0.0,0.0,0.0,0.0,177.0,0.0,0.0,415.556,410.0,33.333,10.0,3.333,41.111,0.0,0.0,0.0,0.0,0.0,0.0,0.0,0.0,0.0,0.0,83.33333333333333,0.0,0.0,415.556,0.0,0.0,1.111,0.0,35.556,0.0,0.0,0.0,0.0,0.0,0.0,0.0,0.0,0.0,0.0,88.66666666666667,0.0,0.0,0.0,0.0,43.333,0.0,154.444,0.0,0.0,0.0,0.0,0.0,0.0,0.0,0.0,0.0,0.0,0.0,340.6666666666667,0.0,0.0,0.0,0.0,0.0,0.0,16.667,0.0,352.222,371.111,351.111,287.778,338.889,354.444,323.333,342.222,326.667,285.556,0.0,111.389,,0.8515235823313398,1.0464792892282693,394.44449999999995,5.076773970231914,3.61125,0.8424210523444977,183.33350000000002,2.0134208607737456,165.5557
malecns_all,1.0,A,0.7,5,1,115027,,0.0,,0.0,409.44449999999995,3.0300000000000002,28.3335,46.111,278.889,334.6666,38.333333333333336,0.0,0.0,0.0,0.0,0.0,0.0,0.0,0.0,0.0,0.0,0.0,0.0,0.0,0.0,0.0,0.0,0.0,0.0,67.66666666666667,0.0,0.0,0.0,0.0,0.0,0.0,0.0,0.0,0.0,0.0,0.0,0.0,0.0,0.0,0.0,0.0,0.0,0.0,1560.6666666666667,0.0,0.0,406.667,412.222,3.333,0.0,41.111,23.333,0.0,0.0,38.889,51.111,0.0,0.0,0.0,0.0,0.0,0.0,1232.0,0.0,0.0,407.778,205.556,0.0,0.0,92.222,56.667,0.0,0.0,47.778,72.222,0.0,0.0,0.0,0.0,0.0,0.0,1181.6666666666667,0.0,0.0,0.0,0.0,3.333,0.0,278.889,0.0,0.0,0.0,23.333,50.0,0.0,0.0,0.0,0.0,0.0,0.0,1315.0,0.0,0.0,0.0,0.0,0.0,0.0,0.0,0.0,340.0,371.111,357.778,334.444,343.333,350.0,315.556,324.444,317.778,292.222,0.0,111.389,,0.8515235823313398,1.038028163658005,394.44449999999995,7.845898234683282,3.61125,1.5212113443533233,183.33350000000002,2.021474343680103,165.5557
malecns_all,1.0,A,0.5,9,1,82162,,22.7775,1.0,0.0,405.0,3.0,1.6665,0.0,26.667,268.0001,1324.6666666666667,44.444,1.111,0.0,0.0,0.0,3.333,0.0,4.444,0.0,0.0,0.0,7.778,0.0,0.0,0.0,0.0,0.0,0.0,1610.6666666666667,0.0,0.0,0.0,0.0,0.0,1.111,0.0,25.556,0.0,0.0,0.0,0.0,0.0,0.0,0.0,0.0,0.0,0.0,4255.333333333333,0.0,0.0,412.222,397.778,0.0,0.0,0.0,0.0,0.0,0.0,0.0,0.0,0.0,0.0,0.0,0.0,0.0,0.0,3395.6666666666665,0.0,0.0,410.0,80.0,0.0,3.333,0.0,0.0,0.0,0.0,0.0,0.0,0.0,0.0,0.0,0.0,0.0,0.0,1053.3333333333333,0.0,0.0,0.0,0.0,0.0,0.0,26.667,0.0,0.0,0.0,14.444,0.0,0.0,0.0,0.0,0.0,0.0,0.0,2936.3333333333335,0.0,0.0,0.0,0.0,0.0,0.0,0.0,118.889,175.556,318.889,337.778,211.111,327.778,315.556,255.556,221.111,282.222,234.444,0.20448608031313686,111.389,1.1743655968542348,0.8515235823313398,1.0267604187661383,394.44449999999995,0.4614745586708204,3.61125,0.145456231403426,183.33350000000002,1.6187911379674633,165.5557
malecns_all,1.0,A,0.7,8,1,115027,,2.222,1.0,0.0,416.66650000000004,2.965,7.222,0.0,3.333,313.99989999999997,52.333333333333336,4.444,0.0,0.0,0.0,0.0,0.0,0.0,0.0,0.0,0.0,27.778,0.0,0.0,0.0,0.0,0.0,0.0,0.0,148.0,0.0,0.0,0.0,0.0,0.0,0.0,0.0,0.0,0.0,0.0,25.556,0.0,0.0,0.0,0.0,0.0,0.0,0.0,875.3333333333334,0.0,0.0,430.0,403.333,0.0,0.0,0.0,0.0,0.0,0.0,0.0,0.0,0.0,0.0,0.0,0.0,0.0,0.0,652.6666666666666,0.0,0.0,426.667,20.0,0.0,14.444,0.0,0.0,0.0,0.0,0.0,0.0,0.0,0.0,0.0,0.0,0.0,0.0,228.33333333333334,0.0,0.0,0.0,0.0,1.111,0.0,3.333,12.222,0.0,0.0,0.0,43.333,0.0,0.0,0.0,0.0,0.0,0.0,925.3333333333334,0.0,0.0,93.333,91.111,0.0,0.0,0.0,0.0,336.667,358.889,313.333,324.444,333.333,330.0,292.222,271.111,297.778,282.222,0.019948109777446606,111.389,1.1743655968542348,0.8515235823313398,1.0563374568538795,394.44449999999995,1.9998615437867775,3.61125,0.018179983472742297,183.33350000000002,1.8966420364868135,165.5557
malecns_all,1.0,A,0.7,8,2,115027,,7.778,1.0,0.0,415.0,3.0,2.778,0.0,3.333,312.5556,60.333333333333336,15.556,0.0,0.0,0.0,0.0,0.0,0.0,0.0,0.0,0.0,22.222,0.0,0.0,0.0,0.0,0.0,0.0,0.0,152.33333333333334,0.0,0.0,0.0,0.0,0.0,0.0,0.0,0.0,0.0,0.0,24.444,0.0,0.0,0.0,0.0,0.0,0.0,0.0,928.0,0.0,0.0,430.0,400.0,0.0,0.0,0.0,0.0,0.0,0.0,0.0,0.0,0.0,0.0,0.0,0.0,0.0,0.0,696.6666666666666,0.0,0.0,428.889,20.0,0.0,5.556,0.0,0.0,0.0,0.0,3.333,0.0,0.0,0.0,0.0,0.0,0.0,0.0,228.33333333333334,0.0,0.0,0.0,0.0,0.0,0.0,3.333,14.444,0.0,0.0,0.0,43.333,0.0,0.0,0.0,0.0,0.0,0.0,936.6666666666666,0.0,0.0,75.556,85.556,0.0,0.0,0.0,0.0,334.444,367.778,316.667,325.556,334.444,315.556,286.667,261.111,300.0,283.333,0.06250188337347848,124.44425,1.1311757568983496,0.8840359191766718,1.055084298693094,393.33349999999996,0.7143224479300592,3.889,0.019931528352942936,167.2225,1.911654461267749,163.50005
malecns_all,1.0,A,0.85,2,1,139676,,0.5555,,0.0,406.667,2.9699999999999998,0.0,23.889,147.778,338.7779,14.666666666666666,1.111,0.0,0.0,0.0,0.0,0.0,0.0,0.0,0.0,0.0,0.0,0.0,0.0,0.0,0.0,0.0,0.0,0.0,32.0,0.0,0.0,0.0,0.0,0.0,0.0,0.0,0.0,0.0,0.0,0.0,0.0,0.0,0.0,0.0,0.0,0.0,0.0,350.6666666666667,0.0,0.0,406.667,406.667,0.0,0.0,70.0,16.667,0.0,0.0,0.0,0.0,0.0,0.0,0.0,0.0,0.0,0.0,186.66666666666666,0.0,0.0,408.889,0.0,0.0,0.0,47.778,0.0,0.0,0.0,0.0,0.0,0.0,0.0,0.0,0.0,0.0,0.0,88.66666666666667,0.0,0.0,0.0,0.0,0.0,15.556,147.778,37.778,0.0,0.0,0.0,46.667,0.0,0.0,0.0,0.0,0.0,0.0,288.6666666666667,113.333,0.0,0.0,0.0,0.0,36.667,0.0,7.778,366.667,381.111,327.778,331.111,336.667,348.889,325.556,340.0,330.0,300.0,0.004987027444361651,111.389,,0.8515235823313398,1.030986615353998,394.44449999999995,0.0,3.61125,0.8060610853990131,183.33350000000002,2.0463076777181333,165.5557
malecns_all,1.0,A,0.85,2,2,139676,,0.5555,,0.0,406.66650000000004,2.9699999999999998,0.5555,27.222,155.556,335.99999999999994,14.666666666666666,1.111,0.0,0.0,0.0,0.0,0.0,0.0,0.0,0.0,0.0,0.0,0.0,0.0,0.0,0.0,0.0,0.0,0.0,33.0,0.0,0.0,0.0,0.0,0.0,0.0,0.0,0.0,0.0,0.0,0.0,0.0,0.0,0.0,0.0,0.0,0.0,0.0,358.3333333333333,0.0,0.0,410.0,403.333,0.0,0.0,74.444,17.778,0.0,0.0,0.0,0.0,0.0,0.0,0.0,0.0,0.0,0.0,193.33333333333334,0.0,0.0,410.0,0.0,0.0,1.111,54.444,0.0,0.0,0.0,0.0,0.0,0.0,0.0,0.0,0.0,0.0,0.0,91.0,0.0,0.0,0.0,0.0,0.0,12.222,155.556,43.333,0.0,0.0,0.0,48.889,0.0,0.0,0.0,0.0,0.0,0.0,272.6666666666667,120.0,0.0,0.0,0.0,0.0,30.0,0.0,2.222,361.111,390.0,324.444,330.0,338.889,331.111,318.889,337.778,331.111,296.667,0.004463846260474068,124.44425,,0.8840359191766718,1.0338974432637955,393.33349999999996,0.14283877603497044,3.889,0.9302336707081883,167.2225,2.0550452431054302,163.50005
malecns_all,1.0,A,0.7,9,1,115027,,0.0,,0.0,408.889,3.0,32.778,0.0,198.889,295.3334,23.666666666666668,0.0,0.0,0.0,0.0,0.0,0.0,0.0,0.0,0.0,0.0,0.0,0.0,0.0,0.0,0.0,0.0,0.0,0.0,130.0,0.0,0.0,0.0,0.0,0.0,0.0,0.0,0.0,0.0,0.0,2.222,0.0,0.0,0.0,0.0,0.0,0.0,0.0,1200.0,0.0,0.0,416.667,401.111,0.0,66.667,0.0,91.111,0.0,0.0,0.0,0.0,0.0,0.0,0.0,0.0,0.0,0.0,579.0,0.0,0.0,414.444,6.667,0.0,65.556,0.0,0.0,0.0,0.0,0.0,11.111,0.0,0.0,0.0,0.0,0.0,0.0,366.3333333333333,0.0,0.0,0.0,0.0,0.0,0.0,198.889,0.0,0.0,0.0,0.0,0.0,0.0,0.0,0.0,0.0,0.0,0.0,878.3333333333334,16.667,0.0,0.0,0.0,0.0,0.0,0.0,136.667,227.778,345.556,346.667,232.222,334.444,326.667,294.444,285.556,298.889,261.111,0.0,111.389,,0.8515235823313398,1.0366198539972038,394.44449999999995,9.07663551401869,3.61125,1.0848481046835412,183.33350000000002,1.783891463718857,165.5557
malecns_all,1.0,A,0.7,9,2,115027,,0.0,,0.0,406.667,3.0,31.6665,0.0,193.333,294.8888,29.0,0.0,0.0,0.0,0.0,0.0,0.0,0.0,0.0,0.0,0.0,0.0,0.0,0.0,0.0,0.0,0.0,0.0,0.0,138.66666666666666,0.0,0.0,0.0,0.0,0.0,0.0,0.0,0.0,0.0,0.0,10.0,0.0,0.0,0.0,0.0,0.0,0.0,0.0,1112.6666666666667,0.0,0.0,416.667,396.667,0.0,55.556,0.0,65.556,0.0,0.0,0.0,0.0,0.0,0.0,0.0,0.0,0.0,0.0,605.3333333333334,0.0,0.0,416.667,11.111,0.0,62.222,0.0,1.111,0.0,0.0,0.0,2.222,0.0,0.0,0.0,0.0,0.0,0.0,369.0,0.0,0.0,0.0,0.0,0.0,0.0,193.333,0.0,0.0,0.0,0.0,0.0,0.0,0.0,0.0,0.0,0.0,0.0,2147.3333333333335,8.889,0.0,0.0,0.0,0.0,0.0,0.0,92.222,225.556,354.444,352.222,231.111,337.778,306.667,294.444,282.222,301.111,263.333,0.0,124.44425,,0.8840359191766718,1.0338987144496974,393.33349999999996,8.142581640524556,3.889,1.1561422655444094,167.2225,1.8036006716817519,163.50005
malecns_all,1.0,A,0.7,5,2,115027,,0.0,,0.0,410.0,3.0,29.4445,63.889,275.556,333.33340000000004,95.0,0.0,0.0,0.0,0.0,0.0,0.0,3.333,2.222,0.0,0.0,0.0,0.0,0.0,0.0,0.0,0.0,0.0,0.0,66.66666666666667,0.0,0.0,0.0,0.0,0.0,0.0,0.0,0.0,0.0,0.0,0.0,0.0,0.0,0.0,0.0,0.0,0.0,0.0,3929.0,0.0,0.0,410.0,410.0,1.111,0.0,80.0,16.667,0.0,0.0,35.556,20.0,0.0,0.0,0.0,0.0,0.0,0.0,3621.0,0.0,0.0,408.889,206.667,0.0,0.0,127.778,58.889,0.0,0.0,38.889,38.889,0.0,0.0,0.0,0.0,0.0,0.0,1973.3333333333333,0.0,0.0,0.0,0.0,1.111,0.0,275.556,0.0,0.0,0.0,17.778,38.889,0.0,0.0,0.0,0.0,0.0,0.0,1295.3333333333333,0.0,0.0,0.0,0.0,0.0,0.0,0.0,0.0,340.0,380.0,363.333,335.556,346.667,335.556,306.667,323.333,317.778,284.444,0.0,124.44425,,0.8840359191766718,1.0423724396726952,393.33349999999996,7.571226536384676,3.889,1.6478404520922723,167.2225,2.0387357679707137,163.50005
malecns_all,1.0,A,0.85,4,1,139676,,0.0,,0.0,412.778,2.9000000000000004,53.3335,4.4445,110.0,335.8891,14.0,0.0,0.0,0.0,0.0,0.0,0.0,0.0,0.0,0.0,0.0,0.0,0.0,0.0,0.0,0.0,0.0,0.0,0.0,46.666666666666664,0.0,0.0,0.0,0.0,0.0,0.0,0.0,0.0,0.0,0.0,0.0,0.0,0.0,0.0,0.0,0.0,0.0,0.0,332.0,0.0,0.0,415.556,410.0,112.222,70.0,0.0,5.556,0.0,0.0,0.0,0.0,0.0,0.0,0.0,0.0,0.0,0.0,144.0,0.0,0.0,416.667,70.0,8.889,106.667,0.0,0.0,0.0,0.0,0.0,0.0,0.0,0.0,0.0,0.0,0.0,0.0,101.66666666666667,0.0,0.0,0.0,0.0,31.111,0.0,110.0,0.0,0.0,0.0,0.0,0.0,0.0,0.0,0.0,0.0,0.0,0.0,295.0,0.0,0.0,0.0,0.0,0.0,0.0,0.0,0.0,350.0,367.778,338.889,308.889,337.778,347.778,337.778,346.667,327.778,295.556,0.0,111.389,,0.8515235823313398,1.0464792892282693,394.44449999999995,14.768708895811699,3.61125,0.5999994545459504,183.33350000000002,2.0288585654254128,165.5557
malecns_all,1.0,A,0.85,3,2,139676,,0.0,,0.0,411.111,2.965,0.0,0.0,150.0,326.77779999999996,11.0,0.0,0.0,0.0,0.0,0.0,0.0,0.0,0.0,0.0,0.0,0.0,0.0,0.0,0.0,0.0,0.0,0.0,0.0,32.333333333333336,0.0,0.0,0.0,0.0,0.0,0.0,0.0,0.0,0.0,0.0,1.111,0.0,0.0,0.0,0.0,0.0,0.0,0.0,214.33333333333334,0.0,0.0,417.778,404.444,0.0,0.0,0.0,22.222,0.0,0.0,3.333,0.0,0.0,0.0,0.0,0.0,0.0,0.0,129.66666666666666,0.0,0.0,416.667,127.778,0.0,0.0,0.0,0.0,0.0,0.0,0.0,0.0,0.0,0.0,0.0,0.0,0.0,0.0,108.33333333333333,0.0,0.0,0.0,0.0,0.0,0.0,150.0,0.0,0.0,0.0,0.0,0.0,0.0,0.0,0.0,0.0,0.0,0.0,417.0,0.0,0.0,0.0,0.0,0.0,0.0,0.0,0.0,326.667,355.556,354.444,274.444,344.444,327.778,326.667,331.111,326.667,300.0,0.0,124.44425,,0.8840359191766718,1.0451970147470278,393.33349999999996,0.0,3.889,0.8970084767301051,167.2225,1.9986403673882667,163.50005
malecns_all,1.0,A,0.7,7,1,115027,,0.0,,0.0,410.0,3.0,45.0,0.5555,168.889,294.2222,28.0,0.0,0.0,0.0,0.0,0.0,0.0,0.0,0.0,0.0,0.0,0.0,0.0,0.0,0.0,0.0,0.0,0.0,0.0,78.33333333333333,0.0,0.0,0.0,0.0,0.0,0.0,0.0,0.0,0.0,0.0,0.0,0.0,0.0,0.0,0.0,0.0,0.0,0.0,1371.0,0.0,0.0,413.333,406.667,117.778,0.0,0.0,7.778,0.0,0.0,0.0,3.333,0.0,0.0,0.0,0.0,0.0,0.0,1058.3333333333333,0.0,0.0,412.222,3.333,0.0,58.889,1.111,31.111,0.0,0.0,0.0,0.0,0.0,0.0,0.0,0.0,0.0,0.0,415.6666666666667,0.0,0.0,0.0,0.0,0.0,0.0,168.889,0.0,0.0,0.0,34.444,0.0,0.0,0.0,0.0,0.0,0.0,0.0,997.6666666666666,0.0,0.0,0.0,0.0,6.667,0.0,0.0,0.0,224.444,318.889,300.0,223.333,331.111,335.556,311.111,314.444,306.667,276.667,0.0,111.389,,0.8515235823313398,1.0394364733188066,394.44449999999995,12.461059190031152,3.61125,0.9212118898073729,183.33350000000002,1.7771795232661876,165.5557
malecns_all,1.0,A,0.85,3,1,139676,,0.0,,0.0,411.1115,3.065,0.0,0.0,138.889,327.88870000000003,10.666666666666666,0.0,0.0,0.0,0.0,0.0,0.0,0.0,0.0,0.0,0.0,0.0,0.0,0.0,0.0,0.0,0.0,0.0,0.0,30.666666666666668,0.0,0.0,0.0,0.0,0.0,0.0,0.0,0.0,0.0,0.0,0.0,0.0,0.0,0.0,0.0,0.0,0.0,0.0,219.33333333333334,0.0,0.0,415.556,406.667,0.0,0.0,0.0,27.778,0.0,0.0,7.778,0.0,0.0,0.0,0.0,0.0,0.0,0.0,127.0,0.0,0.0,415.556,121.111,0.0,0.0,0.0,0.0,0.0,0.0,0.0,0.0,0.0,0.0,0.0,0.0,0.0,0.0,106.66666666666667,0.0,0.0,0.0,0.0,0.0,0.0,138.889,0.0,0.0,0.0,0.0,0.0,0.0,0.0,0.0,0.0,0.0,0.0,418.6666666666667,0.0,0.0,0.0,0.0,0.0,0.0,0.0,0.0,333.333,344.444,348.889,274.444,342.222,342.222,330.0,333.333,325.556,304.444,0.0,111.389,,0.8515235823313398,1.042254360245865,394.44449999999995,0.0,3.61125,0.7575756749312046,183.33350000000002,1.980534043829358,165.5557
malecns_all,1.0,A,0.85,4,2,139676,,0.0,,0.0,412.22249999999997,3.0300000000000002,50.5555,3.3335,113.333,334.5556,17.666666666666668,0.0,0.0,0.0,0.0,0.0,0.0,0.0,0.0,0.0,0.0,0.0,0.0,0.0,0.0,0.0,0.0,0.0,0.0,47.333333333333336,0.0,0.0,0.0,0.0,0.0,0.0,0.0,0.0,0.0,0.0,0.0,0.0,0.0,0.0,0.0,0.0,0.0,0.0,301.6666666666667,0.0,0.0,417.778,406.667,114.444,65.556,0.0,0.0,0.0,0.0,0.0,0.0,0.0,0.0,0.0,0.0,0.0,0.0,136.0,0.0,0.0,416.667,67.778,6.667,101.111,0.0,0.0,0.0,0.0,0.0,0.0,0.0,0.0,0.0,0.0,0.0,0.0,104.0,0.0,0.0,0.0,0.0,23.333,0.0,113.333,0.0,0.0,0.0,0.0,0.0,0.0,0.0,0.0,0.0,0.0,0.0,292.3333333333333,0.0,0.0,0.0,0.0,0.0,0.0,0.0,0.0,346.667,377.778,344.444,312.222,340.0,331.111,332.222,345.556,325.556,290.0,0.0,124.44425,,0.8840359191766718,1.0480228610072624,393.33349999999996,12.99961429673438,3.889,0.6777377446216867,167.2225,2.0462109950425096,163.50005
malecns_all,1.0,A,0.95,0,1,156109,,0.0,,0.0,407.77750000000003,3.0,8.889,10.0,15.556,343.2223,2.0,0.0,0.0,0.0,0.0,0.0,0.0,0.0,0.0,0.0,0.0,0.0,0.0,0.0,0.0,0.0,0.0,0.0,0.0,11.666666666666666,0.0,0.0,0.0,0.0,0.0,0.0,0.0,0.0,0.0,0.0,0.0,0.0,0.0,0.0,0.0,0.0,0.0,0.0,49.666666666666664,0.0,0.0,413.333,402.222,0.0,0.0,20.0,42.222,0.0,0.0,0.0,0.0,0.0,0.0,0.0,0.0,0.0,0.0,31.666666666666668,0.0,0.0,413.333,77.778,0.0,0.0,20.0,17.778,0.0,0.0,0.0,0.0,0.0,0.0,0.0,0.0,0.0,0.0,18.333333333333332,0.0,0.0,0.0,0.0,0.0,0.0,15.556,0.0,0.0,0.0,0.0,0.0,0.0,0.0,0.0,0.0,0.0,0.0,93.0,0.0,0.0,11.111,0.0,48.889,62.222,0.0,0.0,368.889,380.0,355.556,340.0,338.889,350.0,326.667,342.222,328.889,301.111,0.0,111.389,,0.8515235823313398,1.0338019670701457,394.44449999999995,2.46147455867082,3.61125,0.08485083195378912,183.33350000000002,2.073153023423537,165.5557
malecns_all,1.0,A,0.95,0,2,156109,,0.0,,0.0,406.667,2.9699999999999998,8.889,11.111,14.444,343.3334,1.3333333333333333,0.0,0.0,0.0,0.0,0.0,0.0,0.0,0.0,0.0,0.0,0.0,0.0,0.0,0.0,0.0,0.0,0.0,0.0,12.333333333333334,0.0,0.0,0.0,0.0,0.0,0.0,0.0,0.0,0.0,0.0,0.0,0.0,0.0,0.0,0.0,0.0,0.0,0.0,52.0,0.0,0.0,416.667,396.667,0.0,0.0,23.333,34.444,0.0,0.0,0.0,0.0,0.0,0.0,0.0,0.0,0.0,0.0,31.666666666666668,0.0,0.0,416.667,77.778,0.0,0.0,22.222,17.778,0.0,0.0,0.0,0.0,0.0,0.0,0.0,0.0,0.0,0.0,18.0,0.0,0.0,0.0,0.0,0.0,0.0,14.444,0.0,0.0,0.0,0.0,0.0,0.0,0.0,0.0,0.0,0.0,0.0,98.33333333333333,0.0,0.0,16.667,0.0,46.667,52.222,0.0,0.0,368.889,390.0,357.778,338.889,344.444,331.111,325.556,345.556,328.889,302.222,0.0,124.44425,,0.8840359191766718,1.0338987144496974,393.33349999999996,2.2856775520699406,3.889,0.0863759362525976,167.2225,2.0998978287774226,163.50005
malecns_all,1.0,A,0.85,5,1,139676,,0.0,,0.0,411.1115,3.0300000000000002,9.4445,0.0,233.333,341.66659999999996,17.666666666666668,0.0,0.0,0.0,0.0,0.0,0.0,0.0,0.0,0.0,0.0,0.0,0.0,0.0,0.0,0.0,0.0,0.0,0.0,32.333333333333336,0.0,0.0,0.0,0.0,0.0,0.0,0.0,0.0,0.0,0.0,0.0,0.0,0.0,0.0,0.0,0.0,0.0,0.0,238.66666666666666,0.0,0.0,415.556,406.667,0.0,0.0,0.0,33.333,0.0,0.0,0.0,0.0,0.0,0.0,0.0,0.0,0.0,0.0,130.66666666666666,0.0,0.0,415.556,135.556,0.0,0.0,0.0,18.889,0.0,0.0,0.0,0.0,0.0,0.0,0.0,0.0,0.0,0.0,164.33333333333334,0.0,0.0,0.0,0.0,18.889,0.0,233.333,37.778,0.0,0.0,0.0,0.0,0.0,0.0,0.0,0.0,0.0,0.0,339.6666666666667,0.0,0.0,0.0,0.0,0.0,0.0,0.0,0.0,355.556,375.556,361.111,334.444,348.889,354.444,330.0,331.111,324.444,301.111,0.0,111.389,,0.8515235823313398,1.042254360245865,394.44449999999995,2.6152994115610935,3.61125,1.2727242975233657,183.33350000000002,2.0637561859845355,165.5557
malecns_all,1.0,A,0.95,1,1,156109,,0.0,,0.0,410.5555,3.035,8.3335,0.0,68.889,338.99989999999997,3.0,0.0,0.0,0.0,0.0,0.0,0.0,0.0,0.0,0.0,0.0,0.0,0.0,0.0,0.0,0.0,0.0,0.0,0.0,13.666666666666666,0.0,0.0,0.0,0.0,0.0,0.0,0.0,0.0,0.0,0.0,0.0,0.0,0.0,0.0,0.0,0.0,0.0,0.0,30.666666666666668,0.0,0.0,414.444,406.667,0.0,0.0,0.0,18.889,0.0,0.0,0.0,0.0,0.0,0.0,0.0,0.0,0.0,0.0,15.333333333333334,0.0,0.0,413.333,0.0,0.0,0.0,0.0,16.667,0.0,0.0,0.0,0.0,0.0,0.0,0.0,0.0,0.0,0.0,12.666666666666666,0.0,0.0,0.0,0.0,0.0,0.0,68.889,0.0,0.0,0.0,0.0,0.0,0.0,0.0,0.0,0.0,0.0,0.0,74.66666666666667,0.0,0.0,0.0,0.0,0.0,0.0,0.0,0.0,358.889,374.444,353.333,301.111,340.0,354.444,336.667,351.111,328.889,291.111,0.0,111.389,,0.8515235823313398,1.0408447829796081,394.44449999999995,2.307649705780547,3.61125,0.3757578402201452,183.33350000000002,2.0476486161455023,165.5557
malecns_all,1.0,A,0.7,7,2,115027,,0.0,,0.0,409.4445,3.135,39.4445,1.6665,157.778,295.6665,30.0,0.0,0.0,0.0,0.0,0.0,0.0,0.0,0.0,0.0,0.0,2.222,0.0,0.0,0.0,0.0,0.0,0.0,0.0,88.0,0.0,0.0,0.0,0.0,0.0,0.0,0.0,0.0,0.0,0.0,0.0,0.0,0.0,0.0,0.0,0.0,0.0,0.0,1398.3333333333333,0.0,0.0,413.333,405.556,124.444,0.0,0.0,12.222,0.0,0.0,0.0,3.333,0.0,0.0,0.0,0.0,0.0,0.0,1137.6666666666667,0.0,0.0,414.444,3.333,0.0,47.778,3.333,31.111,0.0,0.0,0.0,0.0,0.0,0.0,0.0,0.0,0.0,0.0,399.0,0.0,0.0,0.0,0.0,0.0,0.0,157.778,0.0,0.0,0.0,36.667,1.111,0.0,0.0,0.0,0.0,0.0,0.0,985.6666666666666,0.0,0.0,0.0,0.0,3.333,0.0,0.0,0.0,231.111,332.222,304.444,223.333,333.333,323.333,310.0,320.0,307.778,271.111,0.0,124.44425,,0.8840359191766718,1.040960152135529,393.33349999999996,10.142581640524556,3.889,0.9435213562768168,167.2225,1.8083572451506895,163.50005
malecns_all,1.0,A,0.85,6,1,139676,,0.0,,0.0,408.333,2.9000000000000004,0.0,0.0,105.556,333.1109,8.666666666666666,0.0,0.0,0.0,0.0,0.0,0.0,0.0,0.0,0.0,0.0,0.0,0.0,0.0,0.0,0.0,0.0,0.0,0.0,28.666666666666668,0.0,0.0,0.0,0.0,0.0,0.0,0.0,0.0,0.0,0.0,0.0,0.0,0.0,0.0,0.0,0.0,0.0,0.0,256.6666666666667,0.0,0.0,413.333,403.333,0.0,0.0,38.889,0.0,0.0,0.0,0.0,0.0,0.0,0.0,0.0,0.0,0.0,0.0,183.66666666666666,0.0,0.0,413.333,131.111,0.0,0.0,0.0,0.0,0.0,0.0,0.0,0.0,0.0,0.0,0.0,0.0,0.0,0.0,65.66666666666667,0.0,0.0,0.0,0.0,0.0,0.0,105.556,0.0,0.0,0.0,0.0,0.0,0.0,0.0,0.0,0.0,0.0,0.0,232.66666666666666,4.444,0.0,0.0,0.0,0.0,0.0,0.0,0.0,341.111,363.333,344.444,310.0,334.444,343.333,337.778,338.889,323.333,294.444,0.0,111.389,,0.8515235823313398,1.0352102767309472,394.44449999999995,0.0,3.61125,0.575759476582294,183.33350000000002,2.012077506241102,165.5557
malecns_all,1.0,A,0.85,6,2,139676,,0.0,,0.0,405.5555,2.9000000000000004,0.0,0.0,104.444,333.55550000000005,9.333333333333334,0.0,0.0,0.0,0.0,0.0,0.0,0.0,0.0,0.0,0.0,0.0,0.0,0.0,0.0,0.0,0.0,0.0,0.0,31.0,0.0,0.0,0.0,0.0,0.0,0.0,0.0,0.0,0.0,0.0,0.0,0.0,0.0,0.0,0.0,0.0,0.0,0.0,263.0,0.0,0.0,414.444,396.667,0.0,0.0,22.222,0.0,0.0,0.0,0.0,0.0,0.0,0.0,0.0,0.0,0.0,0.0,189.66666666666666,0.0,0.0,416.667,124.444,0.0,0.0,0.0,0.0,0.0,0.0,0.0,0.0,0.0,0.0,0.0,0.0,0.0,0.0,67.66666666666667,0.0,0.0,0.0,0.0,0.0,0.0,104.444,0.0,0.0,0.0,0.0,0.0,0.0,0.0,0.0,0.0,0.0,0.0,236.33333333333334,5.556,0.0,0.0,0.0,0.0,0.0,0.0,0.0,341.111,374.444,350.0,315.556,336.667,331.111,331.111,337.778,324.444,293.333,0.0,124.44425,,0.8840359191766718,1.0310728681894628,393.33349999999996,0.0,3.889,0.6245810222906607,167.2225,2.0400941773412304,163.50005
malecns_all,1.0,A,0.95,1,2,156109,,0.0,,0.0,409.4445,3.0,9.4445,0.0,76.667,337.0,4.0,0.0,0.0,0.0,0.0,0.0,0.0,0.0,0.0,0.0,0.0,0.0,0.0,0.0,0.0,0.0,0.0,0.0,0.0,15.0,0.0,0.0,0.0,0.0,0.0,0.0,0.0,0.0,0.0,0.0,0.0,0.0,0.0,0.0,0.0,0.0,0.0,0.0,30.333333333333332,0.0,0.0,415.556,403.333,0.0,0.0,0.0,18.889,0.0,0.0,0.0,0.0,0.0,0.0,0.0,0.0,0.0,0.0,14.333333333333334,0.0,0.0,414.444,0.0,0.0,0.0,0.0,18.889,0.0,0.0,0.0,0.0,0.0,0.0,0.0,0.0,0.0,0.0,11.666666666666666,0.0,0.0,0.0,0.0,0.0,0.0,76.667,0.0,0.0,0.0,0.0,0.0,0.0,0.0,0.0,0.0,0.0,0.0,72.33333333333333,0.0,0.0,0.0,0.0,0.0,0.0,0.0,0.0,354.444,383.333,357.778,302.222,342.222,336.667,331.111,351.111,325.556,285.556,0.0,124.44425,,0.8840359191766718,1.040960152135529,393.33349999999996,2.4285163281049114,3.889,0.4584729925697798,167.2225,2.0611614491861014,163.50005
malecns_all,1.0,A,0.95,2,1,156109,,0.0,,0.0,410.0,2.9699999999999998,0.0,25.0,140.0,343.8889,2.0,0.0,0.0,0.0,0.0,0.0,0.0,0.0,0.0,0.0,0.0,0.0,0.0,0.0,0.0,0.0,0.0,0.0,0.0,4.0,0.0,0.0,0.0,0.0,0.0,0.0,0.0,0.0,0.0,0.0,0.0,0.0,0.0,0.0,0.0,0.0,0.0,0.0,92.66666666666667,0.0,0.0,413.333,406.667,0.0,0.0,52.222,0.0,0.0,0.0,23.333,0.0,0.0,0.0,0.0,0.0,0.0,0.0,57.666666666666664,0.0,0.0,413.333,0.0,0.0,0.0,50.0,0.0,0.0,0.0,23.333,0.0,0.0,0.0,0.0,0.0,0.0,0.0,24.0,0.0,0.0,0.0,0.0,0.0,0.0,140.0,0.0,0.0,0.0,0.0,0.0,0.0,0.0,0.0,0.0,0.0,0.0,70.0,0.0,0.0,0.0,0.0,0.0,0.0,0.0,26.667,366.667,382.222,353.333,331.111,342.222,345.556,337.778,347.778,331.111,301.111,0.0,111.389,,0.8515235823313398,1.0394364733188066,394.44449999999995,0.0,3.61125,0.7636356694221187,183.33350000000002,2.0771794628635556,165.5557
malecns_all,1.0,A,0.85,5,2,139676,,0.0,,0.0,410.0,3.0,6.111,0.0,235.556,341.5556,18.0,0.0,0.0,0.0,0.0,0.0,0.0,0.0,0.0,0.0,0.0,0.0,0.0,0.0,0.0,0.0,0.0,0.0,0.0,33.666666666666664,0.0,0.0,0.0,0.0,0.0,0.0,0.0,0.0,0.0,0.0,0.0,0.0,0.0,0.0,0.0,0.0,0.0,0.0,230.66666666666666,0.0,0.0,416.667,403.333,0.0,0.0,0.0,35.556,0.0,0.0,0.0,0.0,0.0,0.0,0.0,0.0,0.0,0.0,120.0,0.0,0.0,416.667,131.111,0.0,0.0,0.0,12.222,0.0,0.0,0.0,0.0,0.0,0.0,0.0,0.0,0.0,0.0,164.33333333333334,0.0,0.0,0.0,0.0,22.222,0.0,235.556,64.444,0.0,0.0,0.0,0.0,0.0,0.0,0.0,0.0,0.0,0.0,344.6666666666667,0.0,0.0,0.0,0.0,0.0,0.0,0.0,0.0,354.444,387.778,367.778,335.556,355.556,341.111,323.333,330.0,325.556,294.444,0.0,124.44425,,0.8840359191766718,1.0423724396726952,393.33349999999996,1.5713551041398817,3.889,1.408638191630911,167.2225,2.089024437607206,163.50005
malecns_all,1.0,A,0.95,3,1,156109,,0.0,,0.0,410.556,3.065,0.0,0.0,96.667,340.5557,1.6666666666666667,0.0,0.0,0.0,0.0,0.0,0.0,0.0,0.0,0.0,0.0,0.0,0.0,0.0,0.0,0.0,0.0,0.0,0.0,8.0,0.0,0.0,0.0,0.0,0.0,0.0,0.0,0.0,0.0,0.0,0.0,0.0,0.0,0.0,0.0,0.0,0.0,0.0,44.333333333333336,0.0,0.0,415.556,405.556,0.0,0.0,0.0,0.0,0.0,0.0,0.0,0.0,0.0,0.0,0.0,0.0,0.0,0.0,17.333333333333332,0.0,0.0,416.667,0.0,0.0,0.0,0.0,0.0,0.0,0.0,0.0,0.0,0.0,0.0,0.0,0.0,0.0,0.0,21.0,0.0,0.0,0.0,0.0,0.0,0.0,96.667,10.0,0.0,0.0,0.0,0.0,0.0,0.0,0.0,0.0,0.0,0.0,89.0,0.0,0.0,0.0,0.0,0.0,0.0,0.0,0.0,361.111,373.333,347.778,315.556,345.556,347.778,338.889,345.556,330.0,300.0,0.0,111.389,,0.8515235823313398,1.0408460505850634,394.44449999999995,0.0,3.61125,0.5272740661144854,183.33350000000002,2.057046057610822,165.5557
malecns_all,1.0,A,0.95,2,2,156109,,0.0,,0.0,408.889,2.9699999999999998,0.0,25.0,148.889,342.0,2.0,0.0,0.0,0.0,0.0,0.0,0.0,0.0,0.0,0.0,0.0,0.0,0.0,0.0,0.0,0.0,0.0,0.0,0.0,3.0,0.0,0.0,0.0,0.0,0.0,0.0,0.0,0.0,0.0,0.0,0.0,0.0,0.0,0.0,0.0,0.0,0.0,0.0,87.66666666666667,0.0,0.0,415.556,402.222,0.0,0.0,52.222,0.0,0.0,0.0,28.889,0.0,0.0,0.0,0.0,0.0,0.0,0.0,56.333333333333336,0.0,0.0,414.444,0.0,0.0,0.0,50.0,0.0,0.0,0.0,27.778,0.0,0.0,0.0,0.0,0.0,0.0,0.0,22.0,0.0,0.0,0.0,0.0,0.0,0.0,148.889,0.0,0.0,0.0,0.0,0.0,0.0,0.0,0.0,0.0,0.0,0.0,68.33333333333333,0.0,0.0,0.0,0.0,0.0,0.0,0.0,14.444,361.111,390.0,356.667,331.111,343.333,331.111,332.222,345.556,331.111,297.778,0.0,124.44425,,0.8840359191766718,1.0395478645983627,393.33349999999996,0.0,3.889,0.8903646339457909,167.2225,2.091742479589456,163.50005
malecns_all,1.0,A,0.95,3,2,156109,,0.0,,0.0,410.0,2.965,0.0,0.0,94.444,339.4443,1.0,0.0,0.0,0.0,0.0,0.0,0.0,0.0,0.0,0.0,0.0,0.0,0.0,0.0,0.0,0.0,0.0,0.0,0.0,8.666666666666666,0.0,0.0,0.0,0.0,0.0,0.0,0.0,0.0,0.0,0.0,2.222,0.0,0.0,0.0,0.0,0.0,0.0,0.0,44.333333333333336,0.0,0.0,416.667,403.333,0.0,0.0,0.0,0.0,0.0,0.0,0.0,0.0,0.0,0.0,0.0,0.0,0.0,0.0,16.666666666666668,0.0,0.0,416.667,0.0,0.0,0.0,0.0,0.0,0.0,0.0,0.0,0.0,0.0,0.0,0.0,0.0,0.0,0.0,21.333333333333332,0.0,0.0,0.0,0.0,0.0,0.0,94.444,13.333,0.0,0.0,0.0,0.0,0.0,0.0,0.0,0.0,0.0,0.0,86.0,0.0,0.0,0.0,0.0,0.0,0.0,0.0,0.0,356.667,382.222,354.444,314.444,346.667,332.222,334.444,344.444,331.111,297.778,0.0,124.44425,,0.8840359191766718,1.0423724396726952,393.33349999999996,0.0,3.889,0.5647804571753203,167.2225,2.0761112917090854,163.50005
malecns_all,1.0,A,0.85,7,1,139676,,0.0,,0.0,411.111,3.0,50.5555,15.0,274.444,328.2223,9.0,0.0,0.0,0.0,0.0,0.0,0.0,0.0,0.0,0.0,0.0,0.0,0.0,0.0,0.0,0.0,0.0,0.0,0.0,29.333333333333332,0.0,0.0,0.0,0.0,0.0,0.0,0.0,0.0,0.0,0.0,0.0,0.0,0.0,0.0,0.0,0.0,0.0,0.0,349.0,0.0,0.0,413.333,408.889,126.667,38.889,96.667,18.889,0.0,0.0,0.0,0.0,0.0,0.0,0.0,0.0,0.0,0.0,206.0,0.0,0.0,413.333,43.333,0.0,62.222,30.0,38.889,0.0,0.0,0.0,0.0,0.0,0.0,0.0,0.0,0.0,0.0,145.0,0.0,0.0,0.0,0.0,0.0,0.0,274.444,0.0,0.0,0.0,27.778,27.778,0.0,0.0,0.0,0.0,0.0,0.0,291.3333333333333,0.0,0.0,0.0,0.0,10.0,0.0,35.556,0.0,326.667,351.111,340.0,277.778,336.667,345.556,338.889,343.333,324.444,297.778,0.0,111.389,,0.8515235823313398,1.0422530926404097,394.44449999999995,13.99944617514711,3.61125,1.496965911849171,183.33350000000002,1.9825490756283233,165.5557
malecns_all,1.0,A,0.85,7,2,139676,,0.0,,0.0,408.8885,3.135,47.7775,14.4445,272.222,328.5554,8.666666666666666,0.0,0.0,0.0,0.0,0.0,0.0,0.0,0.0,0.0,0.0,0.0,0.0,0.0,0.0,0.0,0.0,0.0,0.0,29.333333333333332,0.0,0.0,0.0,0.0,0.0,0.0,0.0,0.0,0.0,0.0,0.0,0.0,0.0,0.0,0.0,0.0,0.0,0.0,354.6666666666667,0.0,0.0,413.333,404.444,130.0,35.556,101.111,11.111,0.0,0.0,0.0,0.0,0.0,0.0,0.0,0.0,0.0,0.0,223.66666666666666,0.0,0.0,415.556,58.889,0.0,63.333,28.889,32.222,0.0,0.0,0.0,0.0,0.0,0.0,0.0,0.0,0.0,0.0,142.33333333333334,0.0,0.0,0.0,0.0,0.0,0.0,272.222,0.0,0.0,0.0,33.333,32.222,0.0,0.0,0.0,0.0,0.0,0.0,284.3333333333333,0.0,0.0,0.0,0.0,6.667,0.0,34.444,0.0,324.444,358.889,346.667,285.556,342.222,332.222,334.444,344.444,323.333,293.333,0.0,124.44425,,0.8840359191766718,1.0395465934124606,393.33349999999996,12.285291848804322,3.889,1.6279029436828176,167.2225,2.009512535317268,163.50005
malecns_all,1.0,A,0.85,8,1,139676,,3.889,1.0,0.0,412.778,2.965,0.0,0.0,90.0,342.4444,27.666666666666668,7.778,0.0,0.0,0.0,0.0,0.0,0.0,0.0,0.0,0.0,14.444,0.0,0.0,0.0,0.0,0.0,0.0,0.0,41.666666666666664,0.0,0.0,0.0,0.0,0.0,0.0,0.0,0.0,0.0,0.0,12.222,0.0,0.0,0.0,0.0,0.0,0.0,0.0,290.6666666666667,0.0,0.0,418.889,406.667,0.0,0.0,0.0,0.0,0.0,0.0,5.556,0.0,0.0,0.0,10.0,0.0,0.0,0.0,142.0,0.0,0.0,416.667,0.0,0.0,0.0,0.0,0.0,0.0,0.0,0.0,0.0,0.0,0.0,10.0,0.0,0.0,0.0,89.66666666666667,0.0,0.0,0.0,0.0,0.0,0.0,90.0,0.0,0.0,0.0,0.0,20.0,0.0,0.0,0.0,0.0,0.0,0.0,318.3333333333333,51.111,0.0,0.0,0.0,0.0,0.0,0.0,0.0,364.444,378.889,351.111,347.778,341.111,351.111,336.667,338.889,322.222,292.222,0.034913680884108844,111.389,1.1743655968542348,0.8515235823313398,1.0464792892282693,394.44449999999995,0.0,3.61125,0.49090864462850486,183.33350000000002,2.068454302690877,165.5557
malecns_all,1.0,A,0.95,4,1,156109,,0.0,,0.0,411.111,2.9000000000000004,60.0,6.111,125.556,344.3333,1.0,0.0,0.0,0.0,0.0,0.0,0.0,0.0,0.0,0.0,0.0,0.0,0.0,0.0,0.0,0.0,0.0,0.0,0.0,4.333333333333333,0.0,0.0,0.0,0.0,0.0,0.0,0.0,0.0,0.0,0.0,0.0,0.0,0.0,0.0,0.0,0.0,0.0,0.0,67.33333333333333,0.0,0.0,413.333,408.889,33.333,123.333,0.0,0.0,0.0,0.0,0.0,0.0,0.0,0.0,0.0,0.0,0.0,0.0,42.0,0.0,0.0,415.556,47.778,12.222,120.0,0.0,0.0,0.0,0.0,0.0,0.0,0.0,0.0,0.0,0.0,0.0,0.0,25.666666666666668,0.0,0.0,0.0,0.0,0.0,0.0,125.556,0.0,0.0,0.0,0.0,0.0,0.0,0.0,0.0,0.0,0.0,0.0,70.66666666666667,0.0,0.0,0.0,0.0,0.0,0.0,0.0,0.0,366.667,378.889,352.222,331.111,338.889,353.333,337.778,348.889,332.222,303.333,0.0,111.389,,0.8515235823313398,1.0422530926404097,394.44449999999995,16.614745586708203,3.61125,0.6848502864997394,183.33350000000002,2.0798637558235686,165.5557
malecns_all,1.0,A,0.95,4,2,156109,,0.0,,0.0,410.5555,3.0300000000000002,58.3335,5.5555,117.778,343.22209999999995,1.0,0.0,0.0,0.0,0.0,0.0,0.0,0.0,0.0,0.0,0.0,0.0,0.0,0.0,0.0,0.0,0.0,0.0,0.0,4.333333333333333,0.0,0.0,0.0,0.0,0.0,0.0,0.0,0.0,0.0,0.0,0.0,0.0,0.0,0.0,0.0,0.0,0.0,0.0,69.0,0.0,0.0,416.667,404.444,30.0,120.0,0.0,0.0,0.0,0.0,0.0,0.0,0.0,0.0,0.0,0.0,0.0,0.0,42.0,0.0,0.0,415.556,46.667,11.111,116.667,0.0,0.0,0.0,0.0,0.0,0.0,0.0,0.0,0.0,0.0,0.0,0.0,26.0,0.0,0.0,0.0,0.0,0.0,0.0,117.778,0.0,0.0,0.0,0.0,0.0,0.0,0.0,0.0,0.0,0.0,0.0,73.0,0.0,0.0,0.0,0.0,0.0,0.0,0.0,0.0,363.333,390.0,354.444,330.0,342.222,338.889,332.222,348.889,331.111,301.111,0.0,124.44425,,0.8840359191766718,1.0437847272098615,393.33349999999996,14.99961429673438,3.889,0.7043190958154555,167.2225,2.0992170950406437,163.50005
malecns_all,1.0,A,0.85,9,1,139676,,0.0,,0.0,406.66650000000004,3.0,35.0,0.0,143.333,333.2221,9.666666666666666,0.0,0.0,0.0,0.0,0.0,0.0,0.0,0.0,0.0,0.0,0.0,0.0,0.0,0.0,0.0,0.0,0.0,0.0,39.0,0.0,0.0,0.0,0.0,0.0,0.0,0.0,0.0,0.0,0.0,0.0,0.0,0.0,0.0,0.0,0.0,0.0,0.0,213.33333333333334,0.0,0.0,413.333,400.0,0.0,101.111,0.0,0.0,0.0,0.0,0.0,16.667,0.0,0.0,0.0,0.0,0.0,0.0,86.0,0.0,0.0,413.333,0.0,0.0,70.0,0.0,0.0,0.0,0.0,0.0,16.667,0.0,0.0,0.0,0.0,0.0,0.0,106.0,0.0,0.0,0.0,0.0,0.0,0.0,143.333,0.0,0.0,0.0,0.0,0.0,0.0,0.0,0.0,0.0,0.0,0.0,230.66666666666666,0.0,0.0,0.0,0.0,0.0,0.0,0.0,0.0,341.111,364.444,353.333,311.111,342.222,346.667,326.667,334.444,318.889,293.333,0.0,111.389,,0.8515235823313398,1.030985347748543,394.44449999999995,9.691934925579785,3.61125,0.7818156528948609,183.33350000000002,2.012749183507424,165.5557
malecns_all,1.0,A,0.85,9,2,139676,,0.0,,0.0,404.444,3.0,26.111,0.0,128.889,332.5555,9.666666666666666,0.0,0.0,0.0,0.0,0.0,0.0,0.0,0.0,0.0,0.0,0.0,0.0,0.0,0.0,0.0,0.0,0.0,0.0,39.0,0.0,0.0,0.0,0.0,0.0,0.0,0.0,0.0,0.0,0.0,0.0,0.0,0.0,0.0,0.0,0.0,0.0,0.0,213.33333333333334,0.0,0.0,414.444,394.444,0.0,84.444,0.0,0.0,0.0,0.0,0.0,16.667,0.0,0.0,0.0,0.0,0.0,0.0,91.33333333333333,0.0,0.0,416.667,0.0,0.0,52.222,0.0,0.0,0.0,0.0,0.0,16.667,0.0,0.0,0.0,0.0,0.0,0.0,101.33333333333333,0.0,0.0,0.0,0.0,0.0,0.0,128.889,0.0,0.0,0.0,0.0,0.0,0.0,0.0,0.0,0.0,0.0,0.0,232.0,0.0,0.0,0.0,0.0,0.0,0.0,0.0,0.0,335.556,373.333,352.222,311.111,346.667,330.0,324.444,335.556,322.222,294.444,0.0,124.44425,,0.8840359191766718,1.0282470219292281,393.33349999999996,6.714065312419645,3.889,0.7707635037151102,167.2225,2.0339779712605592,163.50005
malecns_all,1.0,A,0.95,5,2,156109,,0.0,,0.0,411.667,3.0,0.0,0.0,161.111,341.5555,3.0,0.0,0.0,0.0,0.0,0.0,0.0,0.0,0.0,0.0,0.0,0.0,0.0,0.0,0.0,0.0,0.0,0.0,0.0,12.0,0.0,0.0,0.0,0.0,0.0,0.0,0.0,0.0,0.0,0.0,0.0,0.0,0.0,0.0,0.0,0.0,0.0,0.0,51.666666666666664,0.0,0.0,416.667,406.667,0.0,0.0,0.0,0.0,0.0,0.0,0.0,0.0,0.0,0.0,0.0,0.0,0.0,0.0,36.666666666666664,0.0,0.0,415.556,170.0,0.0,0.0,0.0,0.0,0.0,0.0,0.0,0.0,0.0,0.0,0.0,0.0,0.0,0.0,27.0,0.0,0.0,0.0,0.0,10.0,0.0,161.111,0.0,0.0,0.0,0.0,0.0,0.0,0.0,0.0,0.0,0.0,0.0,68.66666666666667,0.0,0.0,0.0,0.0,0.0,0.0,0.0,0.0,363.333,388.889,363.333,332.222,348.889,337.778,326.667,333.333,326.667,294.444,0.0,124.44425,,0.8840359191766718,1.0466105734700961,393.33349999999996,0.0,3.889,0.9634528846297598,167.2225,2.089023825986598,163.50005
malecns_all,1.0,A,0.95,5,1,156109,,0.0,,0.0,412.222,3.0300000000000002,0.0,0.0,158.889,342.0,3.0,0.0,0.0,0.0,0.0,0.0,0.0,0.0,0.0,0.0,0.0,0.0,0.0,0.0,0.0,0.0,0.0,0.0,0.0,12.0,0.0,0.0,0.0,0.0,0.0,0.0,0.0,0.0,0.0,0.0,0.0,0.0,0.0,0.0,0.0,0.0,0.0,0.0,48.0,0.0,0.0,413.333,411.111,0.0,0.0,0.0,0.0,0.0,0.0,0.0,0.0,0.0,0.0,0.0,0.0,0.0,0.0,35.0,0.0,0.0,414.444,173.333,0.0,0.0,0.0,0.0,0.0,0.0,0.0,0.0,0.0,0.0,0.0,0.0,0.0,0.0,29.0,0.0,0.0,0.0,0.0,11.111,0.0,158.889,0.0,0.0,0.0,0.0,0.0,0.0,0.0,0.0,0.0,0.0,0.0,69.66666666666667,0.0,0.0,0.0,0.0,0.0,0.0,0.0,0.0,365.556,378.889,358.889,330.0,343.333,352.222,333.333,332.222,326.667,298.889,0.0,111.389,,0.8515235823313398,1.0450697119620125,394.44449999999995,0.0,3.61125,0.8666664848486502,183.33350000000002,2.0657700097308638,165.5557
malecns_all,1.0,A,0.85,8,2,139676,,9.4445,1.0,0.0,410.0,3.0,0.0,0.0,90.0,342.7778,26.0,18.889,0.0,0.0,0.0,0.0,0.0,0.0,0.0,0.0,0.0,7.778,0.0,0.0,0.0,0.0,0.0,0.0,0.0,48.666666666666664,0.0,0.0,0.0,0.0,0.0,0.0,0.0,0.0,0.0,0.0,12.222,0.0,0.0,0.0,0.0,0.0,0.0,0.0,279.6666666666667,0.0,0.0,420.0,400.0,0.0,0.0,0.0,0.0,0.0,0.0,1.111,0.0,0.0,0.0,5.556,0.0,0.0,0.0,148.33333333333334,0.0,0.0,418.889,0.0,0.0,0.0,0.0,0.0,0.0,0.0,0.0,0.0,0.0,0.0,7.778,0.0,0.0,0.0,87.33333333333333,0.0,0.0,0.0,0.0,0.0,0.0,90.0,0.0,0.0,0.0,0.0,20.0,0.0,0.0,0.0,0.0,0.0,0.0,327.6666666666667,43.333,0.0,0.0,0.0,0.0,0.0,1.111,0.0,363.333,388.889,357.778,348.889,345.556,341.111,333.333,335.556,322.222,291.111,0.07589342215490069,124.44425,1.1311757568983496,0.8840359191766718,1.0423724396726952,393.33349999999996,0.0,3.889,0.538205086038063,167.2225,2.0964996646790017,163.50005
malecns_all,1.0,A,0.95,7,2,156109,,0.0,,0.0,406.111,3.135,0.0,0.0,196.667,337.3335,2.0,0.0,0.0,0.0,0.0,0.0,0.0,0.0,0.0,0.0,0.0,0.0,0.0,0.0,0.0,0.0,0.0,0.0,0.0,8.666666666666666,0.0,0.0,0.0,0.0,0.0,0.0,0.0,0.0,0.0,0.0,0.0,0.0,0.0,0.0,0.0,0.0,0.0,0.0,34.666666666666664,0.0,0.0,414.444,397.778,0.0,0.0,0.0,0.0,0.0,0.0,0.0,0.0,0.0,0.0,0.0,0.0,0.0,0.0,12.333333333333334,0.0,0.0,414.444,0.0,0.0,0.0,0.0,0.0,0.0,0.0,0.0,0.0,0.0,0.0,0.0,0.0,0.0,0.0,24.333333333333332,0.0,0.0,0.0,0.0,0.0,0.0,196.667,0.0,0.0,0.0,0.0,0.0,0.0,0.0,0.0,0.0,0.0,0.0,77.0,0.0,0.0,0.0,0.0,41.111,0.0,0.0,0.0,352.222,376.667,346.667,305.556,343.333,335.556,335.556,347.778,330.0,300.0,0.0,124.44425,,0.8840359191766718,1.032485155726629,393.33349999999996,0.0,3.889,1.176079773953864,167.2225,2.063201203914005,163.50005
malecns_all,1.0,A,0.95,6,1,156109,,0.0,,0.0,411.66650000000004,2.9000000000000004,0.0,0.0,0.0,340.00010000000003,5.666666666666667,0.0,0.0,0.0,0.0,0.0,0.0,0.0,0.0,0.0,0.0,0.0,0.0,0.0,0.0,0.0,0.0,0.0,0.0,14.0,0.0,0.0,0.0,0.0,0.0,0.0,0.0,0.0,0.0,0.0,0.0,0.0,0.0,0.0,0.0,0.0,0.0,0.0,77.33333333333333,0.0,0.0,414.444,408.889,0.0,0.0,0.0,16.667,0.0,0.0,0.0,0.0,0.0,0.0,0.0,0.0,0.0,0.0,60.666666666666664,0.0,0.0,413.333,171.111,0.0,0.0,0.0,0.0,0.0,0.0,0.0,0.0,0.0,0.0,0.0,0.0,0.0,0.0,20.0,0.0,0.0,0.0,0.0,0.0,0.0,0.0,0.0,0.0,0.0,0.0,0.0,0.0,0.0,0.0,0.0,0.0,0.0,58.666666666666664,0.0,0.0,0.0,0.0,0.0,0.0,0.0,0.0,358.889,378.889,356.667,325.556,338.889,346.667,340.0,338.889,323.333,292.222,0.0,111.389,,0.8515235823313398,1.0436614023012112,394.44449999999995,0.0,3.61125,0.0,183.33350000000002,2.0536900873844877,165.5557
malecns_all,1.0,A,0.95,7,1,156109,,0.0,,0.0,409.4445,3.0,0.0,0.0,193.333,337.22220000000004,2.0,0.0,0.0,0.0,0.0,0.0,0.0,0.0,0.0,0.0,0.0,0.0,0.0,0.0,0.0,0.0,0.0,0.0,0.0,8.333333333333334,0.0,0.0,0.0,0.0,0.0,0.0,0.0,0.0,0.0,0.0,0.0,0.0,0.0,0.0,0.0,0.0,0.0,0.0,36.333333333333336,0.0,0.0,415.556,403.333,0.0,0.0,0.0,0.0,0.0,0.0,0.0,0.0,0.0,0.0,0.0,0.0,0.0,0.0,11.333333333333334,0.0,0.0,414.444,0.0,0.0,0.0,0.0,0.0,0.0,0.0,0.0,0.0,0.0,0.0,0.0,0.0,0.0,0.0,24.666666666666668,0.0,0.0,0.0,0.0,0.0,0.0,193.333,0.0,0.0,0.0,0.0,0.0,0.0,0.0,0.0,0.0,0.0,0.0,79.66666666666667,0.0,0.0,0.0,0.0,32.222,2.222,0.0,0.0,352.222,365.556,344.444,304.444,338.889,347.778,342.222,345.556,327.778,303.333,0.0,111.389,,0.8515235823313398,1.0380281636580053,394.44449999999995,0.0,3.61125,1.0545426776884748,183.33350000000002,2.0369108402791327,165.5557
malecns_all,1.0,A,0.95,8,2,156109,,0.0,,0.0,408.889,3.0,0.0,0.0,0.0,346.11109999999996,2.0,0.0,0.0,0.0,0.0,0.0,0.0,0.0,0.0,0.0,0.0,0.0,0.0,0.0,0.0,0.0,0.0,0.0,0.0,5.333333333333333,0.0,0.0,0.0,0.0,0.0,0.0,0.0,0.0,0.0,0.0,0.0,0.0,0.0,0.0,0.0,0.0,0.0,0.0,56.333333333333336,0.0,0.0,416.667,401.111,0.0,0.0,0.0,0.0,0.0,0.0,0.0,0.0,0.0,0.0,0.0,0.0,0.0,0.0,27.666666666666668,0.0,0.0,415.556,0.0,0.0,0.0,0.0,0.0,0.0,0.0,0.0,0.0,0.0,0.0,0.0,0.0,0.0,0.0,24.0,0.0,0.0,0.0,0.0,0.0,0.0,0.0,0.0,0.0,0.0,0.0,16.667,0.0,0.0,0.0,0.0,0.0,0.0,94.0,104.444,0.0,0.0,0.0,0.0,30.0,0.0,0.0,363.333,390.0,364.444,345.556,348.889,337.778,338.889,341.111,328.889,302.222,0.0,124.44425,,0.8840359191766718,1.0395478645983627,393.33349999999996,0.0,3.889,0.0,167.2225,2.1168868144077018,163.50005
malecns_all,1.0,A,0.95,6,2,156109,,0.0,,0.0,408.333,2.9000000000000004,0.0,0.0,0.0,341.33329999999995,6.333333333333333,0.0,0.0,0.0,0.0,0.0,0.0,0.0,0.0,0.0,0.0,0.0,0.0,0.0,0.0,0.0,0.0,0.0,0.0,14.0,0.0,0.0,0.0,0.0,0.0,0.0,0.0,0.0,0.0,0.0,0.0,0.0,0.0,0.0,0.0,0.0,0.0,0.0,78.0,0.0,0.0,413.333,403.333,0.0,0.0,0.0,14.444,0.0,0.0,0.0,0.0,0.0,0.0,0.0,0.0,0.0,0.0,62.0,0.0,0.0,413.333,168.889,0.0,0.0,0.0,0.0,0.0,0.0,0.0,0.0,0.0,0.0,0.0,0.0,0.0,0.0,20.666666666666668,0.0,0.0,0.0,0.0,0.0,0.0,0.0,0.0,0.0,0.0,0.0,0.0,0.0,0.0,0.0,0.0,0.0,0.0,59.0,0.0,0.0,0.0,0.0,0.0,0.0,0.0,0.0,360.0,388.889,363.333,328.889,344.444,333.333,335.556,338.889,326.667,293.333,0.0,124.44425,,0.8840359191766718,1.0381343058752943,393.33349999999996,0.0,3.889,0.0,167.2225,2.0876648049954722,163.50005
malecns_all,1.0,A,0.95,8,1,156109,,0.0,,0.0,411.667,2.965,0.0,0.0,0.0,346.3331999999999,2.0,0.0,0.0,0.0,0.0,0.0,0.0,0.0,0.0,0.0,0.0,0.0,0.0,0.0,0.0,0.0,0.0,0.0,0.0,6.0,0.0,0.0,0.0,0.0,0.0,0.0,0.0,0.0,0.0,0.0,0.0,0.0,0.0,0.0,0.0,0.0,0.0,0.0,59.666666666666664,0.0,0.0,416.667,406.667,0.0,0.0,0.0,0.0,0.0,0.0,0.0,0.0,0.0,0.0,0.0,0.0,0.0,0.0,31.0,0.0,0.0,413.333,0.0,0.0,0.0,0.0,0.0,0.0,0.0,0.0,0.0,0.0,0.0,0.0,0.0,0.0,0.0,22.333333333333332,0.0,0.0,0.0,0.0,0.0,0.0,0.0,0.0,0.0,0.0,0.0,16.667,0.0,0.0,0.0,0.0,0.0,0.0,90.66666666666667,107.778,0.0,0.0,0.0,0.0,34.444,0.0,0.0,366.667,380.0,358.889,343.333,343.333,351.111,343.333,344.444,330.0,302.222,0.0,111.389,,0.8515235823313398,1.0436626699066662,394.44449999999995,0.0,3.61125,0.0,183.33350000000002,2.0919436781699448,165.5557
malecns_all,1.0,A,0.95,9,1,156109,,0.0,,0.0,409.4445,3.0,0.0,0.0,0.0,337.11109999999996,4.0,0.0,0.0,0.0,0.0,0.0,0.0,0.0,0.0,0.0,0.0,0.0,0.0,0.0,0.0,0.0,0.0,0.0,0.0,7.0,0.0,0.0,0.0,0.0,0.0,0.0,0.0,0.0,0.0,0.0,0.0,0.0,0.0,0.0,0.0,0.0,0.0,0.0,44.666666666666664,0.0,0.0,413.333,405.556,0.0,30.0,0.0,0.0,0.0,0.0,0.0,0.0,0.0,0.0,0.0,0.0,0.0,0.0,15.0,0.0,0.0,413.333,0.0,0.0,0.0,0.0,0.0,0.0,0.0,0.0,0.0,0.0,0.0,0.0,0.0,0.0,0.0,18.0,0.0,0.0,0.0,0.0,0.0,0.0,0.0,0.0,0.0,0.0,0.0,0.0,0.0,0.0,0.0,0.0,0.0,0.0,68.66666666666667,0.0,0.0,0.0,0.0,0.0,0.0,0.0,0.0,343.333,367.778,345.556,310.0,343.333,350.0,337.778,342.222,331.111,300.0,0.0,111.389,,0.8515235823313398,1.0380281636580053,394.44449999999995,0.0,3.61125,0.0,183.33350000000002,2.0362397670391292,165.5557
malecns_all,1.0,A,0.95,9,2,156109,,0.0,,0.0,407.222,3.0,0.0,0.0,0.0,336.2223,5.0,0.0,0.0,0.0,0.0,0.0,0.0,0.0,0.0,0.0,0.0,0.0,0.0,0.0,0.0,0.0,0.0,0.0,0.0,8.333333333333334,0.0,0.0,0.0,0.0,0.0,0.0,0.0,0.0,0.0,0.0,0.0,0.0,0.0,0.0,0.0,0.0,0.0,0.0,46.666666666666664,0.0,0.0,414.444,400.0,0.0,28.889,0.0,0.0,0.0,0.0,0.0,0.0,0.0,0.0,0.0,0.0,0.0,0.0,16.0,0.0,0.0,415.556,0.0,0.0,0.0,0.0,0.0,0.0,0.0,0.0,0.0,0.0,0.0,0.0,0.0,0.0,0.0,19.666666666666668,0.0,0.0,0.0,0.0,0.0,0.0,0.0,0.0,0.0,0.0,0.0,0.0,0.0,0.0,0.0,0.0,0.0,0.0,74.0,0.0,0.0,0.0,0.0,0.0,0.0,0.0,0.0,341.111,376.667,348.889,307.778,346.667,333.333,335.556,341.111,332.222,298.889,0.0,124.44425,,0.8840359191766718,1.0353097308009616,393.33349999999996,0.0,3.889,0.0,167.2225,2.056404875717164,163.50005
