graph,w,mode,frac,mask,fly,n_removed,syn_lost,eat,bitter,bitter_left_hz,escape,escape_latency_ms,turn_away,turn_wrong_side,turn_to,head,active_eat,eat:MN9_L,eat:MN9_R,eat:DNp01_L,eat:DNp01_R,eat:DNa01_L,eat:DNa01_R,eat:DNa02_L,eat:DNa02_R,eat:DNg15_L,eat:DNg15_R,eat:DNg35_L,eat:DNg35_R,eat:DNg84_L,eat:DNg84_R,eat:DNg85_L,eat:DNg85_R,eat:DNg48_L,eat:DNg48_R,active_eat_bitter,eat_bitter:MN9_L,eat_bitter:MN9_R,eat_bitter:DNp01_L,eat_bitter:DNp01_R,eat_bitter:DNa01_L,eat_bitter:DNa01_R,eat_bitter:DNa02_L,eat_bitter:DNa02_R,eat_bitter:DNg15_L,eat_bitter:DNg15_R,eat_bitter:DNg35_L,eat_bitter:DNg35_R,eat_bitter:DNg84_L,eat_bitter:DNg84_R,eat_bitter:DNg85_L,eat_bitter:DNg85_R,eat_bitter:DNg48_L,eat_bitter:DNg48_R,active_loom,loom:MN9_L,loom:MN9_R,loom:DNp01_L,loom:DNp01_R,loom:DNa01_L,loom:DNa01_R,loom:DNa02_L,loom:DNa02_R,loom:DNg15_L,loom:DNg15_R,loom:DNg35_L,loom:DNg35_R,loom:DNg84_L,loom:DNg84_R,loom:DNg85_L,loom:DNg85_R,loom:DNg48_L,loom:DNg48_R,active_loomL,loomL:MN9_L,loomL:MN9_R,loomL:DNp01_L,loomL:DNp01_R,loomL:DNa01_L,loomL:DNa01_R,loomL:DNa02_L,loomL:DNa02_R,loomL:DNg15_L,loomL:DNg15_R,loomL:DNg35_L,loomL:DNg35_R,loomL:DNg84_L,loomL:DNg84_R,loomL:DNg85_L,loomL:DNg85_R,loomL:DNg48_L,loomL:DNg48_R,active_lc10L,lc10L:MN9_L,lc10L:MN9_R,lc10L:DNp01_L,lc10L:DNp01_R,lc10L:DNa01_L,lc10L:DNa01_R,lc10L:DNa02_L,lc10L:DNa02_R,lc10L:DNg15_L,lc10L:DNg15_R,lc10L:DNg35_L,lc10L:DNg35_R,lc10L:DNg84_L,lc10L:DNg84_R,lc10L:DNg85_L,lc10L:DNg85_R,lc10L:DNg48_L,lc10L:DNg48_R,active_head,head:MN9_L,head:MN9_R,head:DNp01_L,head:DNp01_R,head:DNa01_L,head:DNa01_R,head:DNa02_L,head:DNa02_R,head:DNg15_L,head:DNg15_R,head:DNg35_L,head:DNg35_R,head:DNg84_L,head:DNg84_R,head:DNg85_L,head:DNg85_R,head:DNg48_L,head:DNg48_R,eat_rel,eat_base,bitter_rel,bitter_base,escape_rel,escape_base,turn_away_rel,turn_away_base,turn_to_rel,turn_to_base,head_rel,head_base
malecns_ge5,1.0,A,0.0,5,2,0,,112.2225,0.9059413219274209,10.5555,406.667,3.0,3.3335,11.6665,147.778,181.88889999999998,13329.666666666666,178.889,45.556,0.0,0.0,0.0,0.0,11.111,1.111,3.333,0.0,10.0,5.556,0.0,0.0,0.0,0.0,0.0,0.0,16169.666666666666,21.111,0.0,1.111,0.0,0.0,0.0,8.889,0.0,14.444,0.0,75.556,37.778,0.0,0.0,0.0,0.0,0.0,0.0,17735.666666666668,0.0,0.0,416.667,396.667,0.0,3.333,6.667,0.0,0.0,0.0,0.0,0.0,0.0,0.0,0.0,0.0,0.0,0.0,17238.0,0.0,0.0,407.778,41.111,0.0,6.667,23.333,0.0,0.0,0.0,27.778,0.0,0.0,0.0,0.0,0.0,0.0,0.0,17034.333333333332,1.111,0.0,0.0,0.0,3.333,0.0,147.778,0.0,13.333,0.0,46.667,21.111,0.0,0.0,0.0,0.0,0.0,0.0,17960.333333333332,53.333,0.0,0.0,0.0,0.0,0.0,0.0,0.0,7.778,176.667,198.889,17.778,288.889,248.889,220.0,214.444,253.333,192.222,1.0150761041375052,110.55575,1.0041731404899867,0.9021764130091814,0.9999999999999999,406.66700000000003,1.0,3.3335,1.0390656860401344,142.222,1.0315059516535017,176.33335
malecns_ge5,1.0,A,0.0,6,1,0,,84.4445,0.8815790252769571,10.0,407.222,2.9000000000000004,2.222,15.0,153.333,173.2223,16528.666666666668,142.222,26.667,0.0,0.0,0.0,0.0,17.778,0.0,5.556,0.0,38.889,15.556,0.0,0.0,0.0,0.0,0.0,0.0,16183.0,20.0,0.0,1.111,0.0,0.0,0.0,17.778,0.0,27.778,0.0,76.667,43.333,0.0,0.0,0.0,0.0,0.0,0.0,17784.666666666668,0.0,0.0,413.333,401.111,0.0,3.333,12.222,0.0,0.0,0.0,0.0,0.0,0.0,0.0,0.0,0.0,0.0,0.0,17109.666666666668,1.111,0.0,404.444,41.111,0.0,4.444,30.0,0.0,0.0,0.0,41.111,0.0,0.0,0.0,0.0,0.0,0.0,0.0,16978.333333333332,3.333,0.0,0.0,0.0,3.333,0.0,153.333,0.0,16.667,0.0,62.222,35.556,0.0,0.0,0.0,0.0,0.0,0.0,17965.333333333332,113.333,0.0,0.0,0.0,0.0,0.0,1.111,0.0,5.556,166.667,164.444,7.778,277.778,253.333,225.556,202.222,246.667,182.222,0.7506177777777778,112.5,0.984464484601092,0.8954909385422629,1.0,407.222,0.7998560115190785,2.778,0.9787191942144804,156.667,0.9762060679288835,177.4444
malecns_ge5,1.0,A,0.0,2,2,0,,133.33350000000002,0.9374988281264649,8.3335,407.778,2.9699999999999998,3.3335,12.222,141.111,176.00009999999997,14349.0,216.667,50.0,0.0,0.0,0.0,1.111,11.111,0.0,6.667,0.0,20.0,12.222,0.0,0.0,0.0,0.0,0.0,0.0,16087.333333333334,16.667,0.0,1.111,1.111,0.0,0.0,15.556,1.111,11.111,0.0,66.667,30.0,0.0,0.0,0.0,0.0,0.0,0.0,17596.333333333332,0.0,0.0,416.667,398.889,0.0,2.222,5.556,0.0,0.0,0.0,0.0,0.0,0.0,0.0,0.0,0.0,0.0,0.0,17318.0,0.0,0.0,406.667,43.333,0.0,6.667,24.444,0.0,0.0,0.0,23.333,0.0,0.0,0.0,0.0,0.0,0.0,0.0,16803.333333333332,0.0,0.0,0.0,0.0,3.333,0.0,141.111,0.0,14.444,0.0,66.667,27.778,0.0,0.0,0.0,0.0,0.0,0.0,18073.333333333332,117.778,0.0,0.0,0.0,0.0,0.0,0.0,0.0,7.778,174.444,181.111,15.556,285.556,237.778,216.667,204.444,251.111,185.556,1.20602953713398,110.55575,1.039152448022296,0.9021764130091814,1.0027319649737991,406.66700000000003,1.0,3.3335,0.9921882690441702,142.222,0.9981101136001782,176.33335
malecns_ge5,1.0,A,0.0,1,2,0,,97.7775,0.9034082483188872,9.4445,406.667,3.0,3.889,14.4445,138.889,181.66680000000002,16385.333333333332,161.111,34.444,0.0,0.0,0.0,0.0,11.111,1.111,5.556,0.0,22.222,12.222,0.0,0.0,0.0,0.0,0.0,0.0,16262.333333333334,18.889,0.0,0.0,0.0,0.0,0.0,7.778,0.0,22.222,0.0,71.111,35.556,0.0,0.0,0.0,0.0,0.0,0.0,17748.0,0.0,0.0,416.667,396.667,0.0,2.222,17.778,0.0,0.0,0.0,0.0,0.0,0.0,0.0,0.0,0.0,0.0,0.0,17253.0,0.0,0.0,405.556,46.667,0.0,7.778,28.889,0.0,0.0,0.0,32.222,0.0,0.0,0.0,0.0,0.0,0.0,0.0,17075.0,1.111,0.0,0.0,0.0,3.333,0.0,138.889,0.0,12.222,0.0,63.333,26.667,0.0,0.0,0.0,0.0,0.0,0.0,18334.666666666668,54.444,0.0,0.0,0.0,0.0,0.0,1.111,0.0,8.889,180.0,195.556,15.556,288.889,247.778,224.444,214.444,255.556,185.556,0.8844180424808298,110.55575,1.00136540402957,0.9021764130091814,0.9999999999999999,406.66700000000003,1.166641667916604,3.3335,0.9765648071325111,142.222,1.030246405458752,176.33335
malecns_ge5,1.0,A,0.0,3,2,0,,108.88900000000001,0.9081633590169806,10.0,409.4445,2.965,3.889,15.5555,152.222,171.4445,16401.0,178.889,38.889,0.0,0.0,0.0,0.0,12.222,0.0,13.333,0.0,28.889,20.0,0.0,0.0,0.0,0.0,0.0,0.0,16160.0,20.0,0.0,0.0,0.0,0.0,0.0,13.333,0.0,10.0,0.0,65.556,33.333,0.0,0.0,0.0,0.0,0.0,0.0,17818.0,0.0,0.0,418.889,400.0,0.0,2.222,7.778,0.0,0.0,0.0,0.0,0.0,0.0,0.0,0.0,0.0,0.0,0.0,17158.333333333332,0.0,0.0,408.889,47.778,0.0,7.778,31.111,0.0,0.0,0.0,26.667,0.0,0.0,0.0,0.0,0.0,0.0,0.0,16960.0,0.0,0.0,0.0,0.0,3.333,0.0,152.222,0.0,14.444,0.0,55.556,25.556,0.0,0.0,0.0,0.0,0.0,0.0,18115.333333333332,172.222,0.0,0.0,0.0,0.0,0.0,0.0,0.0,8.889,168.889,171.111,10.0,286.667,241.111,207.778,191.111,246.667,182.222,0.9849238958624947,110.55575,1.0066361145353269,0.9021764130091814,1.006829912434498,406.66700000000003,1.166641667916604,3.3335,1.070312609863453,142.222,0.9722749553615354,176.33335
malecns_ge5,1.0,A,0.0,5,1,0,,122.7775,0.9185518519272668,10.0,406.6665,3.0300000000000002,2.778,17.778,165.556,177.9998,13465.666666666666,202.222,43.333,0.0,0.0,0.0,0.0,16.667,2.222,1.111,0.0,16.667,8.889,0.0,0.0,0.0,0.0,0.0,0.0,16125.333333333334,20.0,0.0,0.0,0.0,0.0,0.0,23.333,1.111,18.889,0.0,61.111,32.222,0.0,0.0,0.0,0.0,0.0,0.0,17658.0,0.0,0.0,412.222,401.111,0.0,2.222,13.333,0.0,0.0,0.0,0.0,0.0,0.0,0.0,0.0,0.0,0.0,0.0,17138.666666666668,1.111,0.0,404.444,45.556,0.0,5.556,35.556,0.0,0.0,0.0,35.556,0.0,0.0,0.0,0.0,0.0,0.0,0.0,17014.333333333332,1.111,0.0,0.0,0.0,3.333,0.0,165.556,0.0,13.333,0.0,58.889,30.0,0.0,0.0,0.0,0.0,0.0,0.0,17853.666666666668,114.444,0.0,0.0,0.0,0.0,0.0,3.333,0.0,6.667,162.222,181.111,13.333,283.333,252.222,232.222,203.333,251.111,194.444,1.0913555555555556,112.5,1.0257522576638731,0.8954909385422629,0.9986358792010255,407.222,1.0,2.778,1.0567381771528146,156.667,1.0031299945222278,177.4444
malecns_ge5,1.0,A,0.0,0,2,0,,113.8885,0.6439017108838908,40.5555,406.66700000000003,2.9699999999999998,2.778,14.4445,138.889,174.44439999999997,16349.333333333334,184.444,43.333,0.0,0.0,0.0,0.0,18.889,0.0,7.778,0.0,18.889,11.111,0.0,0.0,0.0,0.0,0.0,0.0,16266.666666666666,81.111,0.0,0.0,0.0,0.0,0.0,14.444,0.0,8.889,0.0,46.667,17.778,0.0,0.0,0.0,0.0,0.0,0.0,17708.666666666668,0.0,0.0,415.556,397.778,0.0,2.222,5.556,0.0,0.0,0.0,0.0,0.0,0.0,0.0,0.0,0.0,0.0,0.0,17402.333333333332,0.0,0.0,406.667,41.111,0.0,5.556,28.889,0.0,0.0,0.0,28.889,0.0,0.0,0.0,0.0,0.0,0.0,0.0,16826.0,1.111,0.0,0.0,0.0,3.333,0.0,138.889,0.0,16.667,0.0,62.222,32.222,0.0,0.0,0.0,0.0,0.0,0.0,18094.333333333332,111.111,0.0,0.0,0.0,0.0,0.0,0.0,0.0,7.778,166.667,183.333,10.0,290.0,244.444,214.444,204.444,246.667,176.667,1.030145424367344,110.55575,0.7137204005768414,0.9021764130091814,1.0,406.66700000000003,0.8333583320833958,3.3335,0.9765648071325111,142.222,0.9892876191599602,176.33335
malecns_ge5,1.0,A,0.0,0,1,0,,118.333,0.9248814785393762,8.889,407.222,3.0,2.222,18.889,155.556,176.889,13531.666666666666,194.444,42.222,0.0,0.0,0.0,0.0,6.667,0.0,2.222,0.0,8.889,10.0,0.0,0.0,0.0,0.0,0.0,0.0,16182.0,17.778,0.0,0.0,0.0,0.0,0.0,16.667,1.111,22.222,0.0,73.333,42.222,0.0,0.0,0.0,0.0,0.0,0.0,17775.666666666668,0.0,0.0,413.333,401.111,1.111,2.222,15.556,0.0,0.0,0.0,0.0,0.0,0.0,0.0,0.0,0.0,0.0,0.0,17219.666666666668,0.0,0.0,404.444,43.333,0.0,4.444,37.778,0.0,0.0,0.0,43.333,0.0,0.0,0.0,0.0,0.0,0.0,0.0,17152.666666666668,0.0,0.0,0.0,0.0,3.333,0.0,155.556,0.0,23.333,0.0,64.444,43.333,0.0,0.0,0.0,0.0,0.0,0.0,17825.333333333332,114.444,0.0,0.0,0.0,0.0,0.0,0.0,0.0,7.778,170.0,186.667,13.333,286.667,263.333,216.667,201.111,247.778,175.556,1.0518488888888888,112.5,1.0328205889441573,0.8954909385422629,1.0,407.222,0.7998560115190785,2.778,0.9929085257265411,156.667,0.9968700054777723,177.4444
malecns_ge5,1.0,A,0.0,3,1,0,,96.6665,0.8908049841465244,10.5555,405.5555,3.065,2.778,17.778,160.0,175.8889,16506.333333333332,164.444,28.889,0.0,0.0,0.0,0.0,20.0,1.111,6.667,0.0,35.556,21.111,0.0,0.0,0.0,0.0,0.0,0.0,16072.0,21.111,0.0,1.111,0.0,0.0,0.0,16.667,1.111,23.333,0.0,71.111,42.222,0.0,0.0,0.0,0.0,0.0,0.0,17623.0,0.0,0.0,412.222,398.889,1.111,3.333,16.667,0.0,0.0,0.0,0.0,0.0,0.0,0.0,0.0,0.0,0.0,0.0,17189.0,0.0,0.0,403.333,47.778,0.0,5.556,35.556,0.0,0.0,0.0,44.444,0.0,0.0,0.0,0.0,0.0,0.0,0.0,16964.0,0.0,0.0,0.0,0.0,3.333,0.0,160.0,0.0,13.333,0.0,66.667,35.556,0.0,0.0,0.0,0.0,0.0,0.0,18269.0,113.333,0.0,0.0,0.0,0.0,0.0,0.0,0.0,6.667,167.778,175.556,11.111,284.444,261.111,221.111,196.667,252.222,182.222,0.8592577777777778,112.5,0.9947671671548496,0.8954909385422629,0.9959076376030765,407.222,1.0,2.778,1.021274422820377,156.667,0.9912338738218845,177.4444
malecns_ge5,1.0,A,0.0,4,1,0,,114.4445,0.8932058770845257,12.222,405.5555,2.9000000000000004,1.6665,15.5555,157.778,180.8889,13643.0,188.889,40.0,0.0,0.0,0.0,0.0,12.222,0.0,8.889,0.0,18.889,17.778,0.0,0.0,0.0,0.0,0.0,0.0,16093.333333333334,24.444,0.0,2.222,0.0,0.0,0.0,15.556,1.111,26.667,0.0,72.222,47.778,0.0,0.0,0.0,0.0,0.0,0.0,17739.666666666668,0.0,0.0,410.0,401.111,1.111,2.222,20.0,0.0,0.0,0.0,0.0,0.0,0.0,0.0,0.0,0.0,0.0,0.0,17081.0,0.0,0.0,403.333,45.556,0.0,3.333,31.111,0.0,0.0,0.0,34.444,0.0,0.0,0.0,0.0,0.0,0.0,0.0,17035.666666666668,1.111,0.0,0.0,0.0,3.333,0.0,157.778,0.0,22.222,0.0,67.778,45.556,0.0,0.0,0.0,0.0,0.0,0.0,17916.666666666668,54.444,0.0,0.0,0.0,0.0,0.0,0.0,0.0,7.778,172.222,187.778,14.444,283.333,251.111,228.889,217.778,255.556,190.0,1.0172844444444444,112.5,0.9974482584251975,0.8954909385422629,0.9959076376030765,407.222,0.5998920086393089,2.778,1.007091474273459,156.667,1.0194117143172734,177.4444
malecns_ge5,1.0,A,0.0,1,1,0,,110.5555,0.9095476932400468,10.0,407.222,3.035,4.4445,16.111,161.111,180.11100000000002,16157.0,184.444,36.667,0.0,0.0,0.0,0.0,14.444,2.222,6.667,0.0,25.556,21.111,0.0,0.0,0.0,0.0,0.0,0.0,16171.0,20.0,0.0,1.111,0.0,0.0,0.0,13.333,1.111,24.444,0.0,72.222,36.667,0.0,0.0,0.0,0.0,0.0,0.0,17775.0,0.0,0.0,413.333,401.111,1.111,1.111,16.667,0.0,0.0,0.0,0.0,0.0,0.0,0.0,0.0,0.0,0.0,0.0,17188.333333333332,0.0,0.0,404.444,46.667,0.0,8.889,32.222,0.0,0.0,0.0,40.0,0.0,0.0,0.0,0.0,0.0,0.0,0.0,17064.333333333332,4.444,1.111,0.0,0.0,3.333,0.0,161.111,0.0,20.0,0.0,63.333,38.889,0.0,0.0,0.0,0.0,0.0,0.0,18338.666666666668,57.778,0.0,0.0,0.0,0.0,0.0,1.111,0.0,6.667,162.222,181.111,13.333,281.111,262.222,234.444,216.667,254.444,188.889,0.9827155555555556,112.5,1.0156972606787806,0.8954909385422629,1.0,407.222,1.5998920086393087,2.778,1.0283658970938359,156.667,1.015027805893001,177.4444
malecns_ge5,1.0,A,0.0,4,2,0,,106.111,0.8743438474804686,13.3335,406.66700000000003,3.0300000000000002,2.222,14.4445,137.778,174.111,16349.0,173.333,38.889,0.0,0.0,0.0,0.0,20.0,2.222,16.667,0.0,31.111,23.333,0.0,0.0,0.0,0.0,0.0,0.0,16147.0,26.667,0.0,1.111,1.111,0.0,0.0,12.222,0.0,12.222,0.0,67.778,36.667,0.0,0.0,0.0,0.0,0.0,0.0,17673.666666666668,0.0,0.0,415.556,397.778,0.0,3.333,16.667,0.0,0.0,0.0,0.0,0.0,0.0,0.0,0.0,0.0,0.0,0.0,17209.333333333332,0.0,0.0,407.778,45.556,0.0,4.444,28.889,0.0,0.0,0.0,31.111,0.0,0.0,0.0,0.0,0.0,0.0,0.0,16993.333333333332,2.222,0.0,0.0,0.0,3.333,0.0,137.778,0.0,10.0,0.0,53.333,31.111,0.0,0.0,0.0,0.0,0.0,0.0,18097.666666666668,53.333,0.0,0.0,0.0,0.0,0.0,1.111,0.0,6.667,158.889,182.222,12.222,283.333,241.111,212.222,212.222,250.0,182.222,0.9597963018658008,110.55575,0.9691495309261321,0.9021764130091814,1.0,406.66700000000003,0.6665666716664167,3.3335,0.9687530761766814,142.222,0.9873968820985933,176.33335
malecns_ge5,1.0,A,0.0,6,2,0,,101.66650000000001,0.8251341395641633,17.778,408.33349999999996,2.9000000000000004,3.3335,10.0,150.0,172.00010000000003,16433.333333333332,168.889,34.444,0.0,0.0,0.0,1.111,13.333,1.111,14.444,0.0,34.444,24.444,0.0,0.0,0.0,0.0,0.0,0.0,16222.0,35.556,0.0,1.111,0.0,0.0,0.0,12.222,0.0,11.111,0.0,66.667,34.444,0.0,0.0,0.0,0.0,0.0,0.0,17807.666666666668,0.0,0.0,416.667,400.0,0.0,2.222,17.778,0.0,0.0,0.0,0.0,0.0,0.0,0.0,0.0,0.0,0.0,0.0,17135.333333333332,0.0,0.0,405.556,45.556,0.0,6.667,20.0,0.0,0.0,0.0,20.0,0.0,0.0,0.0,0.0,0.0,0.0,0.0,16987.0,1.111,0.0,0.0,0.0,3.333,0.0,150.0,0.0,17.778,0.0,71.111,33.333,0.0,0.0,0.0,0.0,0.0,0.0,18071.333333333332,168.889,0.0,0.0,0.0,0.0,0.0,1.111,0.0,6.667,175.556,167.778,10.0,288.889,246.667,213.333,184.444,245.556,181.111,0.9195948650341571,110.55575,0.9146039817334106,0.9021764130091814,1.0040979474606986,406.66700000000003,1.0,3.3335,1.0546891479517937,142.222,0.9754258057253494,176.33335
malecns_ge5,1.0,A,0.0,2,1,0,,125.0,0.897776,12.778,406.111,2.9699999999999998,2.222,16.111,154.444,179.1112,13463.666666666666,207.778,42.222,0.0,0.0,0.0,0.0,18.889,0.0,3.333,0.0,15.556,10.0,0.0,0.0,0.0,0.0,0.0,0.0,16044.666666666666,25.556,0.0,0.0,0.0,0.0,0.0,15.556,0.0,13.333,0.0,65.556,37.778,0.0,0.0,0.0,0.0,0.0,0.0,17589.0,0.0,0.0,412.222,400.0,0.0,1.111,11.111,0.0,0.0,0.0,0.0,0.0,0.0,0.0,0.0,0.0,0.0,0.0,17137.666666666668,0.0,0.0,405.556,46.667,0.0,4.444,32.222,0.0,0.0,0.0,37.778,0.0,0.0,0.0,0.0,0.0,0.0,0.0,16969.333333333332,0.0,0.0,0.0,0.0,3.333,0.0,154.444,0.0,22.222,0.0,71.111,40.0,0.0,0.0,0.0,0.0,0.0,0.0,18119.666666666668,55.556,0.0,0.0,0.0,0.0,0.0,0.0,0.0,7.778,166.667,184.444,15.556,286.667,261.111,224.444,207.778,250.0,186.667,1.1111111111111112,112.5,1.0025517415748024,0.8954909385422629,0.997271758402051,407.222,0.7998560115190785,2.778,0.9858106684879393,156.667,1.0093933649075428,177.4444
malecns_ge5,1.0,A,0.01,0,2,1643,,140.5555,0.9169972003941503,11.6665,413.8885,2.9699999999999998,3.8890000000000002,11.111,143.333,172.0,7620.0,221.111,60.0,0.0,0.0,0.0,0.0,3.333,5.556,0.0,0.0,0.0,0.0,0.0,0.0,0.0,0.0,0.0,0.0,10558.0,23.333,0.0,0.0,0.0,0.0,0.0,5.556,3.333,0.0,0.0,14.444,0.0,0.0,0.0,0.0,0.0,0.0,0.0,12011.333333333334,0.0,0.0,423.333,404.444,0.0,2.222,3.333,8.889,0.0,0.0,0.0,0.0,0.0,0.0,0.0,0.0,0.0,0.0,17016.0,0.0,0.0,408.889,34.444,0.0,5.556,22.222,2.222,0.0,0.0,23.333,0.0,0.0,0.0,0.0,0.0,0.0,0.0,8740.666666666666,1.111,0.0,0.0,0.0,4.444,0.0,143.333,0.0,0.0,0.0,2.222,0.0,0.0,0.0,0.0,0.0,0.0,0.0,17808.666666666668,111.111,0.0,0.0,0.0,0.0,0.0,0.0,0.0,6.667,160.0,157.778,8.889,293.333,250.0,213.333,203.333,246.667,180.0,1.2713540453572065,110.55575,1.0164278151936323,0.9021764130091814,1.0177577723296949,406.66700000000003,1.1666416679166043,3.3335,1.0078117309558297,142.222,0.9754252386176523,176.33335
malecns_ge5,1.0,A,0.01,0,1,1643,,112.2225,0.772278286439885,25.5555,411.1115,3.0,2.222,11.111,157.778,172.88889999999998,7646.333333333333,178.889,45.556,0.0,0.0,0.0,0.0,5.556,6.667,0.0,0.0,0.0,1.111,0.0,0.0,0.0,0.0,0.0,0.0,10584.666666666666,51.111,0.0,0.0,0.0,0.0,0.0,12.222,1.111,0.0,0.0,10.0,0.0,0.0,0.0,0.0,0.0,0.0,0.0,14629.333333333334,0.0,0.0,416.667,405.556,1.111,2.222,6.667,1.111,0.0,0.0,0.0,0.0,0.0,0.0,0.0,0.0,0.0,0.0,16922.0,0.0,0.0,405.556,47.778,0.0,4.444,22.222,0.0,0.0,0.0,28.889,0.0,0.0,0.0,0.0,0.0,0.0,0.0,8715.0,7.778,1.111,0.0,0.0,3.333,0.0,157.778,0.0,0.0,0.0,1.111,0.0,0.0,0.0,0.0,0.0,0.0,0.0,17703.0,107.778,0.0,0.0,0.0,0.0,0.0,0.0,0.0,7.778,168.889,164.444,10.0,283.333,262.222,215.556,192.222,246.667,177.778,0.9975333333333333,112.5,0.8624077064331312,0.8954909385422629,1.0095513012558262,407.222,0.7998560115190785,2.778,1.007091474273459,156.667,0.9743271695246509,177.4444
malecns_ge5,1.0,A,0.0,8,1,0,,130.5555,0.910639536442356,11.6665,408.8885,2.965,3.889,20.0,140.0,185.11099999999996,10560.333333333334,212.222,48.889,0.0,0.0,0.0,0.0,8.889,2.222,2.222,0.0,6.667,8.889,0.0,0.0,0.0,0.0,0.0,0.0,16187.333333333334,23.333,0.0,0.0,0.0,0.0,0.0,16.667,0.0,15.556,0.0,72.222,40.0,0.0,0.0,0.0,0.0,0.0,0.0,17730.666666666668,0.0,0.0,413.333,404.444,0.0,2.222,11.111,0.0,0.0,0.0,0.0,0.0,0.0,0.0,0.0,0.0,0.0,0.0,17115.666666666668,0.0,0.0,402.222,42.222,0.0,7.778,40.0,0.0,0.0,0.0,32.222,0.0,0.0,0.0,0.0,0.0,0.0,0.0,16842.333333333332,1.111,0.0,0.0,0.0,5.556,0.0,140.0,0.0,20.0,0.0,58.889,44.444,0.0,0.0,0.0,0.0,0.0,0.0,17918.0,57.778,0.0,0.0,0.0,0.0,0.0,0.0,0.0,14.444,188.889,190.0,20.0,278.889,258.889,234.444,224.444,251.111,190.0,1.1604933333333334,112.5,1.0169165284070354,0.8954909385422629,1.0040923623969236,407.222,1.3999280057595391,2.778,0.8936151199678298,156.667,1.0432056463883896,177.4444
malecns_ge5,1.0,A,0.01,1,1,1643,,125.55600000000001,0.8761070757271656,15.5555,407.222,3.035,4.4445,8.3335,164.444,167.66680000000002,13085.0,205.556,45.556,0.0,0.0,0.0,0.0,14.444,2.222,5.556,0.0,22.222,23.333,0.0,0.0,0.0,0.0,0.0,0.0,15790.333333333334,31.111,0.0,1.111,0.0,0.0,0.0,12.222,0.0,3.333,0.0,78.889,52.222,0.0,0.0,0.0,0.0,0.0,0.0,17403.333333333332,0.0,0.0,413.333,401.111,1.111,1.111,24.444,0.0,0.0,0.0,0.0,0.0,0.0,0.0,0.0,0.0,0.0,0.0,13576.333333333334,0.0,0.0,408.889,62.222,0.0,8.889,16.667,0.0,0.0,0.0,35.556,0.0,0.0,0.0,0.0,0.0,0.0,0.0,16596.333333333332,0.0,0.0,0.0,0.0,3.333,0.0,164.444,3.333,1.111,0.0,66.667,47.778,0.0,0.0,0.0,0.0,0.0,0.0,17843.333333333332,55.556,0.0,0.0,0.0,0.0,0.0,1.111,0.0,6.667,110.0,161.111,8.889,278.889,256.667,225.556,211.111,247.778,170.0,1.1160533333333333,112.5,0.9783539263427371,0.8954909385422629,1.0,407.222,1.5998920086393087,2.778,1.0496403199142128,156.667,0.9448976693544571,177.4444
malecns_ge5,1.0,A,0.01,1,2,1643,,112.778,0.9162558300377733,9.4445,406.66700000000003,3.0,4.4445,10.5555,152.222,165.66649999999998,13226.0,185.556,40.0,0.0,0.0,0.0,0.0,7.778,0.0,3.333,0.0,20.0,18.889,0.0,0.0,0.0,0.0,0.0,0.0,15868.333333333334,18.889,0.0,0.0,0.0,0.0,0.0,11.111,0.0,6.667,0.0,78.889,54.444,0.0,0.0,0.0,0.0,0.0,0.0,17375.333333333332,0.0,0.0,415.556,397.778,0.0,2.222,15.556,0.0,0.0,0.0,3.333,0.0,0.0,0.0,0.0,0.0,0.0,0.0,16758.666666666668,0.0,0.0,405.556,42.222,0.0,8.889,21.111,0.0,0.0,0.0,46.667,1.111,0.0,0.0,0.0,0.0,0.0,0.0,16406.666666666668,0.0,0.0,0.0,0.0,3.333,0.0,152.222,4.444,5.556,0.0,82.222,55.556,0.0,0.0,0.0,0.0,0.0,0.0,17650.333333333332,50.0,0.0,0.0,0.0,0.0,0.0,1.111,0.0,7.778,121.111,162.222,11.111,282.222,243.333,221.111,202.222,242.222,163.333,1.020100718415822,110.55575,1.0156060575576682,0.9021764130091814,1.0,406.66700000000003,1.3332833358332083,3.3335,1.070312609863453,142.222,0.9395074726363447,176.33335
malecns_ge5,1.0,A,0.0,9,1,0,,98.333,0.8926555683239604,10.5555,407.77750000000003,3.0,3.3335,18.3335,155.556,172.33319999999998,16421.333333333332,163.333,33.333,0.0,0.0,0.0,0.0,13.333,1.111,5.556,0.0,28.889,18.889,0.0,0.0,0.0,0.0,0.0,0.0,16200.0,21.111,0.0,0.0,0.0,0.0,0.0,14.444,0.0,14.444,0.0,72.222,40.0,0.0,0.0,0.0,0.0,0.0,0.0,17697.666666666668,0.0,0.0,413.333,402.222,0.0,2.222,13.333,0.0,0.0,0.0,0.0,0.0,0.0,0.0,0.0,0.0,0.0,0.0,17143.0,0.0,0.0,404.444,50.0,0.0,6.667,36.667,0.0,0.0,0.0,36.667,0.0,0.0,0.0,0.0,0.0,0.0,0.0,17000.333333333332,1.111,0.0,0.0,0.0,4.444,0.0,155.556,0.0,17.778,0.0,60.0,33.333,0.0,0.0,0.0,0.0,0.0,0.0,18207.666666666668,167.778,0.0,0.0,0.0,0.0,0.0,2.222,0.0,8.889,163.333,162.222,12.222,280.0,262.222,207.778,202.222,244.444,180.0,0.8740711111111111,112.5,0.9968337253943428,0.8954909385422629,1.0013641207989747,407.222,1.1999640028797696,2.778,0.9929085257265411,156.667,0.9711954843319934,177.4444
malecns_ge5,1.0,A,0.0,7,2,0,,117.7775,0.9009445776994757,11.6665,406.66700000000003,3.135,2.778,12.778,142.222,176.66660000000002,16384.0,191.111,44.444,0.0,0.0,0.0,0.0,14.444,0.0,3.333,0.0,27.778,13.333,0.0,0.0,0.0,0.0,0.0,0.0,16043.666666666666,23.333,0.0,0.0,1.111,0.0,0.0,13.333,0.0,14.444,0.0,68.889,36.667,0.0,0.0,0.0,0.0,0.0,0.0,17805.666666666668,0.0,0.0,415.556,397.778,0.0,0.0,7.778,0.0,0.0,0.0,0.0,0.0,0.0,0.0,0.0,0.0,0.0,0.0,17179.333333333332,0.0,0.0,406.667,42.222,0.0,5.556,25.556,0.0,0.0,0.0,31.111,0.0,0.0,0.0,0.0,0.0,0.0,0.0,17004.666666666668,1.111,0.0,0.0,0.0,3.333,0.0,142.222,0.0,16.667,0.0,62.222,28.889,0.0,0.0,0.0,0.0,0.0,0.0,18131.0,114.444,0.0,0.0,0.0,0.0,0.0,1.111,0.0,8.889,175.556,178.889,13.333,284.444,254.444,221.111,204.444,247.778,177.778,1.0653222469206713,110.55575,0.99863459597043,0.9021764130091814,1.0,406.66700000000003,0.8333583320833958,3.3335,1.0,142.222,1.0018898863998218,176.33335
malecns_ge5,1.0,A,0.0,7,1,0,,92.7775,0.8682654738487241,12.222,407.77750000000003,3.0,2.778,16.6665,165.556,173.7778,16399.333333333332,153.333,32.222,0.0,0.0,0.0,0.0,13.333,2.222,8.889,0.0,26.667,16.667,0.0,0.0,0.0,0.0,0.0,0.0,16248.0,24.444,0.0,0.0,1.111,0.0,0.0,16.667,0.0,18.889,0.0,67.778,35.556,0.0,0.0,0.0,0.0,0.0,0.0,17696.666666666668,0.0,0.0,413.333,402.222,0.0,3.333,12.222,0.0,0.0,0.0,0.0,0.0,0.0,0.0,0.0,0.0,0.0,0.0,17120.0,0.0,0.0,405.556,51.111,0.0,5.556,33.333,0.0,0.0,0.0,42.222,0.0,0.0,0.0,0.0,0.0,0.0,0.0,17038.666666666668,1.111,0.0,0.0,0.0,3.333,0.0,165.556,0.0,20.0,0.0,64.444,37.778,0.0,0.0,0.0,0.0,0.0,0.0,17917.0,107.778,0.0,0.0,0.0,0.0,0.0,2.222,0.0,8.889,160.0,180.0,10.0,276.667,253.333,221.111,205.556,240.0,182.222,0.8246888888888889,112.5,0.9695971633863117,0.8954909385422629,1.0013641207989747,407.222,1.0,2.778,1.0567381771528146,156.667,0.9793366260079214,177.4444
malecns_ge5,1.0,A,0.0,9,2,0,,103.889,0.8663092338938675,13.889,408.33349999999996,3.0,3.3335,13.889,142.222,179.55569999999997,16350.333333333334,171.111,36.667,0.0,0.0,0.0,0.0,18.889,0.0,11.111,0.0,22.222,13.333,0.0,0.0,0.0,0.0,0.0,0.0,16162.333333333334,27.778,0.0,0.0,0.0,0.0,0.0,17.778,0.0,12.222,0.0,70.0,33.333,0.0,0.0,0.0,0.0,0.0,0.0,17617.333333333332,0.0,0.0,415.556,401.111,0.0,3.333,10.0,0.0,0.0,0.0,0.0,0.0,0.0,0.0,0.0,0.0,0.0,0.0,17251.333333333332,0.0,0.0,407.778,43.333,0.0,6.667,27.778,0.0,0.0,0.0,31.111,0.0,0.0,0.0,0.0,0.0,0.0,0.0,16942.666666666668,0.0,0.0,0.0,0.0,3.333,0.0,142.222,0.0,15.556,0.0,67.778,28.889,0.0,0.0,0.0,0.0,0.0,0.0,18042.0,57.778,0.0,0.0,0.0,0.0,0.0,1.111,0.0,8.889,178.889,185.556,20.0,285.556,244.444,220.0,208.889,256.667,186.667,0.9396978447525343,110.55575,0.9602437188579559,0.9021764130091814,1.0040979474606986,406.66700000000003,1.0,3.3335,1.0,142.222,1.0182741948701137,176.33335
malecns_ge5,1.0,A,0.01,2,1,1643,,125.55550000000001,0.9115052705775534,11.111,409.444,2.9699999999999998,3.3335,10.5555,166.667,182.3331,15960.333333333334,208.889,42.222,0.0,0.0,0.0,0.0,31.111,0.0,17.778,0.0,37.778,4.444,0.0,0.0,0.0,0.0,0.0,0.0,15830.333333333334,22.222,0.0,0.0,0.0,0.0,0.0,24.444,0.0,16.667,0.0,91.111,1.111,0.0,0.0,0.0,0.0,0.0,0.0,17109.333333333332,0.0,0.0,414.444,404.444,2.222,1.111,18.889,0.0,0.0,0.0,4.444,0.0,0.0,0.0,0.0,0.0,0.0,0.0,16465.333333333332,0.0,0.0,411.111,54.444,0.0,6.667,21.111,0.0,0.0,0.0,28.889,0.0,0.0,0.0,0.0,0.0,0.0,0.0,16644.666666666668,10.0,0.0,0.0,0.0,3.333,0.0,166.667,0.0,30.0,0.0,100.0,7.778,0.0,0.0,0.0,0.0,0.0,0.0,17924.666666666668,85.556,0.0,0.0,0.0,0.0,0.0,2.222,0.0,8.889,153.333,194.444,51.111,290.0,273.333,221.111,204.444,254.444,172.222,1.1160488888888889,112.5,1.0178832988096558,0.8954909385422629,1.005456483195898,407.222,1.1999640028797696,2.778,1.0638296514262735,156.667,1.0275506017659617,177.4444
malecns_ge5,1.0,A,0.0,8,2,0,,115.0,0.9130434782608696,10.0,406.66650000000004,3.0,3.889,11.6665,144.444,182.44439999999997,16479.0,188.889,41.111,0.0,0.0,0.0,0.0,15.556,3.333,12.222,0.0,31.111,25.556,0.0,0.0,0.0,0.0,0.0,0.0,16070.0,20.0,0.0,0.0,1.111,0.0,0.0,6.667,1.111,15.556,0.0,73.333,40.0,0.0,0.0,0.0,0.0,0.0,0.0,17716.666666666668,0.0,0.0,414.444,398.889,0.0,3.333,16.667,0.0,0.0,0.0,0.0,0.0,0.0,0.0,0.0,0.0,0.0,0.0,17323.666666666668,0.0,0.0,406.667,42.222,0.0,7.778,23.333,0.0,0.0,0.0,32.222,0.0,0.0,0.0,0.0,0.0,0.0,0.0,17104.666666666668,2.222,0.0,0.0,0.0,3.333,0.0,144.444,0.0,13.333,0.0,71.111,33.333,0.0,0.0,0.0,0.0,0.0,0.0,18362.333333333332,53.333,0.0,0.0,0.0,0.0,0.0,1.111,0.0,10.0,184.444,181.111,24.444,286.667,247.778,230.0,213.333,248.889,197.778,1.0401991755290882,110.55575,1.0120453883464338,0.9021764130091814,0.999998770492811,406.66700000000003,1.166641667916604,3.3335,1.015623461911659,142.222,1.0346562349096184,176.33335
malecns_ge5,1.0,A,0.01,3,1,1643,,116.1115,0.8947391085293016,12.222,407.77750000000003,3.065,2.222,13.3335,157.778,174.33339999999998,16148.666666666666,195.556,36.667,0.0,0.0,0.0,0.0,15.556,2.222,4.444,0.0,18.889,11.111,0.0,0.0,0.0,0.0,0.0,0.0,15784.666666666666,24.444,0.0,1.111,0.0,0.0,0.0,26.667,0.0,3.333,0.0,62.222,18.889,0.0,0.0,0.0,0.0,0.0,0.0,17403.0,0.0,0.0,413.333,402.222,1.111,3.333,15.556,0.0,0.0,0.0,0.0,0.0,0.0,0.0,0.0,0.0,0.0,0.0,16964.333333333332,2.222,0.0,405.556,46.667,0.0,4.444,26.667,0.0,0.0,0.0,14.444,0.0,0.0,0.0,0.0,0.0,0.0,0.0,16684.666666666668,4.444,0.0,0.0,0.0,7.778,0.0,157.778,0.0,6.667,0.0,53.333,27.778,0.0,0.0,0.0,0.0,0.0,0.0,17764.666666666668,86.667,0.0,0.0,0.0,0.0,0.0,0.0,0.0,6.667,148.889,184.444,8.889,286.667,257.778,218.889,204.444,250.0,176.667,1.0321022222222223,112.5,0.9991604270008748,0.8954909385422629,1.0013641207989747,407.222,0.7998560115190785,2.778,1.007091474273459,156.667,0.9824677476437689,177.4444
malecns_ge5,1.0,A,0.01,2,2,1643,,127.77799999999999,0.9521748657828422,6.111,409.4445,2.9699999999999998,3.3335,13.889,158.889,179.0001,16170.333333333334,210.0,45.556,0.0,0.0,0.0,1.111,30.0,0.0,23.333,0.0,43.333,7.778,0.0,0.0,0.0,0.0,0.0,0.0,15870.333333333334,12.222,0.0,0.0,0.0,0.0,0.0,21.111,1.111,18.889,0.0,94.444,1.111,0.0,0.0,0.0,0.0,0.0,0.0,17160.333333333332,0.0,0.0,417.778,401.111,0.0,2.222,8.889,0.0,0.0,0.0,0.0,0.0,0.0,0.0,0.0,0.0,0.0,0.0,16881.0,0.0,0.0,407.778,45.556,0.0,6.667,27.778,0.0,0.0,0.0,23.333,0.0,0.0,0.0,0.0,0.0,0.0,0.0,16575.333333333332,0.0,0.0,0.0,0.0,3.333,0.0,158.889,0.0,25.556,0.0,95.556,6.667,0.0,0.0,0.0,0.0,0.0,0.0,17812.666666666668,134.444,0.0,0.0,0.0,0.0,0.0,0.0,0.0,7.778,155.556,196.667,53.333,287.778,253.333,206.667,201.111,250.0,177.778,1.155778871745703,110.55575,1.0554198181782346,0.9021764130091814,1.006829912434498,406.66700000000003,1.0,3.3335,1.117190026859417,142.222,1.0151233445063002,176.33335
malecns_ge5,1.0,A,0.01,3,2,1643,,122.222,0.904546644630263,11.6665,410.5555,2.965,2.778,7.778,158.889,171.7778,16196.333333333334,203.333,41.111,0.0,0.0,0.0,0.0,13.333,0.0,3.333,0.0,23.333,14.444,0.0,0.0,0.0,0.0,0.0,0.0,15808.0,23.333,0.0,0.0,0.0,0.0,0.0,18.889,0.0,2.222,0.0,63.333,22.222,0.0,0.0,0.0,0.0,0.0,0.0,17386.0,0.0,0.0,418.889,402.222,0.0,2.222,5.556,0.0,0.0,0.0,0.0,0.0,0.0,0.0,0.0,0.0,0.0,0.0,16991.0,0.0,0.0,407.778,47.778,0.0,5.556,15.556,0.0,0.0,0.0,16.667,0.0,0.0,0.0,0.0,0.0,0.0,0.0,16671.0,1.111,0.0,0.0,0.0,6.667,0.0,158.889,0.0,4.444,0.0,53.333,23.333,0.0,0.0,0.0,0.0,0.0,0.0,17637.666666666668,140.0,0.0,0.0,0.0,0.0,0.0,0.0,0.0,8.889,155.556,191.111,11.111,288.889,244.444,206.667,192.222,245.556,173.333,1.105523683752315,110.55575,1.0026272374082312,0.9021764130091814,1.009561877408297,406.66700000000003,0.8333583320833958,3.3335,1.117190026859417,142.222,0.9741651253152056,176.33335
malecns_ge5,1.0,A,0.01,4,2,1643,,125.0,0.915556,10.5555,407.778,3.0300000000000002,3.3335,12.778,118.889,165.66670000000002,15917.333333333334,205.556,44.444,0.0,0.0,0.0,1.111,10.0,1.111,10.0,0.0,0.0,4.444,0.0,0.0,0.0,0.0,0.0,0.0,15691.333333333334,21.111,0.0,0.0,0.0,0.0,0.0,10.0,0.0,3.333,0.0,0.0,2.222,0.0,0.0,0.0,0.0,0.0,0.0,17632.666666666668,0.0,0.0,417.778,397.778,0.0,3.333,5.556,0.0,0.0,0.0,0.0,0.0,0.0,0.0,0.0,0.0,0.0,0.0,16765.333333333332,0.0,0.0,410.0,51.111,0.0,6.667,25.556,0.0,0.0,0.0,0.0,0.0,0.0,0.0,0.0,0.0,0.0,0.0,16687.0,5.556,0.0,0.0,0.0,3.333,0.0,118.889,0.0,5.556,0.0,1.111,11.111,0.0,0.0,0.0,0.0,0.0,0.0,17920.666666666668,57.778,0.0,0.0,0.0,0.0,0.0,0.0,0.0,6.667,113.333,121.111,10.0,295.556,258.889,222.222,202.222,248.889,177.778,1.130651277749009,110.55575,1.014830344484613,0.9021764130091814,1.0027319649737991,406.66700000000003,1.0,3.3335,0.8359395874056053,142.222,0.9395086068517386,176.33335
malecns_ge5,1.0,A,0.01,4,1,1643,,123.3335,0.8738744947641963,15.5555,405.5555,2.9000000000000004,2.222,12.778,148.889,171.6667,13236.0,205.556,41.111,0.0,0.0,0.0,1.111,2.222,0.0,2.222,0.0,1.111,2.222,0.0,0.0,0.0,0.0,0.0,0.0,15719.666666666666,31.111,0.0,0.0,0.0,0.0,0.0,8.889,0.0,6.667,0.0,0.0,6.667,0.0,0.0,0.0,0.0,0.0,0.0,17351.333333333332,0.0,0.0,411.111,400.0,1.111,2.222,11.111,0.0,0.0,0.0,0.0,0.0,0.0,0.0,0.0,0.0,0.0,0.0,16734.0,0.0,0.0,405.556,43.333,0.0,4.444,25.556,0.0,0.0,0.0,0.0,0.0,0.0,0.0,0.0,0.0,0.0,0.0,16718.0,3.333,0.0,0.0,0.0,3.333,0.0,148.889,0.0,14.444,0.0,0.0,26.667,0.0,0.0,0.0,0.0,0.0,0.0,17838.666666666668,56.667,0.0,0.0,0.0,0.0,0.0,0.0,0.0,6.667,120.0,127.778,11.111,291.111,268.889,232.222,217.778,250.0,191.111,1.0962977777777778,112.5,0.9758607900452291,0.8954909385422629,0.9959076376030765,407.222,0.7998560115190785,2.778,0.9503532971206444,156.667,0.9674393781939582,177.4444
malecns_ge5,1.0,A,0.01,5,2,1643,,120.0,0.925925,8.889,408.3335,3.0,6.6665,19.4445,162.222,182.9999,13095.666666666666,203.333,36.667,0.0,0.0,0.0,0.0,23.333,0.0,1.111,0.0,20.0,0.0,0.0,0.0,0.0,0.0,0.0,0.0,15433.666666666666,17.778,0.0,0.0,0.0,0.0,0.0,43.333,0.0,12.222,0.0,51.111,0.0,0.0,0.0,0.0,0.0,0.0,0.0,17224.666666666668,0.0,0.0,417.778,398.889,0.0,3.333,33.333,0.0,0.0,0.0,0.0,0.0,0.0,0.0,0.0,0.0,0.0,0.0,16622.0,0.0,0.0,410.0,42.222,0.0,11.111,38.889,2.222,0.0,0.0,2.222,0.0,0.0,0.0,0.0,0.0,0.0,0.0,16290.333333333334,0.0,0.0,0.0,0.0,3.333,0.0,162.222,0.0,8.889,0.0,51.111,0.0,0.0,0.0,0.0,0.0,0.0,0.0,17819.333333333332,58.889,0.0,0.0,0.0,0.0,0.0,4.444,0.0,11.111,191.111,178.889,14.444,296.667,262.222,223.333,211.111,253.333,187.778,1.0854252266390485,110.55575,1.026323662033688,0.9021764130091814,1.0040979474606988,406.66700000000003,1.999850007499625,3.3335,1.1406252197269058,142.222,1.0378065181657354,176.33335
malecns_ge5,1.0,A,0.02,0,1,3286,,93.8885,0.8579858023080569,13.3335,408.33349999999996,3.0,2.222,6.111,141.111,177.0001,7637.333333333333,154.444,33.333,0.0,0.0,0.0,0.0,5.556,3.333,0.0,0.0,0.0,2.222,0.0,0.0,0.0,0.0,0.0,0.0,10422.0,26.667,0.0,0.0,0.0,0.0,0.0,5.556,2.222,0.0,0.0,16.667,2.222,0.0,0.0,0.0,0.0,0.0,0.0,16813.333333333332,0.0,0.0,415.556,401.111,1.111,2.222,1.111,4.444,0.0,0.0,0.0,0.0,0.0,0.0,0.0,0.0,0.0,0.0,16335.0,0.0,0.0,403.333,38.889,0.0,4.444,12.222,0.0,0.0,0.0,30.0,0.0,0.0,0.0,0.0,0.0,0.0,0.0,8367.333333333334,1.111,0.0,0.0,0.0,3.333,0.0,141.111,0.0,0.0,0.0,0.0,0.0,0.0,0.0,0.0,0.0,0.0,0.0,17155.0,100.0,0.0,0.0,0.0,0.0,0.0,0.0,0.0,7.778,170.0,172.222,10.0,285.556,267.778,234.444,197.778,246.667,177.778,0.8345644444444443,112.5,0.9581177936928549,0.8954909385422629,1.0027294694294513,407.222,0.7998560115190785,2.778,0.9007065942412887,156.667,0.9974961170935798,177.4444
malecns_ge5,1.0,A,0.01,5,1,1643,,147.778,0.924812895018203,11.111,408.8885,3.0300000000000002,6.111000000000001,26.111,173.333,185.99999999999997,13047.666666666666,247.778,47.778,0.0,0.0,0.0,0.0,25.556,3.333,1.111,0.0,15.556,1.111,0.0,0.0,0.0,0.0,0.0,0.0,15418.0,22.222,0.0,0.0,0.0,0.0,0.0,45.556,0.0,23.333,0.0,52.222,0.0,0.0,0.0,0.0,0.0,0.0,0.0,17236.666666666668,0.0,0.0,414.444,403.333,0.0,2.222,23.333,0.0,0.0,0.0,0.0,0.0,0.0,0.0,0.0,0.0,0.0,0.0,16635.0,0.0,0.0,406.667,44.444,0.0,11.111,52.222,1.111,0.0,0.0,7.778,0.0,0.0,0.0,0.0,0.0,0.0,0.0,16577.0,0.0,0.0,0.0,0.0,3.333,0.0,173.333,0.0,10.0,0.0,43.333,0.0,0.0,0.0,0.0,0.0,0.0,0.0,17535.666666666668,116.667,0.0,0.0,0.0,0.0,0.0,15.556,0.0,13.333,197.778,170.0,13.333,288.889,270.0,238.889,213.333,256.667,197.778,1.3135822222222222,112.5,1.0327440013225284,0.8954909385422629,1.0040923623969236,407.222,2.199784017278618,2.778,1.1063784970670274,156.667,1.0482156664284699,177.4444
malecns_ge5,1.0,A,0.01,6,1,1643,,103.3335,0.8817227714148849,12.222,405.5555,2.9000000000000004,3.889,18.889,160.0,173.3333,15950.666666666666,176.667,30.0,0.0,0.0,0.0,0.0,20.0,0.0,0.0,0.0,27.778,16.667,0.0,0.0,0.0,0.0,0.0,0.0,15792.333333333334,24.444,0.0,1.111,0.0,0.0,0.0,22.222,0.0,1.111,0.0,50.0,3.333,0.0,0.0,0.0,0.0,0.0,0.0,17401.333333333332,0.0,0.0,412.222,398.889,0.0,3.333,27.778,0.0,0.0,0.0,0.0,0.0,0.0,0.0,0.0,0.0,0.0,0.0,16933.0,0.0,0.0,403.333,50.0,0.0,7.778,37.778,0.0,0.0,0.0,23.333,0.0,0.0,0.0,0.0,0.0,0.0,0.0,16536.0,2.222,0.0,0.0,0.0,5.556,0.0,160.0,0.0,5.556,0.0,45.556,12.222,0.0,0.0,0.0,0.0,0.0,0.0,17596.666666666668,105.556,0.0,0.0,0.0,0.0,0.0,2.222,0.0,5.556,162.222,162.222,7.778,280.0,254.444,226.667,204.444,247.778,182.222,0.91852,112.5,0.984625006759096,0.8954909385422629,0.9959076376030765,407.222,1.3999280057595391,2.778,1.021274422820377,156.667,0.9768316159878813,177.4444
malecns_ge5,1.0,A,0.02,0,2,3286,,136.667,0.8455296450496462,21.111,408.889,2.9699999999999998,2.778,4.4445,134.444,171.66680000000002,7181.666666666667,215.556,57.778,0.0,0.0,0.0,0.0,5.556,8.889,0.0,0.0,0.0,0.0,0.0,0.0,0.0,0.0,0.0,0.0,10523.666666666666,42.222,0.0,0.0,0.0,0.0,0.0,3.333,3.333,0.0,0.0,18.889,0.0,0.0,0.0,0.0,0.0,0.0,0.0,16849.333333333332,0.0,0.0,417.778,400.0,0.0,2.222,1.111,7.778,0.0,0.0,0.0,0.0,0.0,0.0,0.0,0.0,0.0,0.0,16451.666666666668,0.0,0.0,407.778,33.333,0.0,5.556,8.889,0.0,0.0,0.0,21.111,0.0,0.0,0.0,0.0,0.0,0.0,0.0,10911.0,0.0,0.0,0.0,0.0,3.333,0.0,134.444,0.0,0.0,0.0,15.556,2.222,0.0,0.0,0.0,0.0,0.0,0.0,17232.666666666668,111.111,0.0,0.0,0.0,0.0,0.0,0.0,0.0,6.667,155.556,163.333,7.778,290.0,245.556,223.333,198.889,246.667,178.889,1.2361817454089905,110.55575,0.9372109854096144,0.9021764130091814,1.0054639299475983,406.66700000000003,0.8333583320833958,3.3335,0.9453108520482062,142.222,0.9735356357716792,176.33335
malecns_ge5,1.0,A,0.01,8,1,1643,,130.0,0.8931615384615385,13.889,405.5555,2.965,3.889,11.111,145.556,168.2223,15616.333333333334,212.222,47.778,0.0,0.0,0.0,0.0,10.0,2.222,3.333,0.0,13.333,10.0,0.0,0.0,0.0,0.0,0.0,0.0,16024.0,27.778,0.0,0.0,0.0,0.0,0.0,21.111,1.111,12.222,0.0,70.0,18.889,0.0,0.0,0.0,0.0,0.0,0.0,17493.333333333332,21.111,3.333,412.222,398.889,0.0,2.222,15.556,0.0,0.0,0.0,2.222,0.0,0.0,0.0,0.0,0.0,0.0,0.0,16812.666666666668,5.556,0.0,405.556,45.556,0.0,7.778,22.222,0.0,0.0,0.0,50.0,0.0,0.0,0.0,0.0,0.0,0.0,0.0,16761.333333333332,30.0,0.0,0.0,0.0,3.333,0.0,145.556,0.0,4.444,0.0,78.889,23.333,0.0,0.0,0.0,0.0,0.0,0.0,17680.333333333332,34.444,0.0,0.0,0.0,0.0,0.0,0.0,0.0,6.667,147.778,187.778,10.0,278.889,247.778,217.778,183.333,240.0,162.222,1.1555555555555554,112.5,0.997398745224026,0.8954909385422629,0.9959076376030765,407.222,1.3999280057595391,2.778,0.9290788743002675,156.667,0.9480282274334946,177.4444
malecns_ge5,1.0,A,0.01,6,2,1643,,115.5555,0.8701922452847333,15.0,407.778,2.9000000000000004,3.889,15.5555,153.333,171.7779,16041.666666666666,193.333,37.778,0.0,0.0,0.0,0.0,17.778,0.0,0.0,0.0,26.667,7.778,0.0,0.0,0.0,0.0,0.0,0.0,15860.333333333334,30.0,0.0,1.111,0.0,0.0,0.0,13.333,0.0,1.111,0.0,51.111,1.111,0.0,0.0,0.0,0.0,0.0,0.0,17413.0,0.0,0.0,417.778,397.778,0.0,3.333,10.0,0.0,0.0,0.0,0.0,0.0,0.0,0.0,0.0,0.0,0.0,0.0,17011.666666666668,0.0,0.0,408.889,45.556,0.0,7.778,31.111,0.0,0.0,0.0,20.0,0.0,0.0,0.0,0.0,0.0,0.0,0.0,16482.333333333332,0.0,0.0,0.0,0.0,4.444,0.0,153.333,0.0,3.333,0.0,45.556,2.222,0.0,0.0,0.0,0.0,0.0,0.0,17828.0,172.222,0.0,0.0,0.0,0.0,0.0,0.0,0.0,6.667,155.556,173.333,10.0,285.556,252.222,212.222,188.889,246.667,186.667,1.0452237898074048,110.55575,0.964547767750028,0.9021764130091814,1.0027319649737991,406.66700000000003,1.166641667916604,3.3335,1.0781243408192824,142.222,0.9741656924229024,176.33335
malecns_ge5,1.0,A,0.01,8,2,1643,,127.778,0.8739141323232481,16.111,405.0,3.0,3.889,11.111,150.0,163.5555,13532.666666666666,208.889,46.667,0.0,0.0,0.0,0.0,13.333,3.333,7.778,0.0,22.222,12.222,0.0,0.0,0.0,0.0,0.0,0.0,15811.666666666666,32.222,0.0,0.0,0.0,0.0,0.0,13.333,2.222,11.111,0.0,72.222,14.444,0.0,0.0,0.0,0.0,0.0,0.0,17291.333333333332,0.0,0.0,413.333,396.667,0.0,3.333,14.444,0.0,0.0,0.0,1.111,0.0,0.0,0.0,0.0,0.0,0.0,0.0,16896.333333333332,0.0,0.0,407.778,40.0,0.0,7.778,22.222,0.0,0.0,0.0,52.222,0.0,0.0,0.0,0.0,0.0,0.0,0.0,16683.333333333332,31.111,1.111,0.0,0.0,3.333,0.0,150.0,0.0,7.778,0.0,67.778,17.778,0.0,0.0,0.0,0.0,0.0,0.0,18060.666666666668,45.556,0.0,0.0,0.0,0.0,0.0,0.0,0.0,6.667,125.556,190.0,10.0,284.444,244.444,207.778,168.889,233.333,164.444,1.155778871745703,110.55575,0.9686732214693295,0.9021764130091814,0.9959008230321122,406.66700000000003,1.166641667916604,3.3335,1.0546891479517937,142.222,0.9275358291554037,176.33335
malecns_ge5,1.0,A,0.01,9,2,1643,,96.667,0.8850590170378723,11.111,408.33299999999997,3.0,3.3335,8.3335,125.556,184.1111,16226.0,156.667,36.667,0.0,0.0,0.0,0.0,3.333,1.111,15.556,0.0,27.778,41.111,0.0,0.0,0.0,0.0,0.0,0.0,15994.0,22.222,0.0,0.0,0.0,0.0,0.0,3.333,1.111,25.556,0.0,76.667,48.889,0.0,0.0,0.0,0.0,0.0,0.0,17391.0,0.0,0.0,414.444,402.222,0.0,3.333,4.444,0.0,0.0,0.0,0.0,0.0,0.0,0.0,0.0,0.0,0.0,0.0,16931.333333333332,0.0,0.0,406.667,41.111,0.0,6.667,16.667,0.0,0.0,0.0,33.333,0.0,0.0,0.0,0.0,0.0,0.0,0.0,16554.333333333332,0.0,0.0,0.0,0.0,3.333,0.0,125.556,0.0,23.333,0.0,86.667,55.556,0.0,0.0,0.0,0.0,0.0,0.0,17810.0,58.889,0.0,0.0,0.0,0.0,0.0,0.0,0.0,10.0,196.667,202.222,24.444,285.556,245.556,222.222,214.444,251.111,188.889,0.8743733365293076,110.55575,0.9810265534273783,0.9021764130091814,1.0040967179535096,406.66700000000003,1.0,3.3335,0.8828170044015693,142.222,1.044108218893363,176.33335
malecns_ge5,1.0,A,0.01,7,1,1643,,118.889,0.8691594680752635,15.5555,404.4445,3.0,6.111,15.5555,163.333,174.5555,16370.0,196.667,41.111,0.0,0.0,0.0,1.111,24.444,1.111,6.667,0.0,36.667,22.222,0.0,0.0,0.0,0.0,0.0,0.0,16318.333333333334,31.111,0.0,0.0,1.111,0.0,2.222,14.444,0.0,11.111,0.0,80.0,48.889,0.0,0.0,0.0,0.0,0.0,0.0,17753.666666666668,0.0,0.0,413.333,395.556,0.0,3.333,14.444,0.0,0.0,0.0,1.111,0.0,0.0,0.0,0.0,0.0,0.0,0.0,16976.0,0.0,0.0,403.333,44.444,0.0,12.222,31.111,0.0,0.0,0.0,56.667,2.222,0.0,0.0,0.0,0.0,0.0,0.0,16826.666666666668,5.556,0.0,0.0,0.0,4.444,0.0,163.333,0.0,6.667,0.0,75.556,38.889,0.0,0.0,0.0,0.0,0.0,0.0,17748.0,112.222,0.0,0.0,0.0,0.0,0.0,0.0,0.0,8.889,162.222,182.222,13.333,282.222,260.0,218.889,197.778,240.0,180.0,1.056791111111111,112.5,0.9705954919992116,0.8954909385422629,0.9931793960051275,407.222,2.1997840172786174,2.778,1.042548845640754,156.667,0.9837194073185741,177.4444
malecns_ge5,1.0,A,0.01,9,1,1643,,93.88900000000001,0.875741567169743,11.6665,408.889,3.0,3.889,8.889,135.556,175.1111,16144.0,152.222,35.556,0.0,0.0,0.0,0.0,7.778,0.0,21.111,0.0,26.667,51.111,0.0,0.0,0.0,0.0,0.0,0.0,16117.333333333334,23.333,0.0,0.0,0.0,0.0,0.0,4.444,0.0,34.444,0.0,82.222,56.667,0.0,0.0,0.0,0.0,0.0,0.0,17315.333333333332,0.0,0.0,415.556,402.222,0.0,3.333,8.889,0.0,0.0,0.0,0.0,0.0,0.0,0.0,0.0,0.0,0.0,0.0,16842.666666666668,0.0,0.0,406.667,47.778,0.0,7.778,17.778,0.0,0.0,0.0,40.0,4.444,0.0,0.0,0.0,0.0,0.0,0.0,16700.666666666668,2.222,0.0,0.0,0.0,3.333,0.0,135.556,0.0,25.556,0.0,68.889,56.667,0.0,0.0,0.0,0.0,0.0,0.0,18158.333333333332,167.778,0.0,0.0,0.0,0.0,0.0,0.0,0.0,8.889,167.778,170.0,14.444,277.778,261.111,222.222,203.333,245.556,180.0,0.834568888888889,112.5,0.9779457607860677,0.8954909385422629,1.0040935902284258,407.222,1.3999280057595391,2.778,0.865249222873994,156.667,0.9868505289544217,177.4444
malecns_ge5,1.0,A,0.01,7,2,1643,,133.889,0.9004137755902277,13.3335,405.0,3.135,3.3335,11.6665,137.778,172.66670000000002,16375.666666666666,216.667,51.111,0.0,0.0,0.0,0.0,15.556,0.0,6.667,0.0,30.0,18.889,0.0,0.0,0.0,0.0,0.0,0.0,16224.666666666666,26.667,0.0,0.0,1.111,0.0,0.0,7.778,1.111,3.333,0.0,83.333,45.556,0.0,0.0,0.0,0.0,0.0,0.0,17912.0,0.0,0.0,416.667,393.333,1.111,0.0,10.0,0.0,0.0,0.0,1.111,0.0,0.0,0.0,0.0,0.0,0.0,0.0,17258.666666666668,0.0,0.0,406.667,34.444,0.0,6.667,23.333,0.0,0.0,0.0,37.778,0.0,0.0,0.0,0.0,0.0,0.0,0.0,16769.666666666668,1.111,0.0,0.0,0.0,3.333,0.0,137.778,0.0,7.778,0.0,88.889,52.222,0.0,0.0,0.0,0.0,0.0,0.0,18010.333333333332,116.667,0.0,0.0,0.0,0.0,0.0,0.0,0.0,8.889,156.667,166.667,12.222,283.333,256.667,217.778,207.778,242.222,174.444,1.2110541514122966,110.55575,0.9980462386363279,0.9021764130091814,0.9959008230321122,406.66700000000003,1.0,3.3335,0.9687530761766814,142.222,0.9792061456326896,176.33335
malecns_ge5,1.0,A,0.02,1,1,3286,,126.1115,0.9030857614095463,12.222,411.111,3.035,6.111,6.111,167.778,166.1112,12708.333333333334,205.556,46.667,0.0,0.0,0.0,2.222,15.556,2.222,4.444,0.0,18.889,21.111,0.0,0.0,0.0,0.0,0.0,0.0,15599.0,24.444,0.0,1.111,0.0,0.0,0.0,7.778,0.0,7.778,0.0,76.667,51.111,0.0,0.0,0.0,0.0,0.0,0.0,17223.0,0.0,0.0,417.778,404.444,1.111,1.111,24.444,0.0,0.0,0.0,1.111,0.0,0.0,0.0,0.0,0.0,0.0,0.0,16302.0,0.0,0.0,406.667,63.333,0.0,12.222,12.222,0.0,0.0,0.0,46.667,3.333,0.0,0.0,0.0,0.0,0.0,0.0,16338.333333333334,0.0,0.0,0.0,0.0,3.333,0.0,167.778,3.333,2.222,0.0,75.556,51.111,0.0,0.0,0.0,0.0,0.0,0.0,17394.333333333332,57.778,0.0,0.0,0.0,0.0,0.0,0.0,0.0,6.667,108.889,144.444,7.778,277.778,255.556,226.667,212.222,250.0,171.111,1.1209911111111113,112.5,1.0084811833826557,0.8954909385422629,1.009550073424324,407.222,2.1997840172786174,2.778,1.0709211256997324,156.667,0.9361309796195315,177.4444
malecns_ge5,1.0,A,0.02,1,2,3286,,101.66650000000001,0.9234949565491091,7.778,409.4445,3.0,4.4445,10.5555,154.444,167.4444,15743.0,168.889,34.444,0.0,0.0,0.0,0.0,7.778,0.0,5.556,0.0,28.889,26.667,0.0,0.0,0.0,0.0,0.0,0.0,15583.333333333334,15.556,0.0,0.0,0.0,0.0,0.0,10.0,1.111,4.444,0.0,68.889,43.333,0.0,0.0,0.0,0.0,0.0,0.0,17006.666666666668,0.0,0.0,417.778,401.111,0.0,2.222,22.222,0.0,0.0,0.0,1.111,0.0,0.0,0.0,0.0,0.0,0.0,0.0,16615.333333333332,0.0,0.0,407.778,50.0,0.0,8.889,21.111,0.0,0.0,0.0,41.111,0.0,0.0,0.0,0.0,0.0,0.0,0.0,16133.333333333334,0.0,0.0,0.0,0.0,3.333,0.0,154.444,5.556,1.111,0.0,76.667,46.667,0.0,0.0,0.0,0.0,0.0,0.0,17447.333333333332,55.556,0.0,0.0,0.0,0.0,0.0,0.0,0.0,7.778,126.667,166.667,10.0,284.444,244.444,223.333,202.222,243.333,165.556,0.9195948650341571,110.55575,1.0236301273592605,0.9021764130091814,1.006829912434498,406.66700000000003,1.3332833358332083,3.3335,1.085936071775112,142.222,0.9495900803790095,176.33335
malecns_ge5,1.0,A,0.02,2,1,3286,,120.55600000000001,0.9354822655031687,7.778,408.8885,2.9699999999999998,5.5555,43.3335,231.111,185.1112,15819.666666666666,195.556,45.556,0.0,0.0,0.0,0.0,72.222,0.0,6.667,0.0,33.333,3.333,0.0,0.0,0.0,0.0,0.0,0.0,15457.666666666666,15.556,0.0,0.0,0.0,0.0,0.0,47.778,0.0,8.889,0.0,101.111,2.222,0.0,0.0,0.0,0.0,0.0,0.0,16867.333333333332,0.0,0.0,414.444,403.333,2.222,1.111,60.0,0.0,0.0,0.0,6.667,0.0,0.0,0.0,0.0,0.0,0.0,0.0,16340.666666666666,0.0,0.0,408.889,44.444,0.0,11.111,86.667,0.0,0.0,0.0,45.556,0.0,0.0,0.0,0.0,0.0,0.0,0.0,16292.333333333334,2.222,0.0,0.0,0.0,3.333,0.0,231.111,0.0,6.667,0.0,91.111,5.556,0.0,0.0,0.0,0.0,0.0,0.0,17675.0,96.667,0.0,0.0,0.0,0.0,0.0,18.889,0.0,10.0,157.778,201.111,52.222,290.0,275.556,230.0,207.778,251.111,175.556,1.071608888888889,112.5,1.0446585501200114,0.8954909385422629,1.0040923623969236,407.222,1.9998200143988483,2.778,1.4751734570777508,156.667,1.0432067735020096,177.4444
malecns_ge5,1.0,A,0.02,2,2,3286,,126.6665,0.9429841355054415,7.222,407.22249999999997,2.9699999999999998,5.5555,26.111,211.111,183.5556,15938.0,204.444,48.889,0.0,0.0,0.0,1.111,46.667,0.0,6.667,0.0,34.444,1.111,0.0,0.0,0.0,0.0,0.0,0.0,15384.666666666666,14.444,0.0,0.0,0.0,0.0,0.0,30.0,0.0,13.333,0.0,110.0,0.0,0.0,0.0,0.0,0.0,0.0,0.0,16965.0,0.0,0.0,415.556,398.889,0.0,2.222,57.778,0.0,0.0,0.0,3.333,0.0,0.0,0.0,0.0,0.0,0.0,0.0,16377.666666666666,0.0,0.0,407.778,36.667,0.0,11.111,52.222,0.0,0.0,0.0,28.889,0.0,0.0,0.0,0.0,0.0,0.0,0.0,16445.333333333332,1.111,0.0,0.0,0.0,3.333,0.0,211.111,0.0,10.0,0.0,86.667,4.444,0.0,0.0,0.0,0.0,0.0,0.0,17639.666666666668,140.0,0.0,0.0,0.0,0.0,0.0,8.889,0.0,8.889,168.889,207.778,57.778,288.889,261.111,213.333,201.111,246.667,181.111,1.1457251205839587,110.55575,1.0452325309194763,0.9021764130091814,1.0013659824868995,406.66700000000003,1.666566671666417,3.3335,1.4843765380883407,142.222,1.0409579356372463,176.33335
malecns_ge5,1.0,A,0.02,4,1,3286,,138.333,0.9076286930811881,12.778,403.889,2.9000000000000004,5.5555,2.778,107.778,167.5556,15575.666666666666,223.333,53.333,0.0,0.0,0.0,1.111,3.333,1.111,17.778,0.0,1.111,2.222,0.0,0.0,0.0,0.0,0.0,0.0,15214.333333333334,25.556,0.0,0.0,0.0,0.0,0.0,3.333,0.0,28.889,0.0,3.333,21.111,0.0,0.0,0.0,0.0,0.0,0.0,16759.0,0.0,0.0,412.222,395.556,1.111,2.222,3.333,0.0,0.0,0.0,0.0,0.0,0.0,0.0,0.0,0.0,0.0,0.0,15996.0,0.0,0.0,407.778,13.333,0.0,11.111,5.556,0.0,0.0,0.0,0.0,0.0,0.0,0.0,0.0,0.0,0.0,0.0,16414.666666666668,2.222,0.0,0.0,0.0,3.333,0.0,107.778,0.0,24.444,0.0,1.111,28.889,0.0,0.0,0.0,0.0,0.0,0.0,17291.0,87.778,0.0,0.0,0.0,0.0,0.0,0.0,0.0,6.667,95.556,133.333,12.222,292.222,270.0,228.889,208.889,251.111,176.667,1.2296266666666666,112.5,1.0135543019102837,0.8954909385422629,0.991815275206153,407.222,1.9998200143988483,2.778,0.6879432171420912,156.667,0.9442709941818395,177.4444
malecns_ge5,1.0,A,0.02,5,1,3286,,121.111,0.8669732724525435,16.111,405.5555,3.0300000000000002,4.4445,12.778,143.333,184.33329999999998,15552.666666666666,212.222,30.0,0.0,0.0,0.0,0.0,14.444,1.111,3.333,0.0,25.556,1.111,0.0,0.0,0.0,0.0,0.0,0.0,15386.333333333334,32.222,0.0,0.0,0.0,0.0,0.0,18.889,0.0,10.0,0.0,41.111,0.0,0.0,0.0,0.0,0.0,0.0,0.0,17156.333333333332,0.0,0.0,411.111,400.0,0.0,2.222,4.444,0.0,0.0,0.0,0.0,0.0,0.0,0.0,0.0,0.0,0.0,0.0,16591.666666666668,0.0,0.0,404.444,17.778,0.0,7.778,25.556,1.111,0.0,0.0,3.333,0.0,0.0,0.0,0.0,0.0,0.0,0.0,16306.666666666666,2.222,0.0,0.0,0.0,4.444,0.0,143.333,0.0,15.556,0.0,36.667,0.0,0.0,0.0,0.0,0.0,0.0,0.0,17334.666666666668,118.889,0.0,0.0,0.0,0.0,0.0,3.333,0.0,7.778,197.778,172.222,13.333,285.556,268.889,232.222,213.333,254.444,197.778,1.0765422222222223,112.5,0.9681541544840842,0.8954909385422629,0.9959076376030765,407.222,1.5998920086393087,2.778,0.9148895427882068,156.667,1.038822865077737,177.4444
malecns_ge5,1.0,A,0.02,3,1,3286,,115.0,0.8599043478260869,16.111,406.66650000000004,3.065,2.222,10.5555,166.667,172.66670000000002,15918.333333333334,190.0,40.0,0.0,0.0,0.0,2.222,18.889,3.333,3.333,0.0,28.889,8.889,0.0,0.0,0.0,0.0,0.0,0.0,15607.333333333334,32.222,0.0,1.111,0.0,0.0,0.0,27.778,1.111,2.222,0.0,54.444,6.667,0.0,0.0,0.0,0.0,0.0,0.0,17371.666666666668,0.0,0.0,414.444,398.889,1.111,3.333,12.222,0.0,0.0,0.0,0.0,0.0,0.0,0.0,0.0,0.0,0.0,0.0,16716.666666666668,14.444,0.0,405.556,47.778,0.0,4.444,21.111,0.0,0.0,0.0,25.556,0.0,0.0,0.0,0.0,0.0,0.0,0.0,16513.333333333332,13.333,0.0,0.0,0.0,6.667,0.0,166.667,0.0,2.222,0.0,57.778,4.444,0.0,0.0,0.0,0.0,0.0,0.0,17450.666666666668,92.222,0.0,0.0,0.0,0.0,0.0,0.0,0.0,6.667,138.889,181.111,8.889,286.667,264.444,218.889,202.222,243.333,175.556,1.0222222222222221,112.5,0.9602602447612635,0.8954909385422629,0.9986358792010256,407.222,0.7998560115190785,2.778,1.0638296514262735,156.667,0.9730749462930361,177.4444
malecns_ge5,1.0,A,0.02,5,2,3286,,118.33349999999999,0.8826283343262897,13.889,405.0,3.0,3.8890000000000002,7.222,122.222,186.33329999999998,15478.333333333334,201.111,35.556,0.0,0.0,0.0,0.0,7.778,1.111,2.222,0.0,8.889,0.0,0.0,0.0,0.0,0.0,0.0,0.0,15362.0,27.778,0.0,1.111,0.0,0.0,0.0,16.667,0.0,8.889,0.0,34.444,0.0,0.0,0.0,0.0,0.0,0.0,0.0,17043.0,0.0,0.0,413.333,396.667,0.0,3.333,4.444,0.0,0.0,0.0,0.0,0.0,0.0,0.0,0.0,0.0,0.0,0.0,16511.333333333332,0.0,0.0,406.667,24.444,0.0,5.556,14.444,2.222,0.0,0.0,1.111,0.0,0.0,0.0,0.0,0.0,0.0,0.0,16079.666666666666,0.0,0.0,0.0,0.0,3.333,0.0,122.222,0.0,18.889,0.0,41.111,0.0,0.0,0.0,0.0,0.0,0.0,0.0,17930.0,56.667,0.0,0.0,0.0,0.0,0.0,5.556,0.0,16.667,202.222,176.667,13.333,301.111,267.778,223.333,213.333,256.667,192.222,1.0703513838040988,110.55575,0.9783323101767983,0.9021764130091814,0.9959008230321122,406.66700000000003,1.1666416679166043,3.3335,0.8593747802730941,142.222,1.0567104861332244,176.33335
malecns_ge5,1.0,A,0.02,4,2,3286,,137.778,0.9153239268968921,11.6665,403.33299999999997,3.0300000000000002,5.5555,2.222,97.778,161.8889,12865.333333333334,216.667,58.889,0.0,0.0,0.0,1.111,4.444,1.111,16.667,0.0,0.0,1.111,0.0,0.0,0.0,0.0,0.0,0.0,15153.0,23.333,0.0,0.0,0.0,0.0,0.0,4.444,0.0,37.778,0.0,2.222,18.889,0.0,0.0,0.0,0.0,0.0,0.0,16857.666666666668,0.0,0.0,414.444,392.222,0.0,3.333,3.333,0.0,0.0,0.0,0.0,0.0,0.0,0.0,0.0,0.0,0.0,0.0,15943.333333333334,0.0,0.0,408.889,17.778,0.0,11.111,4.444,0.0,0.0,0.0,0.0,0.0,0.0,0.0,0.0,0.0,0.0,0.0,16341.666666666666,0.0,0.0,0.0,0.0,3.333,0.0,97.778,0.0,15.556,0.0,4.444,18.889,0.0,0.0,0.0,0.0,0.0,0.0,17614.333333333332,92.222,0.0,0.0,0.0,0.0,0.0,0.0,0.0,6.667,98.889,133.333,10.0,291.111,255.556,213.333,193.333,247.778,168.889,1.2462309739656237,110.55575,1.0145731075409716,0.9021764130091814,0.9918016460642244,406.66700000000003,1.666566671666417,3.3335,0.6875026367228699,142.222,0.9180844122793562,176.33335
malecns_ge5,1.0,A,0.02,3,2,3286,,146.111,0.8707215746932127,18.889,408.3335,2.965,2.778,6.111,158.889,170.88889999999998,15845.666666666666,234.444,57.778,0.0,0.0,0.0,0.0,14.444,0.0,0.0,0.0,10.0,2.222,0.0,0.0,0.0,0.0,0.0,0.0,15602.0,37.778,0.0,0.0,0.0,0.0,0.0,17.778,0.0,0.0,0.0,63.333,6.667,0.0,0.0,0.0,0.0,0.0,0.0,17236.666666666668,0.0,0.0,417.778,398.889,0.0,2.222,7.778,0.0,0.0,0.0,0.0,0.0,0.0,0.0,0.0,0.0,0.0,0.0,16939.0,12.222,0.0,405.556,45.556,0.0,5.556,12.222,0.0,0.0,0.0,18.889,0.0,0.0,0.0,0.0,0.0,0.0,0.0,16410.666666666668,7.778,0.0,0.0,0.0,6.667,0.0,158.889,0.0,1.111,0.0,58.889,3.333,0.0,0.0,0.0,0.0,0.0,0.0,17522.666666666668,140.0,0.0,0.0,0.0,0.0,0.0,1.111,0.0,8.889,153.333,183.333,11.111,290.0,238.889,205.556,191.111,246.667,180.0,1.3216047107454836,110.55575,0.9651344926974403,0.9021764130091814,1.0040979474606988,406.66700000000003,0.8333583320833958,3.3335,1.117190026859417,142.222,0.9691241049977215,176.33335
malecns_ge5,1.0,A,0.02,6,2,3286,,117.77799999999999,0.8632087486627383,16.111,407.22249999999997,2.9000000000000004,3.889,11.6665,171.111,170.66660000000002,15619.333333333334,190.0,45.556,0.0,0.0,0.0,0.0,8.889,0.0,5.556,0.0,24.444,11.111,0.0,0.0,0.0,0.0,0.0,0.0,15653.666666666666,32.222,0.0,1.111,0.0,0.0,0.0,12.222,0.0,2.222,0.0,47.778,0.0,0.0,0.0,0.0,0.0,0.0,0.0,17090.666666666668,0.0,0.0,417.778,396.667,0.0,3.333,23.333,0.0,0.0,0.0,0.0,0.0,0.0,0.0,0.0,0.0,0.0,0.0,16778.666666666668,0.0,0.0,406.667,33.333,0.0,7.778,23.333,0.0,0.0,0.0,21.111,0.0,0.0,0.0,0.0,0.0,0.0,0.0,16262.333333333334,0.0,0.0,0.0,0.0,4.444,0.0,171.111,0.0,10.0,0.0,52.222,4.444,0.0,0.0,0.0,0.0,0.0,0.0,17544.0,174.444,0.0,0.0,0.0,0.0,0.0,0.0,0.0,7.778,154.444,173.333,11.111,288.889,248.889,213.333,186.667,243.333,178.889,1.0653267695257822,110.55575,0.9568070459562696,0.9021764130091814,1.0013659824868995,406.66700000000003,1.166641667916604,3.3335,1.203126098634529,142.222,0.9678634245875781,176.33335
malecns_ge5,1.0,A,0.02,6,1,3286,,102.222,0.8749975543425095,12.778,405.55550000000005,2.9000000000000004,4.4445,14.4445,157.778,170.9999,15771.0,171.111,33.333,0.0,0.0,0.0,0.0,16.667,0.0,6.667,0.0,27.778,18.889,0.0,0.0,0.0,0.0,0.0,0.0,15506.0,25.556,0.0,1.111,0.0,0.0,0.0,22.222,0.0,5.556,0.0,45.556,2.222,0.0,0.0,0.0,0.0,0.0,0.0,17208.333333333332,0.0,0.0,413.333,397.778,0.0,3.333,20.0,0.0,0.0,0.0,0.0,0.0,0.0,0.0,0.0,0.0,0.0,0.0,16583.0,3.333,0.0,403.333,30.0,0.0,8.889,28.889,0.0,0.0,0.0,42.222,0.0,0.0,0.0,0.0,0.0,0.0,0.0,16326.0,3.333,0.0,0.0,0.0,5.556,0.0,157.778,0.0,12.222,0.0,47.778,14.444,0.0,0.0,0.0,0.0,0.0,0.0,17548.333333333332,101.111,0.0,0.0,0.0,0.0,0.0,0.0,0.0,5.556,153.333,175.556,8.889,280.0,252.222,224.444,193.333,242.222,174.444,0.90864,112.5,0.9771149172842398,0.8954909385422629,0.9959076376030767,407.222,1.5998920086393087,2.778,1.007091474273459,156.667,0.9636815813854931,177.4444
malecns_ge5,1.0,A,0.02,7,1,3286,,73.333,0.9090927686034936,6.6665,406.1115,3.0,18.889,10.0,161.111,172.0,16233.0,124.444,22.222,0.0,0.0,0.0,1.111,15.556,1.111,48.889,0.0,40.0,42.222,0.0,0.0,0.0,0.0,0.0,0.0,16386.666666666668,13.333,0.0,0.0,0.0,0.0,24.444,5.556,0.0,88.889,0.0,57.778,111.111,0.0,0.0,0.0,0.0,0.0,0.0,17685.333333333332,0.0,0.0,415.556,396.667,0.0,3.333,20.0,0.0,0.0,0.0,0.0,0.0,0.0,0.0,0.0,0.0,0.0,0.0,16923.333333333332,0.0,0.0,403.333,45.556,0.0,37.778,20.0,0.0,33.333,0.0,46.667,50.0,0.0,0.0,0.0,0.0,0.0,0.0,16761.0,0.0,0.0,0.0,0.0,5.556,0.0,161.111,0.0,57.778,0.0,57.778,86.667,0.0,0.0,0.0,0.0,0.0,0.0,17610.333333333332,111.111,0.0,0.0,0.0,0.0,0.0,0.0,0.0,8.889,147.778,174.444,15.556,282.222,263.333,218.889,193.333,240.0,175.556,0.6518488888888889,112.5,1.0151892436604357,0.8954909385422629,0.9972729862335532,407.222,6.799496040316774,2.778,1.0283658970938359,156.667,0.9693177130413808,177.4444
malecns_ge5,1.0,A,0.02,7,2,3286,,82.7775,0.8926157470327082,8.889,406.1115,3.135,15.0,10.0,136.667,169.1112,16387.0,143.333,22.222,0.0,0.0,0.0,0.0,7.778,0.0,45.556,0.0,52.222,43.333,0.0,0.0,0.0,0.0,0.0,0.0,16411.666666666668,17.778,0.0,0.0,1.111,0.0,13.333,4.444,1.111,77.778,0.0,55.556,103.333,0.0,0.0,0.0,0.0,0.0,0.0,17726.333333333332,0.0,0.0,416.667,395.556,1.111,0.0,22.222,0.0,0.0,0.0,1.111,0.0,0.0,0.0,0.0,0.0,0.0,0.0,17294.0,0.0,0.0,406.667,36.667,0.0,30.0,20.0,0.0,14.444,0.0,33.333,33.333,0.0,0.0,0.0,0.0,0.0,0.0,17036.0,0.0,0.0,0.0,0.0,4.444,0.0,136.667,0.0,35.556,0.0,44.444,53.333,0.0,0.0,0.0,0.0,0.0,0.0,17924.333333333332,114.444,0.0,0.0,0.0,0.0,0.0,0.0,0.0,7.778,142.222,165.556,13.333,286.667,255.556,213.333,196.667,241.111,168.889,0.7487398891509487,110.55575,0.9894026646688934,0.9021764130091814,0.9986340175131003,406.66700000000003,4.4997750112494375,3.3335,0.9609413452208518,142.222,0.9590426314704508,176.33335
malecns_ge5,1.0,A,0.05,0,2,8216,,140.5555,0.909089292130155,12.778,421.111,2.9699999999999998,10.0,8.889,171.111,179.5556,7419.333333333333,226.667,54.444,0.0,0.0,5.556,0.0,12.222,2.222,0.0,0.0,0.0,0.0,0.0,0.0,0.0,0.0,0.0,0.0,9830.333333333334,25.556,0.0,0.0,0.0,0.0,1.111,5.556,0.0,1.111,0.0,3.333,1.111,1.111,0.0,0.0,0.0,0.0,0.0,8537.333333333334,0.0,0.0,432.222,410.0,0.0,1.111,0.0,5.556,0.0,0.0,0.0,0.0,0.0,0.0,0.0,0.0,0.0,0.0,7913.0,0.0,0.0,422.222,90.0,0.0,5.556,17.778,14.444,0.0,0.0,0.0,0.0,0.0,0.0,0.0,0.0,0.0,0.0,7553.666666666667,0.0,0.0,0.0,0.0,3.333,0.0,171.111,0.0,0.0,0.0,2.222,0.0,0.0,0.0,0.0,0.0,0.0,0.0,16193.666666666666,0.0,0.0,0.0,0.0,0.0,0.0,0.0,0.0,8.889,160.0,171.111,12.222,301.111,258.889,227.778,210.0,255.556,190.0,1.2713540453572065,110.55575,1.0076624471902518,0.9021764130091814,1.0355180036737675,406.66700000000003,2.9998500074996253,3.3335,1.203126098634529,142.222,1.0182736277624171,176.33335
malecns_ge5,1.0,A,0.05,0,1,8216,,90.5555,0.9325165230162717,6.111,420.0,3.0,7.777500000000001,13.889,164.444,180.8889,9335.333333333334,154.444,26.667,0.0,0.0,1.111,0.0,10.0,0.0,0.0,0.0,0.0,4.444,0.0,0.0,0.0,0.0,0.0,0.0,7549.333333333333,12.222,0.0,0.0,0.0,0.0,0.0,12.222,1.111,0.0,0.0,0.0,0.0,0.0,0.0,0.0,0.0,0.0,0.0,8267.0,0.0,0.0,427.778,412.222,1.111,2.222,1.111,0.0,0.0,0.0,0.0,0.0,0.0,0.0,0.0,0.0,0.0,0.0,14940.0,78.889,15.556,412.222,68.889,0.0,14.444,27.778,1.111,0.0,0.0,2.222,0.0,0.0,0.0,0.0,0.0,0.0,0.0,12585.0,5.556,0.0,0.0,0.0,4.444,0.0,164.444,0.0,7.778,0.0,5.556,14.444,0.0,0.0,0.0,0.0,0.0,0.0,16016.0,0.0,0.0,0.0,0.0,0.0,0.0,0.0,0.0,10.0,168.889,167.778,13.333,290.0,273.333,235.556,210.0,256.667,183.333,0.8049377777777778,112.5,1.0413466880349247,0.8954909385422629,1.0313784618709205,407.222,2.7996760259179267,2.778,1.0496403199142128,156.667,1.0194117143172734,177.4444
malecns_ge5,1.0,A,0.02,8,1,3286,,123.333,0.8783780496704046,15.0,409.4445,2.965,5.5555,12.222,82.222,168.5556,13062.333333333334,203.333,43.333,0.0,0.0,0.0,0.0,10.0,2.222,2.222,0.0,15.556,6.667,0.0,0.0,0.0,0.0,0.0,0.0,15700.0,30.0,0.0,0.0,0.0,0.0,0.0,8.889,0.0,6.667,0.0,66.667,8.889,0.0,0.0,0.0,0.0,0.0,0.0,17019.666666666668,13.333,1.111,415.556,403.333,0.0,2.222,1.111,0.0,0.0,0.0,0.0,0.0,0.0,0.0,0.0,0.0,0.0,0.0,16257.666666666666,15.556,0.0,403.333,37.778,0.0,11.111,24.444,0.0,0.0,0.0,44.444,0.0,0.0,0.0,0.0,0.0,0.0,0.0,16410.0,31.111,2.222,0.0,0.0,3.333,0.0,82.222,0.0,3.333,0.0,72.222,16.667,0.0,0.0,0.0,0.0,0.0,0.0,17683.333333333332,31.111,0.0,0.0,0.0,0.0,0.0,0.0,0.0,6.667,122.222,188.889,10.0,282.222,265.556,220.0,192.222,241.111,156.667,1.0962933333333333,112.5,0.9808899363072107,0.8954909385422629,1.0054577110274003,407.222,1.9998200143988483,2.778,0.5248201599571064,156.667,0.9499065622809173,177.4444
malecns_ge5,1.0,A,0.02,8,2,3286,,112.77799999999999,0.8719209420277004,14.4445,406.66700000000003,3.0,3.889,10.5555,83.333,164.5558,16001.333333333334,187.778,37.778,0.0,0.0,0.0,0.0,13.333,2.222,7.778,0.0,30.0,5.556,0.0,0.0,0.0,0.0,0.0,0.0,15582.666666666666,28.889,0.0,0.0,0.0,0.0,0.0,14.444,1.111,7.778,0.0,71.111,11.111,0.0,0.0,0.0,0.0,0.0,0.0,16907.666666666668,0.0,0.0,415.556,397.778,0.0,3.333,1.111,0.0,0.0,0.0,0.0,0.0,0.0,0.0,0.0,0.0,0.0,0.0,16402.333333333332,16.667,1.111,411.111,43.333,0.0,7.778,21.111,0.0,0.0,0.0,44.444,0.0,0.0,0.0,0.0,0.0,0.0,0.0,16231.666666666666,31.111,0.0,0.0,0.0,3.333,0.0,83.333,0.0,2.222,0.0,80.0,10.0,0.0,0.0,0.0,0.0,0.0,0.0,17664.333333333332,37.778,0.0,0.0,0.0,0.0,0.0,0.0,0.0,6.667,112.222,176.667,12.222,285.556,255.556,216.667,177.778,236.667,165.556,1.0201007184158217,110.55575,0.9664639082276993,0.9021764130091814,1.0,406.66700000000003,1.166641667916604,3.3335,0.5859360717751121,142.222,0.9332086074472016,176.33335
malecns_ge5,1.0,A,0.05,1,1,8216,,108.889,0.9285694606434075,7.778,412.222,3.035,3.3335,6.6665,147.778,171.00009999999997,14638.333333333334,180.0,37.778,0.0,0.0,0.0,0.0,12.222,1.111,21.111,0.0,12.222,27.778,0.0,0.0,0.0,0.0,0.0,0.0,14208.0,15.556,0.0,1.111,0.0,0.0,0.0,14.444,0.0,21.111,0.0,35.556,56.667,0.0,0.0,0.0,0.0,0.0,0.0,16072.0,0.0,0.0,421.111,403.333,1.111,1.111,8.889,0.0,0.0,0.0,0.0,0.0,0.0,0.0,0.0,0.0,0.0,0.0,15216.666666666666,1.111,0.0,411.111,53.333,0.0,6.667,13.333,0.0,0.0,0.0,15.556,8.889,0.0,0.0,0.0,0.0,0.0,0.0,15281.666666666666,1.111,0.0,0.0,0.0,5.556,0.0,147.778,8.889,16.667,0.0,40.0,54.444,0.0,0.0,0.0,0.0,0.0,0.0,16660.0,54.444,0.0,0.0,0.0,0.0,0.0,3.333,0.0,6.667,126.667,137.778,7.778,283.333,261.111,236.667,218.889,250.0,181.111,0.9679022222222222,112.5,1.0369389802592441,0.8954909385422629,1.012278315022273,407.222,1.1999640028797696,2.778,0.9432618228471854,156.667,0.9636827084991129,177.4444
malecns_ge5,1.0,A,0.05,1,2,8216,,108.889,0.9438786286952768,6.111,412.77750000000003,3.0,2.778,8.889,130.0,169.5555,14884.666666666666,180.0,37.778,0.0,0.0,0.0,0.0,17.778,1.111,25.556,0.0,4.444,18.889,0.0,0.0,0.0,0.0,0.0,0.0,14435.666666666666,12.222,0.0,1.111,0.0,0.0,0.0,15.556,0.0,18.889,0.0,37.778,53.333,0.0,0.0,0.0,0.0,0.0,0.0,16148.333333333334,0.0,0.0,424.444,401.111,0.0,2.222,13.333,0.0,0.0,0.0,0.0,0.0,0.0,0.0,0.0,0.0,0.0,0.0,15186.0,0.0,0.0,412.222,58.889,0.0,5.556,17.778,0.0,0.0,0.0,11.111,11.111,0.0,0.0,0.0,0.0,0.0,0.0,15083.0,0.0,0.0,3.333,2.222,3.333,0.0,130.0,12.222,22.222,0.0,42.222,63.333,0.0,0.0,0.0,0.0,0.0,0.0,16352.666666666666,57.778,0.0,0.0,0.0,0.0,0.0,1.111,0.0,7.778,134.444,142.222,10.0,292.222,242.222,225.556,211.111,247.778,182.222,0.9849238958624946,110.55575,1.0462240145993165,0.9021764130091814,1.0150258073558955,406.66700000000003,0.8333583320833958,3.3335,0.9140639282248878,142.222,0.9615622909676473,176.33335
malecns_ge5,1.0,A,0.05,2,1,8216,,126.11099999999999,0.9603523879756722,5.0,413.3335,2.9699999999999998,4.4445,33.3335,240.0,185.5556,14979.666666666666,204.444,47.778,0.0,0.0,0.0,0.0,55.556,0.0,0.0,0.0,56.667,2.222,0.0,0.0,0.0,0.0,0.0,0.0,14524.333333333334,10.0,0.0,0.0,0.0,0.0,0.0,31.111,0.0,4.444,0.0,111.111,13.333,0.0,0.0,0.0,0.0,0.0,0.0,15984.0,0.0,0.0,418.889,407.778,0.0,1.111,52.222,0.0,0.0,0.0,11.111,0.0,0.0,0.0,0.0,0.0,0.0,0.0,15527.333333333334,0.0,0.0,410.0,56.667,0.0,6.667,66.667,2.222,0.0,0.0,63.333,0.0,0.0,0.0,0.0,0.0,0.0,0.0,15365.333333333334,1.111,0.0,0.0,0.0,3.333,0.0,240.0,0.0,1.111,0.0,100.0,20.0,0.0,0.0,0.0,0.0,0.0,0.0,16934.333333333332,83.333,0.0,0.0,0.0,0.0,0.0,5.556,0.0,7.778,150.0,212.222,85.556,287.778,274.444,211.111,196.667,251.111,178.889,1.1209866666666666,112.5,1.0724311622170013,0.8954909385422629,1.0150077844517242,407.222,1.5998920086393087,2.778,1.5319116342305654,156.667,1.0457112199652399,177.4444
malecns_ge5,1.0,A,0.05,3,1,8216,,71.111,0.7421847534136772,18.3335,412.778,3.065,2.222,0.5555,141.111,176.5556,14730.666666666666,123.333,18.889,0.0,0.0,0.0,2.222,7.778,3.333,1.111,0.0,3.333,0.0,0.0,0.0,0.0,0.0,0.0,0.0,14442.666666666666,36.667,0.0,1.111,0.0,0.0,0.0,16.667,0.0,2.222,0.0,0.0,0.0,0.0,0.0,0.0,0.0,0.0,0.0,16687.0,0.0,0.0,417.778,407.778,1.111,3.333,6.667,0.0,0.0,0.0,0.0,0.0,0.0,0.0,0.0,0.0,0.0,0.0,13229.0,2.222,0.0,415.556,85.556,0.0,4.444,1.111,0.0,0.0,0.0,0.0,0.0,0.0,0.0,0.0,0.0,0.0,0.0,15872.666666666666,24.444,0.0,0.0,0.0,14.444,0.0,141.111,0.0,3.333,0.0,0.0,0.0,0.0,0.0,0.0,0.0,0.0,0.0,16715.0,85.556,0.0,0.0,0.0,0.0,0.0,0.0,0.0,6.667,134.444,147.778,10.0,306.667,286.667,233.333,200.0,255.556,184.444,0.6320977777777779,112.5,0.828802081037082,0.8954909385422629,1.0136436636527497,407.222,0.7998560115190785,2.778,0.9007065942412887,156.667,0.9949911070735397,177.4444
malecns_ge5,1.0,A,0.02,9,1,3286,,83.3335,0.8466643066713866,12.778,408.889,3.0,5.0,1.111,154.444,181.33329999999998,15884.666666666666,140.0,26.667,0.0,0.0,0.0,0.0,1.111,1.111,24.444,0.0,36.667,44.444,0.0,0.0,0.0,0.0,0.0,0.0,16006.333333333334,25.556,0.0,0.0,0.0,0.0,0.0,4.444,0.0,36.667,0.0,71.111,57.778,0.0,0.0,0.0,0.0,0.0,0.0,17479.666666666668,0.0,0.0,415.556,402.222,0.0,3.333,0.0,0.0,0.0,0.0,0.0,0.0,0.0,0.0,0.0,0.0,0.0,0.0,16912.333333333332,0.0,0.0,403.333,44.444,0.0,10.0,2.222,0.0,0.0,0.0,41.111,3.333,0.0,0.0,0.0,0.0,0.0,0.0,16525.0,1.111,0.0,0.0,0.0,6.667,0.0,154.444,0.0,32.222,0.0,78.889,66.667,0.0,0.0,0.0,0.0,0.0,0.0,17951.0,180.0,0.0,0.0,0.0,0.0,0.0,0.0,0.0,10.0,194.444,187.778,20.0,280.0,264.444,223.333,198.889,247.778,186.667,0.7407422222222222,112.5,0.9454750129014601,0.8954909385422629,1.0040935902284258,407.222,1.7998560115190785,2.778,0.9858106684879393,156.667,1.0219161607805036,177.4444
malecns_ge5,1.0,A,0.05,2,2,8216,,152.222,0.9671532367200536,5.0,413.33299999999997,2.9699999999999998,5.0,31.111,212.222,183.00010000000003,15100.666666666666,240.0,64.444,0.0,0.0,0.0,0.0,75.556,0.0,0.0,0.0,34.444,0.0,0.0,0.0,0.0,0.0,0.0,0.0,14494.333333333334,10.0,0.0,1.111,0.0,0.0,0.0,26.667,0.0,5.556,0.0,114.444,21.111,0.0,0.0,0.0,0.0,0.0,0.0,16162.0,0.0,0.0,422.222,404.444,0.0,2.222,43.333,0.0,0.0,0.0,20.0,0.0,0.0,0.0,0.0,0.0,0.0,0.0,15941.666666666666,0.0,0.0,408.889,52.222,0.0,8.889,62.222,1.111,0.0,0.0,62.222,0.0,0.0,0.0,0.0,0.0,0.0,0.0,15641.0,0.0,0.0,0.0,0.0,3.333,0.0,212.222,0.0,3.333,0.0,64.444,6.667,0.0,0.0,0.0,0.0,0.0,0.0,16719.0,136.667,0.0,0.0,0.0,0.0,0.0,2.222,0.0,7.778,156.667,215.556,88.889,290.0,255.556,203.333,182.222,248.889,181.111,1.3768799904120772,110.55575,1.0720223038132244,0.9021764130091814,1.016391789842795,406.66700000000003,1.4999250037498126,3.3335,1.4921882690441703,142.222,1.0378076523811295,176.33335
malecns_ge5,1.0,A,0.05,3,2,8216,,117.222,0.815166948183788,21.6665,417.778,2.965,2.778,5.5555,124.444,171.8889,14774.333333333334,193.333,41.111,0.0,0.0,0.0,2.222,10.0,1.111,3.333,0.0,0.0,0.0,0.0,0.0,0.0,0.0,0.0,0.0,14389.0,43.333,0.0,0.0,0.0,0.0,0.0,16.667,0.0,0.0,0.0,1.111,0.0,0.0,0.0,0.0,0.0,0.0,0.0,11927.666666666666,0.0,0.0,425.556,410.0,0.0,2.222,0.0,0.0,0.0,0.0,0.0,0.0,0.0,0.0,0.0,0.0,0.0,0.0,16170.333333333334,15.556,0.0,415.556,53.333,0.0,5.556,11.111,0.0,0.0,0.0,0.0,0.0,0.0,0.0,0.0,0.0,0.0,0.0,16051.0,23.333,0.0,0.0,0.0,11.111,0.0,124.444,0.0,0.0,0.0,0.0,0.0,0.0,0.0,0.0,0.0,0.0,0.0,16688.0,140.0,0.0,0.0,0.0,0.0,0.0,0.0,0.0,8.889,151.111,130.0,11.111,311.111,267.778,215.556,193.333,247.778,182.222,1.0602976326423545,110.55575,0.9035560411791569,0.9021764130091814,1.0273221087523698,406.66700000000003,0.8333583320833958,3.3335,0.8749982421847534,142.222,0.974795181966429,176.33335
malecns_ge5,1.0,A,0.05,4,1,8216,,143.889,0.895752976252528,15.0,405.0,2.9000000000000004,2.778,0.0,81.111,184.4444,14915.333333333334,231.111,56.667,0.0,0.0,0.0,1.111,0.0,0.0,27.778,0.0,1.111,7.778,0.0,0.0,0.0,0.0,0.0,0.0,14778.666666666666,30.0,0.0,0.0,0.0,0.0,0.0,0.0,1.111,45.556,0.0,20.0,44.444,0.0,0.0,0.0,0.0,0.0,0.0,16426.666666666668,0.0,0.0,412.222,397.778,1.111,2.222,0.0,0.0,0.0,0.0,0.0,0.0,0.0,0.0,0.0,0.0,0.0,0.0,15701.333333333334,0.0,0.0,405.556,16.667,0.0,5.556,0.0,0.0,0.0,0.0,1.111,3.333,0.0,0.0,0.0,0.0,0.0,0.0,15900.666666666666,3.333,0.0,0.0,0.0,3.333,0.0,81.111,0.0,35.556,0.0,13.333,40.0,0.0,1.111,0.0,0.0,0.0,0.0,16485.333333333332,130.0,0.0,0.0,0.0,0.0,0.0,0.0,0.0,7.778,183.333,207.778,14.444,281.111,265.556,218.889,202.222,263.333,200.0,1.2790133333333333,112.5,1.0002926190528423,0.8954909385422629,0.994543516804102,407.222,1.0,2.778,0.5177286856836475,156.667,1.0394489766935446,177.4444
malecns_ge5,1.0,A,0.05,4,2,8216,,131.66649999999998,0.8987327832060547,13.3335,407.22249999999997,3.0300000000000002,5.0,0.0,61.111,180.889,15151.666666666666,211.111,52.222,0.0,0.0,1.111,1.111,2.222,1.111,24.444,0.0,2.222,12.222,0.0,0.0,0.0,0.0,0.0,0.0,14973.333333333334,26.667,0.0,0.0,0.0,0.0,0.0,0.0,0.0,57.778,0.0,12.222,38.889,0.0,0.0,0.0,0.0,0.0,0.0,16447.0,0.0,0.0,417.778,396.667,0.0,3.333,0.0,0.0,0.0,0.0,0.0,0.0,0.0,0.0,0.0,0.0,0.0,0.0,15745.666666666666,0.0,0.0,411.111,24.444,0.0,10.0,0.0,0.0,0.0,0.0,0.0,2.222,0.0,0.0,0.0,0.0,0.0,0.0,15626.0,0.0,0.0,0.0,0.0,3.333,0.0,61.111,0.0,40.0,0.0,15.556,36.667,0.0,0.0,0.0,0.0,0.0,0.0,16857.333333333332,106.667,0.0,0.0,0.0,0.0,0.0,0.0,0.0,7.778,177.778,203.333,11.111,283.333,255.556,216.667,198.889,256.667,197.778,1.190951171693919,110.55575,0.9961829751327231,0.9021764130091814,1.0013659824868995,406.66700000000003,1.4999250037498126,3.3335,0.42968739013654705,142.222,1.0258354417924913,176.33335
malecns_ge5,1.0,A,0.02,9,2,3286,,84.4445,0.8157902527695705,15.5555,407.778,3.0,3.3335,0.5555,137.778,192.2222,16067.0,143.333,25.556,0.0,0.0,0.0,0.0,1.111,2.222,34.444,0.0,34.444,51.111,0.0,0.0,0.0,0.0,0.0,0.0,15901.333333333334,31.111,0.0,2.222,0.0,0.0,0.0,3.333,1.111,33.333,0.0,76.667,65.556,0.0,0.0,0.0,0.0,0.0,0.0,17284.333333333332,0.0,0.0,415.556,400.0,0.0,3.333,0.0,0.0,0.0,0.0,0.0,0.0,0.0,0.0,0.0,0.0,0.0,0.0,16995.666666666668,0.0,0.0,405.556,43.333,0.0,6.667,1.111,0.0,0.0,0.0,24.444,1.111,0.0,0.0,0.0,0.0,0.0,0.0,16487.0,0.0,0.0,0.0,0.0,5.556,0.0,137.778,0.0,32.222,0.0,78.889,55.556,0.0,0.0,0.0,0.0,0.0,0.0,17863.666666666668,58.889,0.0,0.0,0.0,0.0,0.0,0.0,0.0,14.444,213.333,213.333,37.778,288.889,243.333,238.889,215.556,260.0,196.667,0.7638182545910095,110.55575,0.904246931094693,0.9021764130091814,1.0027319649737991,406.66700000000003,1.0,3.3335,0.9687530761766814,142.222,1.0901068912942447,176.33335
malecns_ge5,1.0,A,0.1,0,1,16432,,128.889,0.9482771997610346,6.6665,419.4445,3.0,27.7775,0.5555,105.556,219.4444,6397.0,217.778,40.0,0.0,0.0,0.0,0.0,1.111,28.889,0.0,0.0,0.0,0.0,0.0,0.0,0.0,0.0,0.0,0.0,6641.333333333333,13.333,0.0,2.222,1.111,0.0,0.0,2.222,32.222,0.0,0.0,0.0,0.0,0.0,0.0,0.0,0.0,0.0,0.0,6493.0,52.222,6.667,430.0,408.889,1.111,3.333,0.0,18.889,0.0,0.0,0.0,0.0,0.0,0.0,0.0,0.0,0.0,0.0,6554.666666666667,107.778,25.556,418.889,37.778,0.0,4.444,1.111,51.111,0.0,0.0,0.0,0.0,0.0,0.0,0.0,0.0,0.0,0.0,10863.333333333334,8.889,0.0,0.0,0.0,3.333,0.0,105.556,0.0,22.222,0.0,21.111,25.556,0.0,0.0,0.0,0.0,0.0,0.0,14701.333333333334,0.0,0.0,0.0,0.0,0.0,0.0,0.0,16.667,143.333,228.889,177.778,88.889,293.333,288.889,248.889,252.222,264.444,207.778,1.14568,112.5,1.05894672848918,0.8954909385422629,1.030014341071946,407.222,9.99910007199424,2.778,0.6737602685951731,156.667,1.2366938601612674,177.4444
malecns_ge5,1.0,A,0.1,0,2,16432,,144.4445,0.9500015576917086,7.222,420.0,2.9699999999999998,37.778,0.0,98.889,214.2222,6685.0,236.667,52.222,0.0,0.0,0.0,0.0,2.222,51.111,0.0,0.0,0.0,0.0,0.0,0.0,0.0,0.0,0.0,0.0,7142.666666666667,14.444,0.0,0.0,0.0,0.0,0.0,1.111,33.333,0.0,0.0,0.0,0.0,0.0,0.0,0.0,0.0,0.0,0.0,6514.0,31.111,0.0,433.333,406.667,0.0,3.333,0.0,16.667,0.0,0.0,0.0,0.0,0.0,0.0,0.0,0.0,0.0,0.0,9274.333333333334,80.0,20.0,421.111,45.556,0.0,5.556,0.0,70.0,0.0,0.0,0.0,0.0,0.0,0.0,0.0,0.0,0.0,0.0,5577.666666666667,0.0,0.0,0.0,0.0,2.222,0.0,98.889,0.0,0.0,0.0,3.333,0.0,0.0,0.0,0.0,0.0,0.0,0.0,15120.333333333334,0.0,0.0,0.0,0.0,0.0,0.0,0.0,16.667,124.444,223.333,172.222,67.778,303.333,275.556,243.333,258.889,266.667,206.667,1.3065308679105339,110.55575,1.053010856848948,0.9021764130091814,1.032786038699968,406.66700000000003,11.332833358332083,3.3335,0.6953143676786995,142.222,1.2148705846058048,176.33335
malecns_ge5,1.0,A,0.05,5,1,8216,,113.889,0.8390230838799182,18.3335,408.889,3.0300000000000002,3.889,6.111,160.0,179.5555,14621.0,201.111,26.667,0.0,0.0,0.0,0.0,15.556,2.222,28.889,2.222,31.111,8.889,0.0,0.0,0.0,0.0,0.0,0.0,14287.666666666666,36.667,0.0,0.0,0.0,0.0,0.0,21.111,0.0,80.0,8.889,116.667,41.111,0.0,0.0,0.0,0.0,0.0,0.0,16298.0,0.0,0.0,415.556,402.222,0.0,2.222,6.667,0.0,0.0,0.0,17.778,0.0,0.0,0.0,0.0,0.0,0.0,0.0,15871.333333333334,0.0,0.0,408.889,36.667,0.0,6.667,12.222,1.111,0.0,0.0,47.778,0.0,0.0,0.0,0.0,0.0,0.0,0.0,15451.0,7.778,0.0,0.0,0.0,7.778,0.0,160.0,0.0,72.222,5.556,104.444,18.889,0.0,0.0,0.0,0.0,0.0,0.0,16653.333333333332,113.333,0.0,0.0,0.0,0.0,0.0,0.0,0.0,6.667,185.556,194.444,13.333,284.444,262.222,218.889,196.667,248.889,184.444,1.0123466666666667,112.5,0.936942014450457,0.8954909385422629,1.0040935902284258,407.222,1.3999280057595391,2.778,1.021274422820377,156.667,1.0118972478139632,177.4444
malecns_ge5,1.0,A,0.05,5,2,8216,,117.7775,0.8820742501751183,13.889,408.3335,3.0,6.111,8.3335,126.667,185.33340000000004,14591.333333333334,203.333,32.222,0.0,0.0,0.0,0.0,4.444,1.111,25.556,2.222,26.667,2.222,0.0,0.0,0.0,0.0,0.0,0.0,14504.666666666666,27.778,0.0,0.0,0.0,0.0,0.0,8.889,1.111,78.889,11.111,114.444,25.556,0.0,0.0,0.0,0.0,0.0,0.0,16240.333333333334,0.0,0.0,417.778,398.889,0.0,3.333,7.778,0.0,0.0,0.0,20.0,0.0,0.0,0.0,0.0,0.0,0.0,0.0,15842.333333333334,0.0,0.0,412.222,34.444,0.0,10.0,16.667,2.222,0.0,0.0,51.111,0.0,0.0,0.0,0.0,0.0,0.0,0.0,15373.0,3.333,0.0,0.0,0.0,5.556,0.0,126.667,0.0,71.111,1.111,92.222,12.222,0.0,0.0,0.0,0.0,0.0,0.0,16779.0,60.0,0.0,0.0,0.0,0.0,0.0,0.0,0.0,10.0,195.556,217.778,18.889,292.222,255.556,221.111,207.778,253.333,181.111,1.0653222469206713,110.55575,0.9777181463135209,0.9021764130091814,1.0040979474606988,406.66700000000003,1.8332083395830208,3.3335,0.890628735357399,142.222,1.0510399762722142,176.33335
malecns_ge5,1.0,A,0.05,6,1,8216,,112.2225,0.8415825703401725,17.778,409.4445,2.9000000000000004,2.778,3.3335,175.556,181.44459999999998,11918.666666666666,178.889,45.556,0.0,0.0,0.0,0.0,2.222,0.0,3.333,0.0,38.889,24.444,0.0,0.0,0.0,0.0,0.0,0.0,14401.333333333334,35.556,0.0,1.111,0.0,0.0,0.0,4.444,1.111,14.444,0.0,77.778,24.444,0.0,0.0,0.0,0.0,0.0,0.0,16091.666666666666,0.0,0.0,413.333,405.556,0.0,3.333,0.0,0.0,0.0,0.0,11.111,0.0,0.0,0.0,0.0,0.0,0.0,0.0,15782.333333333334,2.222,0.0,405.556,38.889,0.0,5.556,6.667,0.0,0.0,0.0,51.111,1.111,0.0,0.0,0.0,0.0,0.0,0.0,14973.666666666666,2.222,0.0,0.0,0.0,4.444,0.0,175.556,0.0,16.667,0.0,80.0,21.111,0.0,0.0,0.0,0.0,0.0,0.0,16495.333333333332,110.0,0.0,0.0,0.0,0.0,0.0,0.0,0.0,30.0,167.778,185.556,47.778,278.889,252.222,233.333,196.667,246.667,175.556,0.9975333333333333,112.5,0.9398002080402444,0.8954909385422629,1.0054577110274003,407.222,1.0,2.778,1.120567828579088,156.667,1.022543399509931,177.4444
malecns_ge5,1.0,A,0.1,1,1,16432,,62.778,0.8495571697091338,9.4445,413.889,3.035,7.2219999999999995,3.3335,193.333,166.99990000000003,13828.333333333334,105.556,20.0,0.0,0.0,0.0,0.0,13.333,0.0,33.333,0.0,35.556,54.444,0.0,0.0,0.0,0.0,0.0,0.0,13372.0,18.889,0.0,1.111,1.111,0.0,0.0,5.556,1.111,44.444,0.0,63.333,100.0,0.0,0.0,0.0,0.0,0.0,0.0,14724.0,0.0,0.0,431.111,396.667,1.111,1.111,5.556,0.0,0.0,0.0,0.0,0.0,0.0,0.0,0.0,0.0,0.0,0.0,13889.0,0.0,0.0,425.556,97.778,0.0,12.222,6.667,2.222,2.222,0.0,7.778,28.889,0.0,0.0,0.0,0.0,0.0,0.0,14572.333333333334,3.333,0.0,0.0,0.0,3.333,0.0,193.333,4.444,23.333,0.0,46.667,71.111,0.0,0.0,0.0,0.0,0.0,0.0,15493.333333333334,38.889,0.0,0.0,0.0,0.0,0.0,1.111,0.0,6.667,104.444,136.667,13.333,291.111,264.444,227.778,207.778,244.444,173.333,0.5580266666666667,112.5,0.9487054900768699,0.8954909385422629,1.0163719052506988,407.222,2.599712023038157,2.778,1.2340377999195746,156.667,0.9411393089891821,177.4444
malecns_ge5,1.0,A,0.05,6,2,8216,,135.0,0.8518518518518519,20.0,409.44449999999995,2.9000000000000004,2.778,2.222,151.111,178.3335,11907.333333333334,211.111,58.889,0.0,0.0,0.0,0.0,0.0,0.0,7.778,0.0,50.0,23.333,0.0,0.0,0.0,0.0,0.0,0.0,14413.0,40.0,0.0,1.111,0.0,0.0,0.0,1.111,0.0,17.778,0.0,88.889,26.667,0.0,0.0,0.0,0.0,0.0,0.0,16090.0,0.0,0.0,416.667,402.222,0.0,5.556,1.111,0.0,0.0,0.0,12.222,0.0,0.0,0.0,0.0,0.0,0.0,0.0,15607.333333333334,0.0,0.0,410.0,37.778,0.0,5.556,4.444,0.0,0.0,0.0,42.222,0.0,0.0,0.0,0.0,0.0,0.0,0.0,15051.0,2.222,0.0,0.0,0.0,3.333,0.0,151.111,0.0,10.0,0.0,71.111,15.556,0.0,0.0,0.0,0.0,0.0,0.0,16803.333333333332,172.222,0.0,0.0,0.0,0.0,0.0,0.0,0.0,24.444,166.667,190.0,50.0,285.556,245.556,215.556,187.778,242.222,175.556,1.2211033799689297,110.55575,0.9442187132897063,0.9021764130091814,1.0068299124344977,406.66700000000003,0.8333583320833958,3.3335,1.0625008789076231,142.222,1.0113430045989598,176.33335
malecns_ge5,1.0,A,0.1,1,2,16432,,92.7775,0.8922152461534316,10.0,411.66650000000004,3.0,4.4445,0.5555,173.333,165.7777,13633.333333333334,153.333,32.222,0.0,0.0,0.0,0.0,11.111,0.0,24.444,1.111,27.778,34.444,0.0,0.0,0.0,0.0,0.0,0.0,13375.0,20.0,0.0,0.0,0.0,0.0,0.0,2.222,0.0,48.889,0.0,67.778,104.444,0.0,0.0,0.0,0.0,0.0,0.0,14898.333333333334,0.0,0.0,433.333,390.0,0.0,2.222,2.222,0.0,0.0,0.0,0.0,0.0,0.0,0.0,0.0,0.0,0.0,0.0,14405.333333333334,0.0,0.0,422.222,53.333,0.0,7.778,1.111,1.111,2.222,0.0,17.778,56.667,0.0,0.0,0.0,0.0,0.0,0.0,14469.0,5.556,0.0,1.111,0.0,3.333,0.0,173.333,5.556,25.556,0.0,51.111,74.444,0.0,0.0,0.0,0.0,0.0,0.0,15140.666666666666,42.222,0.0,0.0,0.0,0.0,0.0,1.111,0.0,7.778,121.111,142.222,14.444,294.444,243.333,225.556,198.889,241.111,168.889,0.8391919913708694,110.55575,0.9889587372135737,0.9021764130091814,1.0122938423820964,406.66700000000003,1.3332833358332083,3.3335,1.2187495605461882,142.222,0.940138096395265,176.33335
malecns_ge5,1.0,A,0.05,7,1,8216,,91.11099999999999,0.9817091240355171,1.6665,403.8885,3.0,26.111,1.6665,143.333,176.7777,14904.333333333334,161.111,21.111,0.0,0.0,0.0,0.0,1.111,2.222,0.0,0.0,0.0,0.0,0.0,0.0,0.0,0.0,0.0,0.0,14889.0,3.333,0.0,0.0,0.0,0.0,34.444,2.222,0.0,17.778,0.0,0.0,27.778,0.0,0.0,0.0,0.0,0.0,0.0,16501.666666666668,0.0,0.0,413.333,394.444,0.0,3.333,1.111,0.0,0.0,0.0,0.0,0.0,0.0,0.0,0.0,0.0,0.0,0.0,15553.666666666666,0.0,0.0,401.111,27.778,0.0,52.222,3.333,0.0,0.0,0.0,0.0,0.0,0.0,0.0,0.0,0.0,0.0,0.0,15471.666666666666,0.0,0.0,0.0,0.0,3.333,1.111,143.333,0.0,4.444,0.0,3.333,17.778,0.0,0.0,0.0,0.0,0.0,0.0,16593.0,117.778,0.0,0.0,0.0,0.0,1.111,0.0,0.0,8.889,165.556,117.778,12.222,292.222,284.444,230.0,214.444,243.333,198.889,0.8098755555555555,112.5,1.0962803550347542,0.8954909385422629,0.9918140473746507,407.222,9.399208063354932,2.778,0.9148895427882068,156.667,0.9962427667483449,177.4444
malecns_ge5,1.0,A,0.05,7,2,8216,,115.55550000000001,0.990385572300756,1.111,402.77750000000003,3.135,17.778,1.6665,134.444,178.22220000000002,14934.333333333334,198.889,32.222,0.0,0.0,0.0,1.111,0.0,0.0,0.0,0.0,0.0,0.0,0.0,0.0,0.0,0.0,0.0,0.0,14848.666666666666,2.222,0.0,0.0,1.111,0.0,22.222,1.111,1.111,8.889,0.0,0.0,26.667,0.0,0.0,0.0,0.0,0.0,0.0,16653.666666666668,0.0,0.0,414.444,391.111,1.111,0.0,1.111,0.0,0.0,0.0,0.0,0.0,0.0,0.0,0.0,0.0,0.0,0.0,16046.0,0.0,0.0,403.333,28.889,0.0,35.556,3.333,0.0,0.0,0.0,0.0,0.0,0.0,0.0,0.0,0.0,0.0,0.0,15685.666666666666,0.0,0.0,0.0,0.0,3.333,0.0,134.444,0.0,2.222,0.0,6.667,22.222,0.0,0.0,0.0,0.0,0.0,0.0,16589.666666666668,121.111,0.0,0.0,0.0,0.0,6.667,0.0,0.0,7.778,192.222,107.778,13.333,298.889,274.444,225.556,222.222,243.333,196.667,1.0452237898074048,110.55575,1.097773736953902,0.9021764130091814,0.9904356635773249,406.66700000000003,5.333133343332833,3.3335,0.9453108520482062,142.222,1.0107118137323428,176.33335
malecns_ge5,1.0,A,0.05,9,1,8216,,50.0,1.0,0.0,409.4445,3.0,5.0,2.778,164.444,174.2221,15183.0,93.333,6.667,0.0,0.0,0.0,0.0,20.0,3.333,14.444,0.0,7.778,42.222,0.0,0.0,0.0,0.0,0.0,0.0,14849.333333333334,0.0,0.0,1.111,0.0,0.0,0.0,10.0,0.0,5.556,0.0,20.0,38.889,0.0,0.0,0.0,0.0,0.0,0.0,16178.333333333334,0.0,0.0,415.556,403.333,0.0,3.333,2.222,0.0,0.0,0.0,0.0,0.0,0.0,0.0,0.0,0.0,0.0,0.0,15846.333333333334,0.0,0.0,405.556,50.0,0.0,10.0,5.556,0.0,0.0,0.0,1.111,0.0,0.0,0.0,0.0,0.0,0.0,0.0,15208.0,0.0,0.0,0.0,0.0,4.444,0.0,164.444,0.0,1.111,0.0,11.111,14.444,0.0,0.0,0.0,0.0,0.0,0.0,16745.333333333332,0.0,0.0,0.0,0.0,0.0,0.0,0.0,0.0,8.889,153.333,152.222,13.333,287.778,262.222,232.222,212.222,244.444,175.556,0.4444444444444444,112.5,1.1167058838449706,0.8954909385422629,1.0054577110274003,407.222,1.7998560115190785,2.778,1.0496403199142128,156.667,0.9818405089143417,177.4444
malecns_ge5,1.0,A,0.05,9,2,8216,,53.888999999999996,1.0,0.0,409.44449999999995,3.0,5.0,1.111,155.556,173.66669999999996,15375.0,98.889,8.889,0.0,0.0,0.0,0.0,6.667,3.333,7.778,0.0,7.778,25.556,0.0,0.0,0.0,0.0,0.0,0.0,14893.333333333334,0.0,0.0,3.333,0.0,0.0,0.0,7.778,1.111,2.222,0.0,17.778,23.333,0.0,0.0,0.0,0.0,0.0,0.0,16128.666666666666,0.0,0.0,416.667,402.222,0.0,3.333,5.556,0.0,0.0,0.0,0.0,0.0,0.0,0.0,0.0,0.0,0.0,0.0,15902.333333333334,0.0,0.0,406.667,44.444,0.0,10.0,2.222,0.0,0.0,0.0,0.0,0.0,0.0,0.0,0.0,0.0,0.0,0.0,15390.0,0.0,0.0,0.0,0.0,3.333,0.0,155.556,0.0,1.111,0.0,22.222,15.556,0.0,0.0,0.0,0.0,0.0,0.0,16919.666666666668,0.0,0.0,0.0,0.0,0.0,0.0,0.0,0.0,6.667,146.667,155.556,11.111,297.778,243.333,237.778,214.444,251.111,172.222,0.4874373336529307,110.55575,1.1084306634270464,0.9021764130091814,1.0068299124344977,406.66700000000003,1.4999250037498126,3.3335,1.093754833991928,142.222,0.9848772226013965,176.33335
malecns_ge5,1.0,A,0.05,8,1,8216,,131.667,0.8354447203931129,21.6665,403.33349999999996,2.965,0.0,2.222,64.444,176.55550000000002,15615.333333333334,217.778,45.556,0.0,0.0,0.0,0.0,3.333,3.333,8.889,0.0,13.333,7.778,0.0,0.0,0.0,0.0,0.0,0.0,15310.333333333334,43.333,0.0,0.0,0.0,0.0,0.0,4.444,1.111,40.0,0.0,64.444,18.889,0.0,0.0,0.0,0.0,0.0,0.0,16630.666666666668,0.0,0.0,416.667,390.0,1.111,0.0,0.0,0.0,0.0,0.0,10.0,0.0,0.0,0.0,0.0,0.0,0.0,0.0,16405.333333333332,15.556,0.0,404.444,30.0,0.0,0.0,4.444,0.0,4.444,0.0,68.889,0.0,0.0,0.0,0.0,0.0,0.0,0.0,15914.333333333334,37.778,0.0,0.0,0.0,2.222,0.0,64.444,0.0,25.556,0.0,71.111,26.667,0.0,0.0,0.0,0.0,0.0,0.0,17268.666666666668,41.111,0.0,0.0,0.0,0.0,0.0,0.0,0.0,8.889,184.444,206.667,11.111,284.444,270.0,211.111,191.111,238.889,158.889,1.1703733333333333,112.5,0.9329460348902056,0.8954909385422629,0.9904511544071783,407.222,0.0,2.778,0.4113438056514773,156.667,0.9949905435167299,177.4444
malecns_ge5,1.0,A,0.05,8,2,8216,,122.22200000000001,0.8409083471060856,19.4445,401.111,3.0,0.0,2.778,60.0,172.7777,15733.0,202.222,42.222,0.0,0.0,0.0,0.0,4.444,2.222,21.111,0.0,31.111,6.667,0.0,0.0,0.0,0.0,0.0,0.0,15409.666666666666,38.889,0.0,0.0,0.0,0.0,0.0,1.111,1.111,32.222,0.0,65.556,16.667,0.0,0.0,0.0,0.0,0.0,0.0,16689.0,0.0,0.0,418.889,383.333,0.0,0.0,1.111,0.0,0.0,0.0,4.444,0.0,0.0,0.0,0.0,0.0,0.0,0.0,15963.0,10.0,0.0,410.0,27.778,0.0,0.0,5.556,0.0,1.111,0.0,55.556,0.0,0.0,0.0,0.0,0.0,0.0,0.0,16024.333333333334,26.667,0.0,0.0,0.0,0.0,0.0,60.0,0.0,34.444,0.0,87.778,36.667,0.0,0.0,0.0,0.0,0.0,0.0,17466.666666666668,36.667,0.0,0.0,0.0,0.0,0.0,0.0,0.0,6.667,172.222,194.444,11.111,290.0,253.333,210.0,180.0,241.111,168.889,1.105523683752315,110.55575,0.9320885970641396,0.9021764130091814,0.986337716116626,406.66700000000003,0.0,3.3335,0.42187565918071745,142.222,0.9798356351762161,176.33335
malecns_ge5,1.0,A,0.1,2,1,16432,,72.77799999999999,0.992367198878782,0.5555,418.33349999999996,2.9699999999999998,0.5555,47.778,276.667,210.55540000000002,13024.0,125.556,20.0,0.0,0.0,0.0,1.111,108.889,1.111,0.0,0.0,74.444,4.444,0.0,0.0,0.0,0.0,0.0,0.0,12475.0,1.111,0.0,0.0,0.0,0.0,0.0,97.778,0.0,0.0,0.0,122.222,1.111,0.0,0.0,0.0,0.0,0.0,0.0,13919.333333333334,0.0,0.0,425.556,411.111,1.111,0.0,103.333,0.0,0.0,0.0,34.444,0.0,0.0,0.0,0.0,0.0,0.0,0.0,13432.0,0.0,0.0,418.889,70.0,0.0,1.111,95.556,0.0,0.0,0.0,43.333,0.0,0.0,0.0,0.0,0.0,0.0,0.0,13577.0,0.0,0.0,1.111,0.0,3.333,0.0,276.667,0.0,0.0,0.0,101.111,1.111,0.0,0.0,0.0,0.0,0.0,0.0,15066.666666666666,73.333,0.0,0.0,0.0,0.0,0.0,36.667,0.0,44.444,170.0,233.333,105.556,293.333,308.889,242.222,262.222,262.222,183.333,0.6469155555555555,112.5,1.108182289922688,0.8954909385422629,1.027286099473997,407.222,0.19996400287976962,2.778,1.7659558171152825,156.667,1.186599295328565,177.4444
malecns_ge5,1.0,A,0.1,2,2,16432,,97.222,0.988572545308675,1.111,417.778,2.9699999999999998,0.5555,42.222,270.0,200.33329999999995,13169.333333333334,163.333,31.111,0.0,0.0,0.0,0.0,88.889,0.0,0.0,0.0,64.444,4.444,0.0,0.0,0.0,0.0,0.0,0.0,12544.666666666666,2.222,0.0,1.111,0.0,0.0,0.0,80.0,2.222,1.111,0.0,126.667,4.444,0.0,0.0,0.0,0.0,0.0,0.0,14140.333333333334,0.0,0.0,427.778,407.778,0.0,0.0,106.667,0.0,0.0,0.0,37.778,0.0,0.0,0.0,0.0,0.0,0.0,0.0,11135.333333333334,0.0,0.0,420.0,67.778,0.0,1.111,84.444,0.0,0.0,0.0,42.222,0.0,0.0,0.0,0.0,0.0,0.0,0.0,13484.666666666666,0.0,0.0,0.0,0.0,3.333,0.0,270.0,0.0,0.0,0.0,107.778,2.222,0.0,0.0,0.0,0.0,0.0,0.0,14917.333333333334,147.778,0.0,0.0,0.0,0.0,0.0,30.0,0.0,28.889,161.111,211.111,91.111,295.556,291.111,231.111,250.0,258.889,184.444,0.8793934282025131,110.55575,1.0957641222422585,0.9021764130091814,1.0273221087523698,406.66700000000003,0.16664166791660417,3.3335,1.8984404663132286,142.222,1.136105563695126,176.33335
malecns_ge5,1.0,A,0.1,4,1,16432,,97.778,0.9715887009347706,2.778,406.66650000000004,2.9000000000000004,4.4445,0.0,68.889,180.66670000000002,11065.666666666666,158.889,36.667,0.0,0.0,0.0,1.111,0.0,0.0,6.667,0.0,0.0,3.333,0.0,0.0,0.0,0.0,0.0,0.0,13488.666666666666,5.556,0.0,0.0,0.0,0.0,0.0,0.0,0.0,45.556,0.0,22.222,76.667,0.0,0.0,0.0,0.0,0.0,0.0,14905.666666666666,0.0,0.0,414.444,398.889,1.111,2.222,0.0,0.0,0.0,0.0,0.0,0.0,0.0,0.0,0.0,0.0,0.0,0.0,14290.0,0.0,0.0,406.667,18.889,0.0,8.889,0.0,0.0,0.0,0.0,4.444,6.667,0.0,0.0,0.0,0.0,0.0,0.0,11793.666666666666,0.0,0.0,0.0,0.0,3.333,0.0,68.889,0.0,8.889,0.0,10.0,20.0,0.0,0.0,0.0,0.0,0.0,0.0,14783.333333333334,134.444,0.0,0.0,0.0,0.0,0.0,0.0,0.0,7.778,154.444,233.333,18.889,283.333,256.667,225.556,195.556,248.889,182.222,0.8691377777777778,112.5,1.0849788190111498,0.8954909385422629,0.9986358792010256,407.222,1.5998920086393087,2.778,0.4397160857104559,156.667,1.0181594910856584,177.4444
malecns_ge5,1.0,A,0.1,3,2,16432,,91.1115,0.7499986280546365,22.778,418.889,2.965,2.778,3.3335,143.333,183.5555,10975.0,146.667,35.556,0.0,0.0,1.111,1.111,5.556,1.111,0.0,0.0,0.0,0.0,0.0,0.0,0.0,0.0,0.0,0.0,14495.0,45.556,0.0,0.0,0.0,0.0,0.0,25.556,0.0,4.444,0.0,0.0,0.0,0.0,0.0,0.0,0.0,0.0,0.0,15179.333333333334,0.0,0.0,425.556,412.222,0.0,2.222,4.444,0.0,0.0,0.0,0.0,0.0,0.0,0.0,0.0,0.0,0.0,0.0,15560.666666666666,3.333,0.0,416.667,82.222,0.0,5.556,6.667,0.0,0.0,0.0,0.0,0.0,0.0,0.0,0.0,0.0,0.0,0.0,15376.666666666666,18.889,0.0,0.0,0.0,10.0,0.0,143.333,0.0,0.0,0.0,0.0,0.0,0.0,0.0,0.0,0.0,0.0,0.0,16393.666666666668,151.111,0.0,0.0,0.0,0.0,0.0,0.0,0.0,8.889,182.222,150.0,12.222,313.333,273.333,230.0,205.556,258.889,201.111,0.8241226711410307,110.55575,0.8313214768639754,0.9021764130091814,1.030054073726169,406.66700000000003,0.8333583320833958,3.3335,1.0078117309558297,142.222,1.0409573685295492,176.33335
malecns_ge5,1.0,A,0.1,3,1,16432,,56.6665,0.6764666954902808,18.3335,416.6665,3.065,2.778,6.111,175.556,187.2221,14299.666666666666,98.889,14.444,0.0,0.0,1.111,2.222,20.0,2.222,1.111,0.0,1.111,0.0,0.0,0.0,0.0,0.0,0.0,0.0,14253.333333333334,36.667,0.0,1.111,1.111,0.0,0.0,25.556,1.111,4.444,0.0,0.0,1.111,0.0,0.0,0.0,0.0,0.0,0.0,15669.666666666666,0.0,0.0,421.111,412.222,1.111,3.333,10.0,0.0,0.0,0.0,0.0,0.0,0.0,0.0,0.0,0.0,0.0,0.0,15340.666666666666,0.0,0.0,416.667,104.444,0.0,5.556,12.222,0.0,0.0,0.0,0.0,0.0,0.0,0.0,0.0,0.0,0.0,0.0,15092.666666666666,25.556,0.0,0.0,0.0,10.0,0.0,175.556,0.0,1.111,0.0,0.0,0.0,0.0,0.0,0.0,0.0,0.0,0.0,16420.666666666668,95.556,0.0,0.0,0.0,0.0,0.0,0.0,0.0,7.778,174.444,153.333,10.0,310.0,295.556,242.222,213.333,262.222,203.333,0.5037022222222222,112.5,0.7554143390791607,0.8954909385422629,1.0231925092455711,407.222,1.0,2.778,1.120567828579088,156.667,1.055102894202353,177.4444
malecns_ge5,1.0,A,0.1,4,2,16432,,90.0,0.9814833333333334,1.6665,406.66650000000004,3.0300000000000002,5.0,0.0,46.667,178.33319999999998,13659.0,146.667,33.333,0.0,0.0,0.0,0.0,2.222,1.111,31.111,0.0,0.0,23.333,0.0,0.0,0.0,0.0,0.0,0.0,13540.333333333334,3.333,0.0,0.0,0.0,0.0,0.0,0.0,0.0,44.444,0.0,17.778,65.556,0.0,0.0,0.0,0.0,0.0,0.0,14985.333333333334,0.0,0.0,418.889,394.444,0.0,3.333,0.0,0.0,0.0,0.0,0.0,0.0,0.0,0.0,0.0,0.0,0.0,0.0,14340.0,0.0,0.0,411.111,22.222,0.0,10.0,0.0,0.0,0.0,0.0,1.111,5.556,0.0,0.0,0.0,0.0,0.0,0.0,14179.666666666666,0.0,0.0,0.0,0.0,3.333,0.0,46.667,0.0,22.222,0.0,16.667,42.222,0.0,0.0,0.0,0.0,0.0,0.0,14943.666666666666,72.222,0.0,0.0,0.0,0.0,0.0,0.0,0.0,7.778,150.0,248.889,23.333,282.222,250.0,213.333,182.222,244.444,181.111,0.8140689199792864,110.55575,1.0879062223092557,0.9021764130091814,0.999998770492811,406.66700000000003,1.4999250037498126,3.3335,0.3281278564497757,142.222,1.0113413032758691,176.33335
malecns_ge5,1.0,A,0.1,5,1,16432,,121.6665,0.9452067742558552,6.6665,405.5555,3.0300000000000002,13.333,0.0,93.333,196.4444,13393.333333333334,213.333,30.0,0.0,0.0,0.0,0.0,0.0,12.222,13.333,0.0,1.111,1.111,0.0,0.0,0.0,0.0,0.0,0.0,13121.333333333334,13.333,0.0,0.0,0.0,0.0,0.0,2.222,1.111,42.222,0.0,26.667,0.0,0.0,0.0,0.0,0.0,0.0,0.0,14957.333333333334,0.0,0.0,408.889,402.222,0.0,2.222,0.0,10.0,0.0,0.0,0.0,0.0,0.0,0.0,0.0,0.0,0.0,0.0,14784.333333333334,0.0,0.0,406.667,40.0,0.0,13.333,0.0,13.333,1.111,0.0,10.0,0.0,0.0,0.0,0.0,0.0,0.0,0.0,14041.0,6.667,0.0,0.0,0.0,6.667,0.0,93.333,0.0,26.667,0.0,23.333,0.0,0.0,0.0,0.0,0.0,0.0,0.0,15078.666666666666,100.0,0.0,0.0,0.0,0.0,0.0,0.0,0.0,22.222,226.667,211.111,22.222,293.333,266.667,238.889,208.889,260.0,214.444,1.08148,112.5,1.0555179662616385,0.8954909385422629,0.9959076376030765,407.222,4.799496040316774,2.778,0.595741285656839,156.667,1.107075793882478,177.4444
malecns_ge5,1.0,A,0.1,6,1,16432,,94.4445,0.9529406159172847,4.4445,410.5555,2.9000000000000004,8.333499999999999,0.0,160.0,191.11100000000002,12859.333333333334,150.0,38.889,0.0,0.0,0.0,0.0,0.0,0.0,0.0,0.0,75.556,18.889,0.0,0.0,0.0,0.0,0.0,0.0,12949.0,8.889,0.0,1.111,0.0,0.0,0.0,7.778,1.111,0.0,0.0,80.0,0.0,0.0,0.0,0.0,0.0,0.0,0.0,14912.333333333334,0.0,0.0,416.667,404.444,0.0,4.444,0.0,24.444,0.0,0.0,22.222,0.0,0.0,0.0,0.0,0.0,0.0,0.0,14387.333333333334,11.111,0.0,403.333,38.889,0.0,8.889,0.0,7.778,0.0,0.0,80.0,0.0,0.0,0.0,0.0,0.0,0.0,0.0,13429.0,1.111,0.0,2.222,1.111,3.333,0.0,160.0,0.0,0.0,0.0,84.444,2.222,0.0,0.0,0.0,0.0,0.0,0.0,14909.0,108.889,0.0,0.0,0.0,0.0,0.0,0.0,0.0,14.444,193.333,267.778,34.444,281.111,260.0,233.333,197.778,247.778,181.111,0.8395066666666667,112.5,1.0641543927496822,0.8954909385422629,1.0081859526253494,407.222,2.9998200143988476,2.778,1.021274422820377,156.667,1.0770190549828567,177.4444
malecns_ge5,1.0,A,0.1,5,2,16432,,126.111,0.7797337266376446,27.778,406.66650000000004,3.0,13.889,0.0,83.333,190.4445,10856.666666666666,213.333,38.889,0.0,0.0,0.0,0.0,0.0,25.556,16.667,0.0,0.0,1.111,0.0,0.0,0.0,0.0,0.0,0.0,13631.666666666666,55.556,0.0,0.0,0.0,0.0,0.0,0.0,0.0,25.556,0.0,4.444,0.0,0.0,0.0,0.0,0.0,0.0,0.0,15055.0,0.0,0.0,413.333,400.0,0.0,3.333,0.0,12.222,0.0,0.0,0.0,0.0,0.0,0.0,0.0,0.0,0.0,0.0,14504.0,0.0,0.0,412.222,45.556,0.0,12.222,0.0,15.556,1.111,0.0,3.333,0.0,0.0,0.0,0.0,0.0,0.0,0.0,13875.333333333334,3.333,0.0,0.0,0.0,4.444,0.0,83.333,0.0,30.0,0.0,25.556,0.0,0.0,0.0,0.0,0.0,0.0,0.0,15134.0,136.667,0.0,0.0,0.0,0.0,0.0,0.0,1.111,13.333,228.889,207.778,21.111,296.667,258.889,213.333,198.889,258.889,206.667,1.1407005063056421,110.55575,0.8642807719134077,0.9021764130091814,0.999998770492811,406.66700000000003,4.166491675416229,3.3335,0.5859360717751121,142.222,1.0800254177669737,176.33335
malecns_ge5,1.0,A,0.1,8,2,16432,,120.0,0.9398166666666666,7.222,410.0,3.0,2.778,0.0,54.444,176.7779,11358.333333333334,196.667,43.333,0.0,0.0,0.0,0.0,22.222,1.111,1.111,0.0,0.0,1.111,0.0,0.0,0.0,0.0,0.0,0.0,13902.333333333334,14.444,0.0,1.111,0.0,0.0,0.0,6.667,0.0,44.444,0.0,55.556,33.333,0.0,0.0,0.0,0.0,0.0,0.0,14985.0,0.0,0.0,425.556,394.444,0.0,0.0,0.0,0.0,0.0,0.0,8.889,0.0,0.0,0.0,0.0,0.0,0.0,0.0,14153.0,0.0,0.0,421.111,73.333,0.0,5.556,0.0,0.0,4.444,0.0,24.444,0.0,0.0,0.0,0.0,0.0,0.0,0.0,14553.333333333334,36.667,0.0,3.333,2.222,0.0,0.0,54.444,0.0,30.0,0.0,65.556,50.0,0.0,0.0,0.0,0.0,0.0,0.0,15246.0,42.222,0.0,0.0,0.0,0.0,0.0,0.0,0.0,6.667,220.0,210.0,8.889,287.778,251.111,187.778,176.667,242.222,176.667,1.0854252266390485,110.55575,1.0417216113331287,0.9021764130091814,1.0081958949213976,406.66700000000003,0.8333583320833958,3.3335,0.382809973140583,142.222,1.0025210772664388,176.33335
malecns_ge5,1.0,A,0.1,6,2,16432,,120.0,0.6620375000000001,40.5555,409.4445,2.9000000000000004,11.667,0.0,141.111,194.6667,12842.333333333334,188.889,51.111,0.0,0.0,0.0,0.0,0.0,1.111,0.0,0.0,101.111,14.444,0.0,0.0,0.0,0.0,0.0,0.0,13094.333333333334,81.111,0.0,2.222,1.111,0.0,0.0,1.111,6.667,0.0,0.0,64.444,0.0,0.0,0.0,0.0,0.0,0.0,0.0,15011.0,0.0,0.0,418.889,400.0,0.0,4.444,0.0,51.111,0.0,0.0,15.556,0.0,0.0,0.0,0.0,0.0,0.0,0.0,14392.666666666666,8.889,0.0,408.889,47.778,0.0,7.778,0.0,15.556,0.0,0.0,62.222,0.0,0.0,0.0,0.0,0.0,0.0,0.0,13353.0,0.0,0.0,0.0,1.111,3.333,0.0,141.111,0.0,0.0,0.0,77.778,1.111,0.0,0.0,0.0,0.0,0.0,0.0,15040.333333333334,123.333,0.0,0.0,0.0,0.0,0.0,0.0,0.0,14.444,201.111,282.222,48.889,286.667,253.333,226.667,197.778,246.667,188.889,1.0854252266390485,110.55575,0.7338226653385833,0.9021764130091814,1.006829912434498,406.66700000000003,3.4999250037498126,3.3335,0.9921882690441702,142.222,1.1039698389442496,176.33335
malecns_ge5,1.0,A,0.1,8,1,16432,,92.778,0.9161654702623467,7.778,411.111,2.965,1.111,0.0,60.0,177.4444,14127.666666666666,158.889,26.667,0.0,0.0,0.0,0.0,5.556,1.111,8.889,0.0,6.667,1.111,0.0,0.0,0.0,0.0,0.0,0.0,13914.333333333334,15.556,0.0,1.111,0.0,0.0,0.0,4.444,0.0,44.444,0.0,50.0,26.667,0.0,0.0,0.0,0.0,0.0,0.0,15081.666666666666,0.0,0.0,424.444,397.778,1.111,0.0,0.0,0.0,0.0,0.0,5.556,0.0,0.0,0.0,0.0,0.0,0.0,0.0,14675.666666666666,0.0,0.0,413.333,68.889,0.0,2.222,0.0,0.0,3.333,0.0,35.556,2.222,0.0,0.0,0.0,0.0,0.0,0.0,14484.0,44.444,0.0,5.556,0.0,2.222,0.0,60.0,0.0,31.111,0.0,62.222,45.556,0.0,0.0,0.0,0.0,0.0,0.0,15123.333333333334,42.222,0.0,0.0,0.0,0.0,0.0,0.0,0.0,8.889,211.111,213.333,11.111,278.889,264.444,192.222,186.667,241.111,166.667,0.8246933333333334,112.5,1.023087371217557,0.8954909385422629,1.009550073424324,407.222,0.39992800575953924,2.778,0.38297790855764136,156.667,1.0,177.4444
malecns_ge5,1.0,A,0.1,7,2,16432,,127.778,1.0,0.0,410.5555,3.135,4.4445,0.0,102.222,171.55560000000003,11340.666666666666,216.667,38.889,0.0,0.0,0.0,0.0,0.0,6.667,0.0,3.333,0.0,0.0,0.0,0.0,0.0,0.0,0.0,0.0,13037.0,0.0,0.0,0.0,0.0,0.0,0.0,0.0,0.0,0.0,7.778,0.0,0.0,0.0,0.0,0.0,0.0,0.0,0.0,14920.666666666666,0.0,0.0,420.0,401.111,2.222,1.111,0.0,1.111,0.0,0.0,0.0,0.0,0.0,0.0,0.0,0.0,0.0,0.0,14102.333333333334,0.0,0.0,406.667,35.556,0.0,8.889,0.0,0.0,0.0,0.0,0.0,0.0,0.0,0.0,0.0,0.0,0.0,0.0,13801.333333333334,0.0,0.0,0.0,0.0,4.444,0.0,102.222,0.0,0.0,4.444,3.333,0.0,0.0,0.0,0.0,0.0,0.0,0.0,14921.666666666666,186.667,0.0,0.0,0.0,0.0,0.0,0.0,1.111,7.778,178.889,68.889,11.111,298.889,281.111,216.667,211.111,247.778,193.333,1.155778871745703,110.55575,1.1084306634270464,0.9021764130091814,1.009561877408297,406.66700000000003,1.3332833358332083,3.3335,0.7187495605461882,142.222,0.9729050120127589,176.33335
malecns_ge5,1.0,A,0.1,7,1,16432,,119.44449999999999,0.9953493044886956,0.5555,411.66700000000003,3.0,5.0,0.0,147.778,175.66670000000002,13326.333333333334,201.111,37.778,0.0,0.0,0.0,0.0,0.0,0.0,0.0,3.333,0.0,0.0,0.0,0.0,0.0,0.0,0.0,0.0,12971.666666666666,1.111,0.0,0.0,0.0,0.0,0.0,1.111,0.0,0.0,13.333,0.0,0.0,0.0,0.0,0.0,0.0,0.0,0.0,14446.333333333334,0.0,0.0,417.778,405.556,0.0,3.333,0.0,1.111,0.0,0.0,0.0,0.0,0.0,0.0,0.0,0.0,0.0,0.0,13950.0,0.0,0.0,402.222,32.222,0.0,10.0,0.0,0.0,0.0,0.0,0.0,0.0,0.0,0.0,0.0,0.0,0.0,0.0,14065.333333333334,0.0,0.0,0.0,0.0,3.333,0.0,147.778,0.0,0.0,10.0,3.333,0.0,0.0,0.0,0.0,0.0,0.0,0.0,14609.333333333334,145.556,0.0,0.0,0.0,0.0,0.0,0.0,0.0,8.889,182.222,88.889,7.778,294.444,288.889,231.111,211.111,245.556,197.778,1.0617288888888887,112.5,1.1115124248035257,0.8954909385422629,1.0109154220548007,407.222,1.7998560115190785,2.778,0.9432618228471854,156.667,0.9899816505902695,177.4444
malecns_ge5,1.0,A,0.15,0,1,24649,,129.4445,0.9871257565983877,1.6665,419.4445,3.0,30.0,2.222,115.556,203.55559999999997,6088.0,218.889,40.0,0.0,0.0,0.0,0.0,13.333,21.111,0.0,0.0,0.0,0.0,0.0,0.0,0.0,0.0,0.0,0.0,9898.666666666666,3.333,0.0,2.222,1.111,0.0,0.0,0.0,33.333,0.0,0.0,0.0,6.667,0.0,0.0,0.0,0.0,0.0,0.0,6005.666666666667,27.778,3.333,428.889,410.0,1.111,3.333,0.0,15.556,0.0,0.0,0.0,0.0,0.0,0.0,0.0,0.0,0.0,0.0,5553.0,38.889,8.889,420.0,37.778,0.0,16.667,4.444,43.333,0.0,0.0,0.0,0.0,0.0,0.0,0.0,0.0,0.0,0.0,9991.666666666666,23.333,4.444,0.0,0.0,0.0,0.0,115.556,87.778,0.0,0.0,3.333,13.333,0.0,0.0,0.0,0.0,0.0,0.0,13274.333333333334,0.0,0.0,0.0,0.0,0.0,0.0,0.0,6.667,92.222,165.556,187.778,77.778,292.222,284.444,241.111,247.778,260.0,186.667,1.1506177777777777,112.5,1.102329140488338,0.8954909385422629,1.030014341071946,407.222,10.799136069114471,2.778,0.7375899200214467,156.667,1.14715144574864,177.4444
malecns_ge5,1.0,A,0.15,0,2,24649,,146.66649999999998,0.9545465392574309,6.6665,420.0,2.9699999999999998,37.222,0.0,103.333,200.33329999999998,6144.333333333333,241.111,52.222,0.0,0.0,0.0,0.0,3.333,32.222,0.0,0.0,0.0,0.0,0.0,0.0,0.0,0.0,0.0,0.0,7694.0,13.333,0.0,1.111,0.0,2.222,0.0,0.0,42.222,0.0,0.0,0.0,1.111,0.0,0.0,0.0,0.0,0.0,0.0,6109.0,27.778,3.333,431.111,408.889,2.222,3.333,0.0,18.889,0.0,0.0,0.0,0.0,0.0,0.0,0.0,0.0,0.0,0.0,5873.333333333333,30.0,7.778,423.333,36.667,0.0,11.111,0.0,63.333,0.0,0.0,0.0,0.0,0.0,0.0,0.0,0.0,0.0,0.0,5042.666666666667,0.0,0.0,0.0,0.0,1.111,0.0,103.333,72.222,0.0,0.0,3.333,0.0,0.0,0.0,0.0,0.0,0.0,0.0,13728.666666666666,0.0,0.0,0.0,0.0,0.0,0.0,0.0,14.444,87.778,161.111,184.444,63.333,300.0,272.222,235.556,246.667,260.0,192.222,1.3266293250238,110.55575,1.0580486537811054,0.9021764130091814,1.032786038699968,406.66700000000003,11.166041697915105,3.3335,0.7265612915020179,142.222,1.1361055636951263,176.33335
malecns_ge5,1.0,A,0.15,2,1,24649,,86.11099999999999,0.967739313212017,2.778,422.778,2.9699999999999998,2.7775,45.0,230.0,231.33339999999998,7457.666666666667,157.778,14.444,0.0,0.0,0.0,0.0,85.556,2.222,0.0,0.0,22.222,0.0,0.0,0.0,0.0,0.0,0.0,0.0,11352.666666666666,5.556,0.0,3.333,0.0,0.0,0.0,35.556,4.444,0.0,0.0,52.222,0.0,0.0,0.0,0.0,0.0,0.0,0.0,8838.666666666666,0.0,0.0,428.889,416.667,1.111,0.0,97.778,2.222,0.0,0.0,2.222,0.0,0.0,0.0,0.0,0.0,0.0,0.0,9372.333333333334,0.0,0.0,417.778,131.111,0.0,3.333,90.0,2.222,0.0,0.0,15.556,0.0,0.0,0.0,0.0,0.0,0.0,0.0,5454.0,0.0,0.0,0.0,0.0,3.333,0.0,230.0,0.0,0.0,0.0,3.333,0.0,0.0,0.0,0.0,0.0,0.0,0.0,13655.0,70.0,0.0,0.0,0.0,0.0,0.0,0.0,0.0,132.222,180.0,256.667,176.667,295.556,312.222,241.111,268.889,264.444,185.556,0.7654311111111111,112.5,1.0806801850919503,0.8954909385422629,1.0382002936972954,407.222,0.999820014398848,2.778,1.468081982804292,156.667,1.3036951292912031,177.4444
malecns_ge5,1.0,A,0.1,9,1,16432,,19.4445,1.0,0.0,411.66650000000004,3.0,5.0,0.0,130.0,204.44439999999997,13460.333333333334,38.889,0.0,0.0,0.0,0.0,0.0,6.667,4.444,12.222,0.0,12.222,41.111,0.0,0.0,0.0,0.0,0.0,0.0,13668.333333333334,0.0,0.0,0.0,0.0,0.0,0.0,7.778,1.111,0.0,0.0,23.333,37.778,0.0,0.0,0.0,0.0,0.0,0.0,15092.666666666666,0.0,0.0,420.0,403.333,0.0,4.444,2.222,0.0,0.0,0.0,0.0,0.0,0.0,0.0,0.0,0.0,0.0,0.0,14565.666666666666,0.0,0.0,406.667,51.111,0.0,10.0,0.0,0.0,0.0,0.0,0.0,3.333,0.0,0.0,0.0,0.0,0.0,0.0,13917.333333333334,0.0,0.0,0.0,0.0,3.333,0.0,130.0,3.333,2.222,0.0,25.556,32.222,0.0,0.0,0.0,0.0,0.0,0.0,15007.0,0.0,0.0,0.0,0.0,0.0,0.0,0.0,0.0,47.778,220.0,188.889,83.333,292.222,274.444,242.222,221.111,266.667,207.778,0.17284000000000002,112.5,1.1167058838449706,0.8954909385422629,1.0109141942232984,407.222,1.7998560115190785,2.778,0.8297854685415563,156.667,1.1521603386751003,177.4444
malecns_ge5,1.0,A,0.1,9,2,16432,,39.4445,1.0,0.0,413.333,3.0,6.111,0.5555,114.444,199.5556,12470.0,78.889,0.0,0.0,0.0,1.111,0.0,0.0,0.0,4.444,0.0,6.667,24.444,0.0,0.0,0.0,0.0,0.0,0.0,13723.0,0.0,0.0,1.111,0.0,0.0,0.0,4.444,1.111,1.111,0.0,20.0,34.444,0.0,0.0,0.0,0.0,0.0,0.0,13765.0,0.0,0.0,423.333,403.333,0.0,6.667,2.222,0.0,0.0,0.0,0.0,0.0,0.0,0.0,0.0,0.0,0.0,0.0,14597.0,0.0,0.0,408.889,42.222,0.0,12.222,1.111,0.0,0.0,0.0,0.0,1.111,0.0,0.0,0.0,0.0,0.0,0.0,14051.0,0.0,0.0,0.0,0.0,3.333,0.0,114.444,5.556,0.0,0.0,27.778,28.889,0.0,0.0,0.0,0.0,0.0,0.0,15299.0,0.0,0.0,0.0,0.0,0.0,0.0,0.0,0.0,24.444,227.778,186.667,61.111,300.0,261.111,238.889,218.889,270.0,206.667,0.3567837946013662,110.55575,1.1084306634270464,0.9021764130091814,1.0163917898427952,406.66700000000003,1.8332083395830208,3.3335,0.8046856323213005,142.222,1.1316951671365627,176.33335
malecns_ge5,1.0,A,0.15,2,2,24649,,110.0,0.9646454545454546,3.889,421.111,2.9699999999999998,1.6665,50.0,233.333,221.2222,5396.0,192.222,27.778,0.0,0.0,0.0,1.111,100.0,2.222,0.0,0.0,0.0,0.0,0.0,0.0,0.0,0.0,0.0,0.0,11237.333333333334,7.778,0.0,3.333,1.111,0.0,0.0,27.778,4.444,0.0,0.0,56.667,0.0,0.0,0.0,0.0,0.0,0.0,0.0,8948.333333333334,0.0,0.0,428.889,413.333,0.0,0.0,94.444,4.444,0.0,0.0,3.333,0.0,0.0,0.0,0.0,0.0,0.0,0.0,12729.333333333334,0.0,0.0,417.778,93.333,0.0,3.333,100.0,0.0,0.0,0.0,45.556,0.0,0.0,0.0,0.0,0.0,0.0,0.0,5370.0,0.0,0.0,0.0,0.0,2.222,0.0,233.333,4.444,0.0,0.0,3.333,0.0,0.0,0.0,0.0,0.0,0.0,0.0,13628.333333333334,77.778,0.0,0.0,0.0,0.0,0.0,0.0,0.0,118.889,152.222,248.889,163.333,296.667,295.556,234.444,262.222,260.0,180.0,0.9949731244191279,110.55575,1.069242601153703,0.9021764130091814,1.0355180036737675,406.66700000000003,0.4999250037498125,3.3335,1.6406252197269058,142.222,1.2545681233867558,176.33335
malecns_ge5,1.0,A,0.15,1,1,24649,,25.555500000000002,0.9130519848956193,2.222,407.22249999999997,3.035,6.6665,1.6665,210.0,167.77790000000002,9458.0,48.889,2.222,0.0,0.0,0.0,1.111,7.778,1.111,0.0,0.0,7.778,8.889,0.0,0.0,0.0,0.0,0.0,0.0,12533.666666666666,4.444,0.0,0.0,0.0,0.0,0.0,7.778,2.222,0.0,0.0,27.778,15.556,0.0,0.0,0.0,0.0,0.0,0.0,13764.666666666666,0.0,0.0,427.778,386.667,1.111,3.333,1.111,0.0,0.0,0.0,0.0,0.0,0.0,0.0,0.0,0.0,0.0,0.0,10621.333333333334,0.0,0.0,422.222,68.889,0.0,11.111,3.333,2.222,0.0,0.0,3.333,3.333,0.0,0.0,0.0,0.0,0.0,0.0,13773.333333333334,0.0,0.0,0.0,0.0,6.667,0.0,210.0,3.333,0.0,0.0,22.222,8.889,0.0,0.0,0.0,0.0,0.0,0.0,14789.333333333334,103.333,0.0,0.0,0.0,0.0,0.0,3.333,0.0,6.667,100.0,108.889,7.778,286.667,256.667,246.667,217.778,253.333,193.333,0.22716000000000003,112.5,1.0196105237892674,0.8954909385422629,1.0000012278315022,407.222,2.399748020158387,2.778,1.3404226799517447,156.667,0.9455237809702646,177.4444
malecns_ge5,1.0,A,0.15,1,2,24649,,31.6665,0.9122732224906447,2.778,405.5555,3.0,6.111000000000001,1.111,200.0,169.2221,4099.0,60.0,3.333,0.0,0.0,0.0,1.111,2.222,1.111,0.0,0.0,0.0,1.111,0.0,0.0,0.0,0.0,0.0,0.0,12584.0,5.556,0.0,0.0,0.0,0.0,0.0,5.556,1.111,0.0,0.0,25.556,16.667,0.0,0.0,0.0,0.0,0.0,0.0,13941.666666666666,0.0,0.0,428.889,382.222,0.0,2.222,1.111,0.0,0.0,0.0,0.0,0.0,0.0,0.0,0.0,0.0,0.0,0.0,13027.333333333334,0.0,0.0,425.556,77.778,0.0,11.111,2.222,1.111,0.0,0.0,1.111,0.0,0.0,0.0,0.0,0.0,0.0,0.0,13732.333333333334,0.0,0.0,0.0,0.0,3.333,0.0,200.0,5.556,0.0,0.0,22.222,6.667,0.0,0.0,0.0,0.0,0.0,0.0,14462.333333333334,48.889,0.0,0.0,0.0,0.0,0.0,0.0,0.0,7.778,112.222,123.333,7.778,293.333,242.222,244.444,220.0,251.111,190.0,0.2864301494947119,110.55575,1.0111916132320349,0.9021764130091814,0.9972668055190118,406.66700000000003,1.833208339583021,3.3335,1.4062521972690583,142.222,0.9596715539062805,176.33335
malecns_ge5,1.0,A,0.15,4,1,24649,,70.0,0.9206357142857142,5.5555,411.66650000000004,2.9000000000000004,4.4445,0.0,66.667,190.00000000000003,11571.666666666666,116.667,23.333,0.0,0.0,0.0,1.111,0.0,0.0,0.0,0.0,0.0,2.222,0.0,0.0,0.0,0.0,0.0,0.0,12024.333333333334,11.111,0.0,0.0,0.0,0.0,0.0,0.0,0.0,0.0,0.0,1.111,13.333,0.0,0.0,0.0,0.0,0.0,0.0,13356.666666666666,0.0,0.0,420.0,403.333,1.111,2.222,0.0,0.0,0.0,0.0,0.0,0.0,0.0,0.0,0.0,0.0,0.0,0.0,12990.0,0.0,0.0,407.778,14.444,0.0,8.889,0.0,0.0,0.0,0.0,0.0,0.0,0.0,0.0,0.0,0.0,0.0,0.0,12433.333333333334,0.0,0.0,0.0,0.0,0.0,0.0,66.667,0.0,0.0,0.0,3.333,11.111,0.0,0.0,0.0,0.0,0.0,0.0,13018.333333333334,191.111,0.0,0.0,0.0,0.0,0.0,0.0,0.0,12.222,158.889,241.111,20.0,283.333,288.889,228.889,220.0,258.889,187.778,0.6222222222222222,112.5,1.0280793190206743,0.8954909385422629,1.0109141942232984,407.222,1.5998920086393087,2.778,0.42553313716353797,156.667,1.0707579388247814,177.4444
malecns_ge5,1.0,A,0.15,4,2,24649,,110.0,0.9494954545454546,5.5555,408.889,3.0300000000000002,6.6665,0.0,54.444,190.2222,11845.0,174.444,45.556,0.0,0.0,0.0,0.0,0.0,0.0,0.0,0.0,0.0,1.111,0.0,0.0,0.0,0.0,0.0,0.0,11970.0,11.111,0.0,0.0,0.0,0.0,0.0,0.0,0.0,0.0,0.0,0.0,18.889,0.0,0.0,0.0,0.0,0.0,0.0,13524.333333333334,0.0,0.0,421.111,396.667,0.0,3.333,0.0,0.0,0.0,0.0,0.0,0.0,0.0,0.0,0.0,0.0,0.0,0.0,12981.333333333334,0.0,0.0,410.0,27.778,0.0,13.333,0.0,0.0,0.0,0.0,0.0,0.0,0.0,0.0,0.0,0.0,0.0,0.0,12482.333333333334,0.0,0.0,0.0,0.0,0.0,0.0,54.444,0.0,0.0,0.0,5.556,16.667,0.0,0.0,0.0,0.0,0.0,0.0,13702.333333333334,157.778,0.0,0.0,0.0,0.0,0.0,0.0,0.0,11.111,168.889,243.333,20.0,291.111,277.778,228.889,223.333,255.556,182.222,0.9949731244191279,110.55575,1.0524498766027832,0.9021764130091814,1.0054639299475983,406.66700000000003,1.999850007499625,3.3335,0.382809973140583,142.222,1.07876473735683,176.33335
malecns_ge5,1.0,A,0.15,3,1,24649,,48.888999999999996,0.8863650309885659,5.5555,420.0,3.065,3.3335,28.3335,201.111,193.33339999999998,14136.333333333334,82.222,15.556,0.0,0.0,0.0,2.222,16.667,1.111,4.444,0.0,5.556,0.0,0.0,0.0,0.0,0.0,0.0,0.0,14190.333333333334,11.111,0.0,2.222,0.0,0.0,2.222,58.889,0.0,3.333,0.0,10.0,0.0,0.0,0.0,0.0,0.0,0.0,0.0,14782.666666666666,0.0,0.0,425.556,414.444,1.111,3.333,40.0,0.0,0.0,0.0,0.0,0.0,0.0,0.0,0.0,0.0,0.0,0.0,14395.333333333334,3.333,0.0,420.0,107.778,0.0,6.667,56.667,0.0,0.0,0.0,1.111,0.0,0.0,0.0,0.0,0.0,0.0,0.0,14989.666666666666,5.556,0.0,0.0,0.0,6.667,0.0,201.111,1.111,0.0,0.0,3.333,0.0,0.0,0.0,0.0,0.0,0.0,0.0,15717.333333333334,115.556,0.0,0.0,0.0,0.0,0.0,30.0,0.0,7.778,186.667,167.778,10.0,307.778,293.333,261.111,222.222,265.556,211.111,0.43456888888888884,112.5,0.9898090453393613,0.8954909385422629,1.0313784618709205,407.222,1.1999640028797696,2.778,1.28368450279893,156.667,1.0895435415262469,177.4444
malecns_ge5,1.0,A,0.15,3,2,24649,,98.8885,0.8595488858664051,13.889,420.0,2.965,3.3335,23.889,186.667,191.11110000000002,12177.666666666666,153.333,44.444,0.0,0.0,0.0,2.222,12.222,2.222,4.444,0.0,0.0,0.0,0.0,0.0,0.0,0.0,0.0,0.0,14003.666666666666,27.778,0.0,2.222,0.0,0.0,0.0,53.333,0.0,4.444,0.0,11.111,0.0,0.0,0.0,0.0,0.0,0.0,0.0,14962.0,0.0,0.0,427.778,412.222,0.0,2.222,36.667,0.0,0.0,0.0,0.0,0.0,0.0,0.0,0.0,0.0,0.0,0.0,14661.0,6.667,0.0,423.333,85.556,0.0,6.667,47.778,0.0,0.0,0.0,3.333,0.0,0.0,0.0,0.0,0.0,0.0,0.0,15052.666666666666,4.444,0.0,0.0,0.0,5.556,0.0,186.667,3.333,0.0,0.0,3.333,2.222,0.0,0.0,0.0,0.0,0.0,0.0,15648.0,158.889,0.0,0.0,0.0,0.0,0.0,24.444,0.0,8.889,192.222,160.0,11.111,315.556,275.556,252.222,217.778,263.333,214.444,0.8944672710374629,110.55575,0.9527503418088781,0.9021764130091814,1.032786038699968,406.66700000000003,1.0,3.3335,1.3125043945381163,142.222,1.083805757674314,176.33335
malecns_ge5,1.0,A,0.15,5,1,24649,,67.2225,0.9338837442820485,4.4445,413.33299999999997,3.0300000000000002,10.5555,0.0,168.889,199.66659999999996,10744.666666666666,125.556,8.889,0.0,0.0,0.0,0.0,0.0,33.333,0.0,0.0,0.0,2.222,0.0,0.0,0.0,0.0,0.0,0.0,13412.333333333334,8.889,0.0,0.0,0.0,0.0,0.0,0.0,12.222,0.0,0.0,1.111,0.0,0.0,0.0,0.0,0.0,0.0,0.0,14394.333333333334,0.0,0.0,414.444,412.222,0.0,2.222,0.0,2.222,0.0,0.0,10.0,0.0,0.0,0.0,0.0,0.0,0.0,0.0,14037.0,0.0,0.0,410.0,67.778,0.0,6.667,0.0,14.444,0.0,0.0,20.0,1.111,0.0,0.0,0.0,0.0,0.0,0.0,9794.333333333334,2.222,0.0,0.0,0.0,27.778,0.0,168.889,0.0,0.0,0.0,2.222,0.0,0.0,0.0,0.0,0.0,0.0,0.0,15248.0,123.333,0.0,0.0,0.0,0.0,0.0,0.0,0.0,7.778,230.0,223.333,24.444,296.667,275.556,244.444,220.0,260.0,214.444,0.5975333333333332,112.5,1.0428734720669355,0.8954909385422629,1.0150065566202218,407.222,3.7996760259179267,2.778,1.0780125999731915,156.667,1.1252347214113263,177.4444
malecns_ge5,1.0,A,0.15,5,2,24649,,47.2225,0.90588173010747,4.4445,413.3335,3.0,9.4445,0.5555,137.778,198.2223,13131.0,88.889,5.556,0.0,0.0,0.0,1.111,0.0,24.444,0.0,0.0,4.444,0.0,0.0,0.0,0.0,0.0,0.0,0.0,13664.0,8.889,0.0,0.0,0.0,0.0,0.0,2.222,14.444,0.0,0.0,1.111,0.0,0.0,0.0,0.0,0.0,0.0,0.0,14232.0,0.0,0.0,417.778,408.889,0.0,3.333,0.0,2.222,0.0,0.0,8.889,0.0,0.0,0.0,0.0,0.0,0.0,0.0,13866.0,0.0,0.0,412.222,50.0,0.0,13.333,1.111,5.556,0.0,0.0,24.444,0.0,0.0,0.0,0.0,0.0,0.0,0.0,13694.333333333334,0.0,0.0,0.0,0.0,14.444,0.0,137.778,0.0,0.0,0.0,13.333,0.0,0.0,0.0,0.0,0.0,0.0,0.0,15099.0,180.0,0.0,0.0,0.0,0.0,0.0,0.0,3.333,7.778,243.333,231.111,17.778,304.444,267.778,225.556,217.778,256.667,210.0,0.4271374397080206,110.55575,1.0041070870894635,0.9021764130091814,1.0163930193499842,406.66700000000003,2.8332083395830208,3.3335,0.9687530761766814,142.222,1.1241339202141851,176.33335
malecns_ge5,1.0,A,0.15,6,1,24649,,92.778,0.9221582702795922,7.222,408.33349999999996,2.9000000000000004,7.2219999999999995,0.0,191.111,196.22230000000005,12559.333333333334,148.889,36.667,0.0,0.0,0.0,0.0,4.444,1.111,1.111,0.0,68.889,18.889,0.0,0.0,0.0,0.0,0.0,0.0,12591.666666666666,14.444,0.0,0.0,0.0,0.0,0.0,3.333,0.0,0.0,0.0,86.667,3.333,0.0,0.0,0.0,0.0,0.0,0.0,14272.333333333334,0.0,0.0,415.556,401.111,0.0,3.333,0.0,8.889,0.0,0.0,30.0,0.0,0.0,0.0,0.0,0.0,0.0,0.0,13765.0,7.778,0.0,405.556,48.889,0.0,12.222,0.0,2.222,0.0,0.0,70.0,3.333,0.0,0.0,0.0,0.0,0.0,0.0,13243.666666666666,0.0,0.0,0.0,0.0,3.333,0.0,191.111,0.0,1.111,0.0,70.0,2.222,0.0,0.0,0.0,0.0,0.0,0.0,14236.0,55.556,0.0,0.0,0.0,0.0,0.0,0.0,0.0,13.333,178.889,271.111,35.556,278.889,263.333,246.667,240.0,258.889,175.556,0.8246933333333334,112.5,1.0297795662575213,0.8954909385422629,1.0027294694294513,407.222,2.599712023038157,2.778,1.2198548513726566,156.667,1.1058241342076731,177.4444
malecns_ge5,1.0,A,0.15,9,1,24649,,25.0,1.0,0.0,420.0,3.0,3.8885,0.5555,90.0,227.22210000000004,6733.333333333333,50.0,0.0,0.0,0.0,1.111,1.111,2.222,8.889,3.333,0.0,3.333,7.778,0.0,0.0,0.0,0.0,0.0,0.0,13020.666666666666,0.0,0.0,1.111,0.0,1.111,0.0,16.667,0.0,42.222,0.0,68.889,74.444,0.0,0.0,0.0,0.0,0.0,0.0,8421.0,0.0,0.0,426.667,413.333,0.0,3.333,0.0,0.0,0.0,0.0,0.0,0.0,0.0,0.0,0.0,0.0,0.0,0.0,12325.666666666666,0.0,0.0,413.333,146.667,0.0,4.444,1.111,3.333,0.0,0.0,8.889,4.444,0.0,2.222,0.0,0.0,0.0,0.0,13655.333333333334,3.333,0.0,0.0,0.0,6.667,0.0,90.0,23.333,18.889,0.0,63.333,55.556,0.0,0.0,0.0,0.0,0.0,0.0,14329.0,0.0,0.0,0.0,0.0,0.0,0.0,1.111,0.0,62.222,261.111,263.333,111.111,308.889,284.444,257.778,226.667,274.444,222.222,0.2222222222222222,112.5,1.1167058838449706,0.8954909385422629,1.0313784618709205,407.222,1.3997480201583874,2.778,0.5744668628364621,156.667,1.280525618165465,177.4444
malecns_ge5,1.0,A,0.15,8,1,24649,,131.111,0.9830525280106169,2.222,411.66650000000004,2.965,21.111,2.222,60.0,183.1111,12593.0,210.0,52.222,0.0,0.0,0.0,0.0,37.778,0.0,3.333,0.0,5.556,0.0,0.0,0.0,0.0,0.0,0.0,0.0,12592.666666666666,4.444,0.0,0.0,0.0,0.0,0.0,1.111,0.0,6.667,0.0,50.0,14.444,0.0,0.0,0.0,0.0,0.0,0.0,14112.0,0.0,0.0,423.333,400.0,2.222,0.0,1.111,0.0,0.0,0.0,22.222,0.0,0.0,0.0,0.0,0.0,0.0,0.0,4004.6666666666665,0.0,0.0,420.0,100.0,0.0,42.222,4.444,0.0,0.0,0.0,0.0,0.0,0.0,0.0,0.0,0.0,0.0,0.0,13228.666666666666,13.333,0.0,4.444,0.0,0.0,0.0,60.0,0.0,5.556,0.0,61.111,28.889,0.0,0.0,0.0,0.0,0.0,0.0,13949.0,1.111,1.111,0.0,0.0,0.0,0.0,0.0,0.0,7.778,214.444,184.444,8.889,291.111,275.556,195.556,194.444,257.778,201.111,1.165431111111111,112.5,1.0977805421581288,0.8954909385422629,1.0109141942232984,407.222,7.5993520518358535,2.778,0.38297790855764136,156.667,1.031935073747044,177.4444
malecns_ge5,1.0,A,0.2,2,1,32865,,98.33349999999999,0.9548017715224212,4.4445,418.889,2.9699999999999998,1.6665,7.778,130.0,239.44469999999995,4743.333333333333,161.111,35.556,0.0,0.0,0.0,0.0,1.111,0.0,0.0,0.0,0.0,0.0,0.0,0.0,0.0,0.0,0.0,0.0,4655.666666666667,8.889,0.0,3.333,2.222,0.0,0.0,2.222,3.333,0.0,0.0,0.0,0.0,0.0,0.0,0.0,0.0,0.0,0.0,5605.333333333333,0.0,0.0,426.667,411.111,1.111,0.0,15.556,0.0,0.0,0.0,0.0,0.0,0.0,0.0,0.0,0.0,0.0,0.0,5061.0,0.0,0.0,422.222,166.667,0.0,3.333,15.556,0.0,0.0,0.0,0.0,0.0,0.0,0.0,0.0,0.0,0.0,0.0,4368.333333333333,4.444,0.0,0.0,0.0,3.333,0.0,130.0,0.0,0.0,0.0,0.0,0.0,0.0,0.0,0.0,0.0,0.0,0.0,12018.666666666666,118.889,0.0,0.0,0.0,0.0,0.0,0.0,0.0,137.778,211.111,287.778,145.556,295.556,315.556,247.778,270.0,276.667,206.667,0.8740755555555554,112.5,1.0662327561646892,0.8954909385422629,1.0286502202729715,407.222,0.5998920086393089,2.778,0.8297854685415563,156.667,1.3494069128132529,177.4444
malecns_ge5,1.0,A,0.15,6,2,24649,,107.22200000000001,0.6424847512637333,38.3335,408.889,2.9000000000000004,8.889,0.0,198.889,195.66660000000002,12685.0,172.222,42.222,0.0,0.0,0.0,0.0,2.222,0.0,0.0,0.0,92.222,4.444,0.0,0.0,0.0,0.0,0.0,0.0,12782.333333333334,76.667,0.0,0.0,0.0,0.0,0.0,2.222,0.0,0.0,0.0,64.444,1.111,0.0,0.0,0.0,0.0,0.0,0.0,14211.666666666666,0.0,0.0,417.778,400.0,0.0,5.556,0.0,7.778,0.0,0.0,32.222,0.0,0.0,0.0,0.0,0.0,0.0,0.0,13771.666666666666,0.0,0.0,408.889,48.889,0.0,15.556,0.0,2.222,0.0,0.0,77.778,4.444,0.0,0.0,0.0,0.0,0.0,0.0,13174.333333333334,0.0,0.0,0.0,0.0,3.333,0.0,198.889,0.0,0.0,0.0,60.0,0.0,0.0,0.0,0.0,0.0,0.0,0.0,14290.666666666666,173.333,0.0,0.0,0.0,0.0,0.0,0.0,0.0,14.444,180.0,262.222,36.667,288.889,263.333,232.222,235.556,260.0,183.333,0.9698455304224339,110.55575,0.7121497990850209,0.9021764130091814,1.0054639299475983,406.66700000000003,2.6665666716664167,3.3335,1.3984404663132286,142.222,1.1096403488052602,176.33335
malecns_ge5,1.0,A,0.2,2,2,32865,,102.778,0.9081077662534783,9.4445,419.4445,2.9699999999999998,1.6665,2.778,143.333,228.4444,4975.333333333333,166.667,38.889,0.0,0.0,0.0,0.0,4.444,0.0,0.0,0.0,0.0,0.0,0.0,0.0,0.0,0.0,0.0,0.0,3653.0,18.889,0.0,3.333,2.222,0.0,0.0,2.222,1.111,0.0,0.0,0.0,0.0,0.0,0.0,0.0,0.0,0.0,0.0,5665.0,0.0,0.0,431.111,407.778,1.111,0.0,11.111,0.0,0.0,0.0,0.0,0.0,0.0,0.0,0.0,0.0,0.0,0.0,4943.0,0.0,0.0,424.444,162.222,0.0,3.333,5.556,0.0,0.0,0.0,0.0,0.0,0.0,0.0,0.0,0.0,0.0,0.0,4500.0,1.111,0.0,0.0,0.0,3.333,0.0,143.333,0.0,0.0,0.0,3.333,0.0,0.0,0.0,0.0,0.0,0.0,0.0,11958.666666666666,192.222,0.0,0.0,0.0,0.0,0.0,0.0,0.0,111.111,201.111,284.444,125.556,294.444,298.889,240.0,255.556,272.222,201.111,0.9296486161959012,110.55575,1.0065744938115961,0.9021764130091814,1.0314200562130686,406.66700000000003,0.4999250037498125,3.3335,1.0078117309558297,142.222,1.2955257754701537,176.33335
malecns_ge5,1.0,A,0.2,0,1,32865,,139.444,0.9960163219643728,0.5555,422.222,3.0,38.3335,7.222,117.778,210.2221,4983.666666666667,234.444,44.444,0.0,0.0,0.0,1.111,14.444,30.0,0.0,0.0,0.0,0.0,0.0,0.0,0.0,0.0,0.0,0.0,8580.666666666666,1.111,0.0,2.222,1.111,1.111,0.0,2.222,22.222,0.0,0.0,0.0,13.333,0.0,0.0,0.0,0.0,0.0,0.0,5095.333333333333,0.0,0.0,431.111,413.333,3.333,6.667,1.111,11.111,0.0,0.0,0.0,0.0,0.0,0.0,0.0,0.0,0.0,0.0,7183.0,5.556,1.111,421.111,90.0,0.0,11.111,14.444,65.556,0.0,0.0,0.0,2.222,0.0,0.0,0.0,0.0,0.0,0.0,8079.333333333333,11.111,0.0,0.0,0.0,12.222,0.0,117.778,54.444,4.444,0.0,3.333,18.889,0.0,0.0,0.0,0.0,0.0,0.0,11815.666666666666,0.0,0.0,0.0,0.0,0.0,0.0,0.0,0.0,112.222,208.889,213.333,68.889,293.333,293.333,233.333,232.222,257.778,188.889,1.239502222222222,112.5,1.112257287143242,0.8954909385422629,1.0368349450668186,407.222,13.79895608351332,2.778,0.7517728685683648,156.667,1.1847209604811424,177.4444
malecns_ge5,1.0,A,0.2,0,2,32865,,136.1115,0.9755090495659808,3.3335,421.66650000000004,2.9699999999999998,35.5555,2.222,110.0,203.9999,5002.666666666667,225.556,46.667,0.0,0.0,0.0,0.0,5.556,24.444,0.0,0.0,1.111,0.0,0.0,0.0,0.0,0.0,0.0,0.0,4992.0,6.667,0.0,2.222,1.111,0.0,0.0,1.111,22.222,0.0,0.0,0.0,1.111,0.0,0.0,0.0,0.0,0.0,0.0,5176.666666666667,0.0,0.0,433.333,410.0,3.333,6.667,0.0,12.222,0.0,0.0,0.0,0.0,0.0,0.0,0.0,0.0,0.0,0.0,4802.666666666667,0.0,0.0,428.889,127.778,0.0,14.444,4.444,56.667,0.0,0.0,0.0,0.0,0.0,0.0,0.0,0.0,0.0,0.0,8599.0,43.333,6.667,0.0,1.111,7.778,0.0,110.0,65.556,2.222,0.0,5.556,16.667,0.0,0.0,0.0,0.0,0.0,0.0,12394.0,0.0,0.0,0.0,0.0,0.0,0.0,0.0,1.111,93.333,222.222,214.444,42.222,298.889,275.556,222.222,224.444,258.889,187.778,1.231157131130674,110.55575,1.0812841429895077,0.9021764130091814,1.0368839861606671,406.66700000000003,10.666116694165293,3.3335,0.773438708497982,142.222,1.1568991345085884,176.33335
malecns_ge5,1.0,A,0.15,7,1,24649,,61.6665,0.990991867545588,0.5555,408.889,3.0,0.5555,0.0,110.0,180.2222,11792.0,112.222,11.111,0.0,0.0,0.0,0.0,0.0,5.556,0.0,2.222,0.0,0.0,0.0,0.0,0.0,0.0,0.0,0.0,11866.666666666666,1.111,0.0,0.0,0.0,3.333,0.0,10.0,0.0,0.0,3.333,4.444,6.667,0.0,0.0,0.0,0.0,0.0,0.0,13121.0,0.0,0.0,412.222,405.556,15.556,0.0,0.0,1.111,0.0,0.0,0.0,0.0,0.0,0.0,0.0,0.0,0.0,0.0,12527.333333333334,18.889,3.333,401.111,26.667,0.0,0.0,0.0,1.111,0.0,0.0,1.111,0.0,0.0,0.0,0.0,0.0,0.0,0.0,11884.333333333334,0.0,0.0,0.0,0.0,3.333,0.0,110.0,0.0,0.0,5.556,5.556,17.778,0.0,0.0,0.0,0.0,0.0,0.0,12852.0,144.444,0.0,0.0,0.0,0.0,0.0,0.0,1.111,8.889,188.889,125.556,7.778,294.444,292.222,223.333,198.889,250.0,212.222,0.5481466666666667,112.5,1.106646449330674,0.8954909385422629,1.0040935902284258,407.222,0.19996400287976962,2.778,0.7021261656890092,156.667,1.0156544810656183,177.4444
malecns_ge5,1.0,A,0.15,8,2,24649,,141.667,1.0,0.0,410.0,3.0,23.3335,1.111,41.111,182.22240000000002,12906.333333333334,225.556,57.778,0.0,0.0,0.0,0.0,20.0,1.111,0.0,0.0,2.222,1.111,0.0,0.0,0.0,0.0,0.0,0.0,12702.666666666666,0.0,0.0,0.0,0.0,0.0,1.111,1.111,1.111,10.0,0.0,58.889,25.556,0.0,0.0,0.0,0.0,0.0,0.0,14140.666666666666,0.0,0.0,424.444,395.556,2.222,2.222,1.111,0.0,0.0,0.0,14.444,0.0,0.0,0.0,0.0,0.0,0.0,0.0,11396.666666666666,0.0,0.0,422.222,70.0,0.0,46.667,2.222,0.0,0.0,0.0,21.111,1.111,0.0,0.0,0.0,0.0,0.0,0.0,13067.333333333334,12.222,0.0,1.111,0.0,0.0,0.0,41.111,0.0,6.667,0.0,71.111,34.444,0.0,0.0,0.0,0.0,0.0,0.0,14005.0,0.0,1.111,0.0,0.0,0.0,0.0,0.0,0.0,6.667,223.333,180.0,11.111,296.667,256.667,197.778,185.556,255.556,208.889,1.2814077965189508,110.55575,1.1084306634270464,0.9021764130091814,1.0081958949213976,406.66700000000003,6.9997000149992505,3.3335,0.2890621704096412,142.222,1.0333972558225657,176.33335
malecns_ge5,1.0,A,0.15,7,2,24649,,52.222,1.0,0.0,407.222,3.135,2.222,1.111,88.889,174.0,11902.333333333334,94.444,10.0,0.0,0.0,0.0,0.0,0.0,2.222,0.0,3.333,0.0,0.0,0.0,0.0,0.0,0.0,0.0,0.0,11789.666666666666,0.0,0.0,0.0,0.0,0.0,0.0,4.444,1.111,0.0,1.111,2.222,5.556,0.0,0.0,0.0,0.0,0.0,0.0,13086.0,0.0,0.0,413.333,401.111,13.333,0.0,0.0,2.222,0.0,0.0,0.0,0.0,0.0,0.0,0.0,0.0,0.0,0.0,12923.0,3.333,0.0,404.444,28.889,0.0,0.0,2.222,4.444,0.0,0.0,0.0,0.0,0.0,0.0,0.0,0.0,0.0,0.0,11959.333333333334,0.0,0.0,0.0,0.0,4.444,0.0,88.889,0.0,0.0,1.111,5.556,23.333,0.0,0.0,0.0,0.0,0.0,0.0,12835.0,183.333,0.0,0.0,0.0,0.0,0.0,0.0,8.889,7.778,187.778,101.111,8.889,293.333,280.0,213.333,198.889,246.667,202.222,0.47235896821287,110.55575,1.1084306634270464,0.9021764130091814,1.0013647529797105,406.66700000000003,0.6665666716664167,3.3335,0.6250017578152465,142.222,0.9867673925550668,176.33335
malecns_ge5,1.0,A,0.15,9,2,24649,,22.222,1.0,0.0,418.889,3.0,3.8890000000000002,1.6665,82.222,222.11129999999997,9181.333333333334,44.444,0.0,0.0,0.0,4.444,0.0,7.778,3.333,16.667,0.0,20.0,21.111,0.0,0.0,0.0,0.0,0.0,0.0,13117.0,0.0,0.0,3.333,0.0,0.0,0.0,7.778,0.0,36.667,0.0,68.889,80.0,0.0,0.0,0.0,0.0,0.0,0.0,12434.333333333334,0.0,0.0,426.667,411.111,0.0,6.667,0.0,0.0,0.0,0.0,0.0,0.0,0.0,0.0,0.0,0.0,0.0,0.0,14435.0,0.0,0.0,411.111,118.889,0.0,5.556,3.333,2.222,0.0,0.0,8.889,4.444,0.0,0.0,0.0,0.0,0.0,0.0,13423.666666666666,0.0,0.0,0.0,0.0,10.0,0.0,82.222,16.667,13.333,0.0,57.778,46.667,0.0,0.0,0.0,0.0,0.0,0.0,14329.666666666666,0.0,0.0,0.0,0.0,0.0,0.0,4.444,0.0,55.556,265.556,248.889,93.333,311.111,267.778,255.556,222.222,275.556,225.556,0.20100266155310784,110.55575,1.1084306634270464,0.9021764130091814,1.030054073726169,406.66700000000003,1.1666416679166043,3.3335,0.5781243408192824,142.222,1.2596102779196334,176.33335
malecns_ge5,1.0,A,0.2,1,1,32865,,36.111000000000004,0.9846168757442331,0.5555,417.22249999999997,3.035,9.444500000000001,7.222,213.333,195.8888,10280.333333333334,71.111,1.111,0.0,0.0,0.0,3.333,8.889,3.333,0.0,5.556,10.0,16.667,0.0,0.0,0.0,0.0,0.0,0.0,10901.333333333334,1.111,0.0,0.0,0.0,0.0,0.0,16.667,0.0,0.0,1.111,30.0,35.556,0.0,0.0,0.0,0.0,0.0,0.0,10385.333333333334,0.0,0.0,436.667,397.778,2.222,3.333,12.222,0.0,0.0,0.0,0.0,0.0,0.0,0.0,0.0,0.0,0.0,0.0,11153.0,0.0,0.0,426.667,118.889,0.0,16.667,14.444,2.222,0.0,0.0,8.889,6.667,0.0,0.0,0.0,0.0,0.0,0.0,12141.0,0.0,0.0,0.0,1.111,6.667,0.0,213.333,3.333,0.0,4.444,38.889,21.111,0.0,0.0,0.0,0.0,0.0,0.0,13045.0,0.0,0.0,0.0,0.0,0.0,0.0,5.556,0.0,7.778,177.778,193.333,14.444,294.444,275.556,252.222,273.333,266.667,203.333,0.3209866666666667,112.5,1.0995274584766375,0.8954909385422629,1.024557857876048,407.222,3.3997480201583876,2.778,1.3616971027721216,156.667,1.1039446722466304,177.4444
malecns_ge5,1.0,A,0.2,1,2,32865,,40.5555,0.9589081628878944,1.6665,415.0,3.0,5.5555,7.222,193.333,196.5555,9545.666666666666,74.444,6.667,0.0,0.0,0.0,1.111,8.889,3.333,0.0,2.222,5.556,12.222,0.0,0.0,0.0,0.0,0.0,0.0,10906.0,3.333,0.0,0.0,0.0,0.0,0.0,16.667,0.0,0.0,2.222,35.556,31.111,0.0,0.0,0.0,0.0,0.0,0.0,11976.333333333334,0.0,0.0,438.889,391.111,2.222,3.333,8.889,0.0,0.0,0.0,0.0,0.0,0.0,0.0,0.0,0.0,0.0,0.0,11637.333333333334,0.0,0.0,426.667,75.556,0.0,10.0,14.444,1.111,0.0,0.0,8.889,10.0,0.0,0.0,0.0,0.0,0.0,0.0,12105.666666666666,0.0,0.0,1.111,1.111,6.667,0.0,193.333,3.333,0.0,1.111,33.333,22.222,0.0,0.0,0.0,0.0,0.0,0.0,12863.666666666666,0.0,0.0,0.0,0.0,0.0,0.0,1.111,0.0,12.222,205.556,203.333,14.444,297.778,261.111,243.333,263.333,266.667,197.778,0.3668330231579995,110.55575,1.0628832111554392,0.9021764130091814,1.020490966810683,406.66700000000003,1.666566671666417,3.3335,1.359374780273094,142.222,1.114681369122744,176.33335
malecns_ge5,1.0,A,0.2,3,1,32865,,31.6665,1.0,0.0,421.1115,3.065,3.889,9.4445,183.333,223.3333,3796.0,53.333,10.0,0.0,0.0,1.111,3.333,6.667,2.222,0.0,0.0,1.111,1.111,0.0,0.0,0.0,0.0,0.0,0.0,12607.0,0.0,0.0,0.0,0.0,0.0,1.111,17.778,2.222,13.333,7.778,65.556,1.111,0.0,0.0,0.0,0.0,0.0,0.0,13076.0,0.0,0.0,425.556,416.667,3.333,3.333,12.222,0.0,0.0,0.0,3.333,0.0,0.0,0.0,0.0,0.0,0.0,0.0,12884.333333333334,0.0,0.0,420.0,110.0,0.0,7.778,18.889,0.0,0.0,0.0,24.444,0.0,0.0,0.0,0.0,0.0,0.0,0.0,13569.666666666666,4.444,0.0,0.0,0.0,4.444,0.0,183.333,1.111,12.222,0.0,26.667,1.111,1.111,0.0,0.0,0.0,0.0,0.0,13954.333333333334,62.222,0.0,0.0,0.0,0.0,0.0,2.222,0.0,78.889,258.889,242.222,27.778,313.333,302.222,268.889,245.556,273.333,222.222,0.28148,112.5,1.1167058838449706,0.8954909385422629,1.0341079313003718,407.222,1.3999280057595391,2.778,1.1702081484933011,156.667,1.258610020941771,177.4444
malecns_ge5,1.0,A,0.2,4,2,32865,,72.222,0.9846168757442331,1.111,412.778,3.0300000000000002,21.6665,0.0,66.667,205.6667,6709.333333333333,122.222,22.222,0.0,0.0,0.0,0.0,0.0,0.0,0.0,0.0,0.0,0.0,0.0,0.0,0.0,0.0,0.0,0.0,10840.666666666666,2.222,0.0,0.0,0.0,0.0,0.0,2.222,0.0,11.111,0.0,0.0,0.0,0.0,0.0,0.0,0.0,0.0,0.0,11582.666666666666,0.0,0.0,426.667,398.889,0.0,3.333,0.0,0.0,0.0,0.0,0.0,0.0,0.0,0.0,0.0,0.0,0.0,0.0,9077.0,0.0,0.0,417.778,17.778,0.0,43.333,0.0,0.0,0.0,0.0,0.0,0.0,0.0,0.0,0.0,0.0,0.0,0.0,10041.0,0.0,0.0,0.0,0.0,0.0,0.0,66.667,0.0,1.111,0.0,0.0,0.0,0.0,0.0,0.0,0.0,0.0,0.0,11836.0,161.111,0.0,0.0,0.0,0.0,0.0,0.0,0.0,80.0,228.889,231.111,24.444,305.556,286.667,227.778,216.667,261.111,194.444,0.6532631726527114,110.55575,1.091379536802646,0.9021764130091814,1.0150270368630845,406.66700000000003,6.499625018749063,3.3335,0.4687530761766815,142.222,1.1663516856000298,176.33335
malecns_ge5,1.0,A,0.2,3,2,32865,,45.5555,1.0,0.0,420.55550000000005,2.965,4.4445,10.5555,180.0,210.5556,4307.0,77.778,13.333,1.111,1.111,4.444,4.444,10.0,1.111,0.0,0.0,0.0,0.0,0.0,0.0,0.0,0.0,0.0,0.0,12493.0,0.0,0.0,0.0,0.0,0.0,0.0,17.778,0.0,21.111,15.556,68.889,2.222,0.0,0.0,0.0,0.0,0.0,0.0,13178.0,0.0,0.0,427.778,413.333,1.111,2.222,13.333,0.0,0.0,0.0,12.222,0.0,0.0,0.0,0.0,0.0,0.0,0.0,12821.333333333334,0.0,0.0,422.222,123.333,0.0,8.889,21.111,0.0,0.0,0.0,27.778,0.0,0.0,0.0,0.0,0.0,0.0,0.0,13494.666666666666,0.0,0.0,0.0,0.0,4.444,0.0,180.0,1.111,16.667,3.333,31.111,3.333,0.0,0.0,0.0,0.0,0.0,0.0,14075.666666666666,177.778,0.0,0.0,0.0,0.0,0.0,2.222,0.0,40.0,261.111,235.556,13.333,318.889,281.111,250.0,217.778,270.0,217.778,0.41205907426795985,110.55575,1.1084306634270464,0.9021764130091814,1.034152021186868,406.66700000000003,1.3332833358332083,3.3335,1.2656269775421523,142.222,1.1940770137923427,176.33335
malecns_ge5,1.0,A,0.2,4,1,32865,,52.222,0.9574508827697139,2.222,413.8885,2.9000000000000004,17.778,0.0,74.444,208.7778,7218.333333333333,90.0,14.444,0.0,0.0,0.0,1.111,0.0,0.0,5.556,0.0,0.0,0.0,0.0,0.0,0.0,0.0,0.0,0.0,10818.666666666666,4.444,0.0,0.0,0.0,0.0,0.0,3.333,0.0,7.778,0.0,0.0,0.0,0.0,0.0,0.0,0.0,0.0,0.0,11515.666666666666,0.0,0.0,423.333,404.444,1.111,2.222,0.0,0.0,0.0,0.0,0.0,0.0,0.0,0.0,0.0,0.0,0.0,0.0,10923.333333333334,0.0,0.0,413.333,11.111,0.0,35.556,0.0,0.0,3.333,0.0,1.111,0.0,0.0,0.0,0.0,0.0,0.0,0.0,11074.666666666666,18.889,0.0,0.0,0.0,0.0,0.0,74.444,0.0,10.0,0.0,0.0,0.0,0.0,0.0,0.0,0.0,0.0,0.0,11643.666666666666,181.111,0.0,0.0,0.0,0.0,0.0,0.0,0.0,86.667,217.778,231.111,24.444,305.556,298.889,231.111,224.444,268.889,198.889,0.4641955555555556,112.5,1.0691910342815008,0.8954909385422629,1.0163706774191965,407.222,6.399568034557235,2.778,0.4751734570777509,156.667,1.1765815094756442,177.4444
malecns_ge5,1.0,A,0.2,8,1,32865,,142.2225,0.9374993408215999,8.889,414.4445,2.965,23.3335,0.0,3.333,202.6666,11569.666666666666,228.889,55.556,0.0,0.0,0.0,0.0,14.444,4.444,16.667,0.0,8.889,2.222,0.0,0.0,0.0,0.0,0.0,0.0,11422.0,17.778,0.0,0.0,0.0,0.0,2.222,1.111,0.0,35.556,0.0,54.444,57.778,0.0,0.0,0.0,0.0,0.0,0.0,12897.0,0.0,0.0,425.556,403.333,2.222,0.0,4.444,0.0,0.0,0.0,23.333,0.0,0.0,0.0,0.0,0.0,0.0,0.0,3006.6666666666665,0.0,0.0,421.111,123.333,0.0,46.667,0.0,0.0,0.0,0.0,0.0,0.0,0.0,0.0,0.0,0.0,0.0,0.0,10157.333333333334,14.444,0.0,0.0,0.0,0.0,0.0,3.333,0.0,14.444,3.333,43.333,35.556,0.0,0.0,0.0,0.0,0.0,0.0,12778.666666666666,0.0,0.0,0.0,0.0,0.0,0.0,0.0,0.0,32.222,224.444,212.222,147.778,274.444,276.667,197.778,203.333,257.778,200.0,1.2642,112.5,1.046911029996262,0.8954909385422629,1.0177360260496733,407.222,8.399388048956084,2.778,0.02127442282037698,156.667,1.1421414257085598,177.4444
malecns_ge5,1.0,A,0.2,8,2,32865,,148.33350000000002,0.8801484492714053,17.778,413.33349999999996,3.0,20.5555,0.0,4.444,200.1109,11631.666666666666,235.556,61.111,0.0,0.0,0.0,0.0,4.444,2.222,23.333,0.0,0.0,0.0,0.0,0.0,0.0,0.0,0.0,0.0,11519.0,35.556,0.0,0.0,0.0,0.0,2.222,2.222,0.0,37.778,0.0,56.667,56.667,0.0,0.0,0.0,0.0,0.0,0.0,13002.666666666666,0.0,0.0,426.667,400.0,1.111,0.0,1.111,0.0,0.0,0.0,20.0,0.0,0.0,0.0,0.0,0.0,0.0,0.0,6125.0,0.0,0.0,422.222,93.333,0.0,41.111,0.0,0.0,1.111,0.0,13.333,7.778,0.0,0.0,0.0,0.0,0.0,0.0,7583.333333333333,11.111,0.0,0.0,0.0,0.0,0.0,4.444,0.0,13.333,3.333,33.333,32.222,0.0,0.0,0.0,0.0,0.0,0.0,12854.333333333334,0.0,0.0,0.0,0.0,0.0,0.0,0.0,0.0,23.333,222.222,208.889,144.444,284.444,261.111,198.889,183.333,263.333,211.111,1.3417076904638612,110.55575,0.97558352954019,0.9021764130091814,1.016393019349984,406.66700000000003,6.166341682915854,3.3335,0.031246923823318472,142.222,1.1348443161772857,176.33335
malecns_ge5,1.0,A,0.2,6,1,32865,,41.111,0.9729756026367639,1.111,411.1115,2.9000000000000004,5.0,6.6665,247.778,203.33340000000004,6736.666666666667,72.222,10.0,0.0,0.0,1.111,0.0,13.333,0.0,1.111,0.0,7.778,5.556,0.0,0.0,0.0,0.0,0.0,0.0,11716.0,2.222,0.0,0.0,0.0,0.0,0.0,45.556,0.0,0.0,0.0,16.667,6.667,0.0,0.0,0.0,0.0,0.0,0.0,13366.666666666666,0.0,0.0,416.667,405.556,0.0,3.333,3.333,5.556,0.0,0.0,1.111,0.0,0.0,0.0,0.0,0.0,0.0,0.0,12490.333333333334,5.556,0.0,416.667,143.333,0.0,8.889,13.333,1.111,0.0,0.0,8.889,2.222,0.0,0.0,0.0,0.0,0.0,0.0,12596.666666666666,1.111,0.0,1.111,3.333,3.333,0.0,247.778,0.0,0.0,0.0,7.778,0.0,0.0,0.0,0.0,0.0,0.0,0.0,13380.333333333334,56.667,0.0,0.0,0.0,0.0,0.0,16.667,0.0,15.556,185.556,246.667,48.889,291.111,270.0,253.333,253.333,275.556,193.333,0.3654311111111111,112.5,1.0865275803020804,0.8954909385422629,1.0095513012558262,407.222,1.7998560115190785,2.778,1.5815583371099209,156.667,1.1458992225170253,177.4444
malecns_ge5,1.0,A,0.2,7,2,32865,,23.333499999999997,1.0,0.0,409.4445,3.135,0.0,16.1115,172.222,179.4444,5275.333333333333,41.111,5.556,0.0,0.0,3.333,0.0,0.0,0.0,0.0,0.0,0.0,0.0,0.0,0.0,0.0,0.0,0.0,0.0,10730.333333333334,0.0,0.0,0.0,0.0,61.111,0.0,53.333,0.0,0.0,1.111,5.556,4.444,0.0,0.0,0.0,0.0,0.0,0.0,12263.333333333334,0.0,0.0,413.333,405.556,140.0,0.0,2.222,0.0,0.0,0.0,0.0,0.0,0.0,0.0,0.0,0.0,0.0,0.0,9937.333333333334,30.0,8.889,406.667,35.556,26.667,0.0,5.556,0.0,0.0,0.0,8.889,0.0,0.0,0.0,0.0,0.0,0.0,0.0,11132.666666666666,0.0,0.0,0.0,0.0,134.444,0.0,172.222,0.0,0.0,2.222,14.444,14.444,0.0,0.0,0.0,0.0,0.0,0.0,11532.333333333334,174.444,0.0,0.0,0.0,3.333,0.0,7.778,0.0,7.778,198.889,117.778,10.0,296.667,282.222,212.222,203.333,262.222,203.333,0.21105641271485198,110.55575,1.1084306634270464,0.9021764130091814,1.006829912434498,406.66700000000003,0.0,3.3335,1.2109378295903588,142.222,1.0176430040034967,176.33335
malecns_ge5,1.0,A,0.2,7,1,32865,,47.222,1.0,0.0,409.44449999999995,3.0,0.5555,31.6665,182.222,183.8889,7407.0,81.111,13.333,0.0,0.0,21.111,0.0,0.0,0.0,0.0,2.222,0.0,1.111,0.0,0.0,0.0,0.0,0.0,0.0,10407.666666666666,0.0,0.0,0.0,0.0,65.556,0.0,43.333,0.0,0.0,0.0,4.444,3.333,0.0,0.0,0.0,0.0,0.0,0.0,12076.666666666666,0.0,0.0,412.222,406.667,135.556,0.0,2.222,0.0,0.0,0.0,0.0,0.0,0.0,0.0,0.0,0.0,0.0,0.0,11660.0,0.0,0.0,402.222,24.444,44.444,1.111,18.889,0.0,0.0,0.0,13.333,0.0,0.0,0.0,0.0,0.0,0.0,0.0,11022.0,0.0,0.0,0.0,0.0,131.111,0.0,182.222,0.0,0.0,2.222,14.444,23.333,0.0,0.0,0.0,0.0,0.0,0.0,11490.333333333334,128.889,0.0,0.0,0.0,10.0,0.0,7.778,0.0,8.889,197.778,141.111,7.778,292.222,288.889,222.222,211.111,260.0,208.889,0.41975111111111113,112.5,1.1167058838449706,0.8954909385422629,1.0054577110274001,407.222,0.19996400287976962,2.778,1.1631166742198422,156.667,1.036318418614507,177.4444
malecns_ge5,1.0,A,0.2,6,2,32865,,84.4445,0.7763146208456442,18.889,412.778,2.9000000000000004,3.3335,7.222,236.667,204.0,12159.666666666666,132.222,36.667,0.0,0.0,1.111,0.0,53.333,4.444,0.0,0.0,41.111,13.333,0.0,0.0,0.0,0.0,0.0,0.0,11817.666666666666,37.778,0.0,0.0,0.0,0.0,0.0,46.667,0.0,0.0,0.0,15.556,4.444,0.0,0.0,0.0,0.0,0.0,0.0,13466.333333333334,0.0,0.0,418.889,406.667,0.0,3.333,6.667,5.556,0.0,0.0,0.0,0.0,0.0,0.0,0.0,0.0,0.0,0.0,12698.666666666666,0.0,0.0,416.667,128.889,0.0,6.667,14.444,0.0,0.0,0.0,10.0,1.111,0.0,0.0,0.0,0.0,0.0,0.0,12647.666666666666,0.0,0.0,0.0,0.0,3.333,0.0,236.667,0.0,0.0,0.0,11.111,0.0,0.0,0.0,0.0,0.0,0.0,0.0,13451.333333333334,117.778,0.0,0.0,0.0,0.0,0.0,25.556,0.0,17.778,183.333,258.889,55.556,300.0,265.556,243.333,246.667,274.444,194.444,0.7638182545910095,110.55575,0.8604909302120534,0.9021764130091814,1.0150270368630845,406.66700000000003,1.0,3.3335,1.6640674438553809,142.222,1.1568997016162854,176.33335
malecns_ge5,1.0,A,0.2,9,1,32865,,45.0,1.0,0.0,413.889,3.0,2.7775,5.0,74.444,230.33349999999996,11294.666666666666,88.889,1.111,0.0,0.0,10.0,1.111,11.111,0.0,10.0,0.0,24.444,31.111,0.0,0.0,0.0,0.0,0.0,0.0,12168.333333333334,0.0,0.0,2.222,3.333,14.444,0.0,7.778,0.0,71.111,0.0,103.333,133.333,0.0,0.0,0.0,0.0,0.0,0.0,9266.0,0.0,0.0,420.0,407.778,0.0,6.667,4.444,0.0,0.0,0.0,11.111,11.111,0.0,0.0,0.0,0.0,0.0,0.0,12933.0,0.0,0.0,406.667,94.444,0.0,3.333,10.0,2.222,25.556,0.0,64.444,78.889,0.0,0.0,0.0,0.0,0.0,0.0,12416.333333333334,7.778,0.0,0.0,1.111,30.0,0.0,74.444,15.556,43.333,0.0,95.556,117.778,0.0,0.0,0.0,0.0,0.0,0.0,12914.666666666666,0.0,0.0,0.0,0.0,8.889,0.0,1.111,0.0,61.111,257.778,265.556,131.111,308.889,295.556,266.667,227.778,271.111,217.778,0.4,112.5,1.1167058838449706,0.8954909385422629,1.0163719052506988,407.222,0.999820014398848,2.778,0.4751734570777509,156.667,1.2980601247489352,177.4444
malecns_ge5,1.0,A,0.2,5,1,32865,,64.4445,0.9137940398327242,5.5555,411.66650000000004,3.0300000000000002,29.444499999999998,12.778,217.778,207.2223,12748.0,117.778,11.111,0.0,0.0,0.0,2.222,7.778,43.333,0.0,0.0,12.222,1.111,0.0,0.0,0.0,0.0,0.0,0.0,13107.666666666666,11.111,0.0,0.0,1.111,3.333,0.0,21.111,42.222,0.0,0.0,7.778,0.0,0.0,0.0,0.0,0.0,0.0,0.0,13881.333333333334,0.0,0.0,408.889,414.444,23.333,3.333,30.0,26.667,0.0,0.0,25.556,0.0,0.0,0.0,0.0,0.0,0.0,0.0,13583.0,0.0,0.0,401.111,63.333,0.0,40.0,25.556,18.889,0.0,0.0,44.444,3.333,0.0,0.0,0.0,0.0,0.0,0.0,13015.0,0.0,0.0,0.0,0.0,37.778,0.0,217.778,0.0,0.0,0.0,22.222,0.0,0.0,0.0,0.0,0.0,0.0,0.0,14911.0,162.222,0.0,0.0,0.0,0.0,0.0,0.0,15.556,8.889,258.889,258.889,35.556,306.667,282.222,230.0,212.222,258.889,220.0,0.57284,112.5,1.0204391809036686,0.8954909385422629,1.0109141942232984,407.222,10.5991720662347,2.778,1.3900693828311004,156.667,1.1678153832975287,177.4444
malecns_ge5,1.0,A,0.2,5,2,32865,,72.2225,0.930769497040396,5.0,412.77750000000003,3.0,39.444500000000005,10.0,218.889,205.5556,12642.666666666666,125.556,18.889,0.0,0.0,2.222,3.333,5.556,42.222,0.0,0.0,6.667,1.111,0.0,0.0,0.0,0.0,0.0,0.0,13148.666666666666,10.0,0.0,1.111,0.0,1.111,0.0,12.222,61.111,0.0,0.0,6.667,0.0,0.0,0.0,0.0,0.0,0.0,0.0,13792.666666666666,0.0,0.0,413.333,412.222,12.222,3.333,18.889,26.667,0.0,0.0,21.111,0.0,0.0,0.0,0.0,0.0,0.0,0.0,13717.333333333334,0.0,0.0,404.444,84.444,0.0,38.889,20.0,40.0,0.0,0.0,31.111,1.111,0.0,0.0,0.0,0.0,0.0,0.0,12914.0,0.0,0.0,0.0,0.0,41.111,0.0,218.889,0.0,0.0,0.0,34.444,0.0,0.0,0.0,0.0,0.0,0.0,0.0,15052.0,197.778,0.0,0.0,0.0,0.0,0.0,1.111,26.667,7.778,262.222,270.0,23.333,311.111,277.778,221.111,208.889,255.556,217.778,0.6532676952578224,110.55575,1.0316934511021445,0.9021764130091814,1.0150258073558955,406.66700000000003,11.832758362081897,3.3335,1.5390656860401344,142.222,1.1657216289488064,176.33335
malecns_ge5,1.0,A,0.2,9,2,32865,,48.333,0.9885068172883951,0.5555,412.222,3.0,3.333,1.6665,74.444,228.33319999999998,11559.333333333334,93.333,3.333,0.0,0.0,3.333,0.0,7.778,0.0,14.444,0.0,30.0,36.667,0.0,0.0,0.0,0.0,0.0,0.0,12245.0,1.111,0.0,3.333,5.556,16.667,0.0,8.889,0.0,56.667,0.0,95.556,118.889,0.0,0.0,0.0,0.0,0.0,0.0,13190.333333333334,0.0,0.0,420.0,404.444,0.0,5.556,4.444,0.0,0.0,0.0,27.778,27.778,0.0,0.0,0.0,0.0,0.0,0.0,12755.666666666666,0.0,0.0,414.444,133.333,0.0,4.444,3.333,2.222,11.111,0.0,33.333,42.222,0.0,0.0,0.0,0.0,0.0,0.0,12365.0,1.111,0.0,0.0,1.111,20.0,0.0,74.444,14.444,36.667,0.0,87.778,108.889,0.0,0.0,0.0,0.0,0.0,0.0,13089.666666666666,0.0,0.0,0.0,0.0,17.778,0.0,0.0,0.0,52.222,265.556,272.222,123.333,311.111,272.222,260.0,223.333,278.889,224.444,0.4371821456595428,110.55575,1.095691267289134,0.9021764130091814,1.0136598248689959,406.66700000000003,0.999850007499625,3.3335,0.5234351928674889,142.222,1.2948951517112333,176.33335
malecns_ge5,1.0,A,0.3,0,1,49298,,133.33350000000002,0.991667510415612,1.111,421.111,3.0,50.0,0.0,157.778,232.00000000000006,4546.333333333333,228.889,37.778,0.0,0.0,0.0,0.0,7.778,7.778,0.0,0.0,0.0,0.0,0.0,0.0,0.0,0.0,0.0,0.0,7324.333333333333,2.222,0.0,3.333,4.444,2.222,1.111,3.333,7.778,0.0,0.0,0.0,3.333,0.0,0.0,0.0,0.0,0.0,0.0,3246.6666666666665,0.0,0.0,427.778,414.444,3.333,16.667,0.0,8.889,0.0,0.0,0.0,0.0,0.0,0.0,0.0,0.0,0.0,0.0,2205.3333333333335,0.0,0.0,420.0,66.667,0.0,67.778,0.0,32.222,0.0,0.0,0.0,0.0,0.0,0.0,0.0,0.0,0.0,0.0,2640.0,0.0,0.0,0.0,0.0,2.222,0.0,157.778,1.111,0.0,0.0,1.111,3.333,0.0,0.0,0.0,0.0,0.0,0.0,9383.666666666666,0.0,0.0,0.0,0.0,0.0,0.0,0.0,0.0,147.778,257.778,247.778,64.444,301.111,301.111,235.556,261.111,271.111,232.222,1.1851866666666668,112.5,1.1074009436990075,0.8954909385422629,1.0341067034688696,407.222,17.998560115190784,2.778,1.007091474273459,156.667,1.3074517989860488,177.4444
malecns_ge5,1.0,A,0.3,2,1,49298,,13.3335,-1.5416432294596318,33.889,411.111,2.9699999999999998,1.6665,27.778,175.556,249.22220000000002,1425.0,26.667,0.0,0.0,1.111,0.0,0.0,14.444,1.111,0.0,0.0,2.222,1.111,0.0,0.0,0.0,0.0,0.0,0.0,4904.333333333333,67.778,0.0,6.667,3.333,0.0,0.0,16.667,0.0,0.0,0.0,1.111,0.0,0.0,0.0,0.0,0.0,0.0,0.0,9517.333333333334,0.0,0.0,413.333,408.889,0.0,3.333,84.444,0.0,0.0,0.0,42.222,1.111,0.0,0.0,0.0,0.0,0.0,0.0,5446.333333333333,0.0,0.0,412.222,130.0,0.0,3.333,55.556,0.0,0.0,0.0,8.889,0.0,0.0,0.0,0.0,0.0,0.0,0.0,3066.3333333333335,2.222,0.0,0.0,0.0,3.333,0.0,175.556,0.0,0.0,0.0,12.222,1.111,0.0,0.0,0.0,0.0,0.0,0.0,4788.666666666667,192.222,0.0,0.0,0.0,0.0,0.0,44.444,0.0,163.333,221.111,266.667,153.333,311.111,326.667,258.889,272.222,283.333,235.556,0.11852,112.5,-1.7215620651273331,0.8954909385422629,1.009550073424324,407.222,0.5998920086393089,2.778,1.120567828579088,156.667,1.4045086799019864,177.4444
malecns_ge5,1.0,A,0.3,0,2,49298,,135.5555,0.9836081900033565,2.222,421.111,2.9699999999999998,42.2225,0.0,150.0,228.33319999999998,4875.0,227.778,43.333,0.0,0.0,0.0,1.111,4.444,7.778,0.0,0.0,0.0,0.0,0.0,0.0,0.0,0.0,0.0,0.0,7608.666666666667,4.444,0.0,3.333,5.556,0.0,1.111,4.444,10.0,0.0,0.0,0.0,1.111,0.0,0.0,0.0,0.0,0.0,0.0,3602.6666666666665,0.0,0.0,431.111,411.111,3.333,11.111,0.0,8.889,0.0,0.0,0.0,0.0,0.0,0.0,0.0,0.0,0.0,0.0,2421.0,0.0,0.0,423.333,114.444,0.0,55.556,0.0,28.889,0.0,0.0,0.0,0.0,0.0,0.0,0.0,0.0,0.0,0.0,2958.6666666666665,3.333,0.0,0.0,0.0,3.333,0.0,150.0,7.778,0.0,0.0,2.222,5.556,0.0,0.0,0.0,0.0,0.0,0.0,9321.333333333334,0.0,0.0,0.0,0.0,0.0,0.0,1.111,1.111,142.222,271.111,240.0,42.222,306.667,283.333,234.444,264.444,268.889,230.0,1.2261279942472463,110.55575,1.090261478597697,0.9021764130091814,1.0355180036737675,406.66700000000003,12.666116694165291,3.3335,1.0546891479517937,142.222,1.2948951517112333,176.33335
malecns_ge5,1.0,A,0.3,2,2,49298,,58.333,0.7523785850204858,14.4445,411.1115,2.9699999999999998,1.6665,33.889,175.556,241.33329999999995,3202.3333333333335,102.222,14.444,0.0,0.0,0.0,0.0,3.333,0.0,0.0,0.0,1.111,0.0,0.0,0.0,0.0,0.0,0.0,0.0,2402.0,28.889,0.0,5.556,3.333,0.0,0.0,4.444,0.0,0.0,0.0,7.778,0.0,0.0,0.0,0.0,0.0,0.0,0.0,9427.0,0.0,0.0,416.667,405.556,0.0,3.333,75.556,0.0,0.0,0.0,24.444,2.222,0.0,0.0,0.0,0.0,0.0,0.0,7141.333333333333,0.0,0.0,412.222,118.889,0.0,3.333,67.778,0.0,0.0,0.0,15.556,0.0,0.0,0.0,0.0,0.0,0.0,0.0,2644.3333333333335,2.222,0.0,0.0,0.0,3.333,0.0,175.556,0.0,0.0,0.0,18.889,1.111,0.0,0.0,0.0,0.0,0.0,0.0,5030.0,194.444,0.0,0.0,0.0,0.0,0.0,63.333,0.0,140.0,208.889,272.222,150.0,310.0,308.889,247.778,264.444,281.111,230.0,0.5276342478794634,110.55575,0.8339594941425595,0.9021764130091814,1.0109290894023857,406.66700000000003,0.4999250037498125,3.3335,1.2343800537188339,142.222,1.3686197194121246,176.33335
malecns_ge5,1.0,A,0.3,4,1,49298,,15.5555,1.0,0.0,418.33349999999996,2.9000000000000004,20.5555,0.0,271.111,228.4445,344.6666666666667,31.111,0.0,0.0,0.0,0.0,0.0,1.111,0.0,0.0,0.0,0.0,0.0,0.0,0.0,0.0,0.0,0.0,0.0,7765.666666666667,0.0,0.0,0.0,0.0,4.444,0.0,7.778,0.0,3.333,0.0,0.0,0.0,0.0,0.0,0.0,0.0,0.0,0.0,5734.333333333333,0.0,0.0,425.556,411.111,1.111,0.0,1.111,0.0,0.0,0.0,0.0,1.111,0.0,0.0,0.0,0.0,0.0,0.0,3512.0,0.0,0.0,416.667,5.556,0.0,41.111,0.0,0.0,0.0,0.0,0.0,0.0,0.0,0.0,0.0,0.0,0.0,0.0,5344.0,2.222,0.0,0.0,0.0,0.0,0.0,271.111,0.0,0.0,0.0,0.0,0.0,0.0,0.0,0.0,0.0,0.0,0.0,8800.333333333334,158.889,0.0,0.0,0.0,0.0,0.0,0.0,0.0,148.889,276.667,232.222,18.889,310.0,310.0,236.667,242.222,283.333,225.556,0.13827111111111112,112.5,1.1167058838449706,0.8954909385422629,1.027286099473997,407.222,7.399388048956083,2.778,1.730492062782845,156.667,1.2874145366097776,177.4444
malecns_ge5,1.0,A,0.3,3,1,49298,,3.3335,1.0,0.0,422.778,3.065,3.3335,20.0,192.222,252.3333,86.0,6.667,0.0,0.0,0.0,0.0,0.0,0.0,0.0,0.0,0.0,1.111,0.0,0.0,0.0,0.0,0.0,0.0,0.0,10633.0,0.0,0.0,1.111,0.0,0.0,0.0,44.444,2.222,86.667,56.667,73.333,52.222,0.0,0.0,0.0,0.0,0.0,0.0,9930.333333333334,0.0,0.0,428.889,416.667,45.556,3.333,37.778,0.0,0.0,0.0,13.333,3.333,0.0,0.0,0.0,0.0,0.0,0.0,8824.333333333334,0.0,0.0,424.444,255.556,0.0,6.667,40.0,0.0,15.556,0.0,20.0,1.111,0.0,0.0,0.0,0.0,0.0,0.0,11040.0,3.333,0.0,0.0,0.0,3.333,0.0,192.222,2.222,44.444,18.889,26.667,13.333,3.333,0.0,0.0,0.0,0.0,0.0,10275.0,95.556,0.0,0.0,0.0,0.0,0.0,8.889,0.0,172.222,277.778,265.556,117.778,321.111,313.333,282.222,263.333,275.556,234.444,0.02963111111111111,112.5,1.1167058838449706,0.8954909385422629,1.0382002936972954,407.222,1.1999640028797696,2.778,1.2269463256461157,156.667,1.4220414958150271,177.4444
malecns_ge5,1.0,A,0.3,1,1,49298,,36.1115,0.9692341774780887,1.111,419.4445,3.035,0.0,3.889,225.556,263.99989999999997,6052.666666666667,65.556,6.667,0.0,0.0,0.0,6.667,7.778,5.556,2.222,0.0,0.0,24.444,0.0,0.0,0.0,0.0,0.0,0.0,8630.0,2.222,0.0,0.0,0.0,0.0,0.0,15.556,0.0,0.0,0.0,0.0,41.111,0.0,0.0,0.0,0.0,0.0,0.0,4513.666666666667,0.0,0.0,435.556,403.333,3.333,0.0,3.333,3.333,0.0,0.0,0.0,4.444,0.0,0.0,0.0,0.0,0.0,0.0,2904.3333333333335,0.0,0.0,426.667,153.333,0.0,0.0,7.778,0.0,0.0,0.0,0.0,0.0,0.0,0.0,0.0,0.0,0.0,0.0,7512.333333333333,0.0,0.0,0.0,0.0,10.0,0.0,225.556,1.111,0.0,0.0,3.333,6.667,0.0,0.0,0.0,0.0,0.0,0.0,9985.666666666666,0.0,0.0,0.0,0.0,0.0,0.0,17.778,0.0,243.333,256.667,274.444,196.667,302.222,312.222,268.889,304.444,281.111,200.0,0.3209911111111111,112.5,1.0823495088134223,0.8954909385422629,1.030014341071946,407.222,0.0,2.778,1.439716085710456,156.667,1.487789414599728,177.4444
malecns_ge5,1.0,A,0.3,4,2,49298,,35.5555,1.0,0.0,417.22249999999997,3.0300000000000002,22.778,0.5555,262.222,223.1112,569.6666666666666,70.0,1.111,0.0,0.0,0.0,0.0,1.111,0.0,0.0,0.0,0.0,0.0,0.0,0.0,0.0,0.0,0.0,0.0,4052.3333333333335,0.0,0.0,0.0,0.0,3.333,0.0,3.333,0.0,0.0,0.0,0.0,0.0,0.0,0.0,0.0,0.0,0.0,0.0,8778.0,0.0,0.0,425.556,408.889,0.0,0.0,0.0,0.0,0.0,0.0,0.0,1.111,0.0,0.0,0.0,0.0,0.0,0.0,4306.0,0.0,0.0,418.889,4.444,0.0,45.556,1.111,0.0,2.222,0.0,1.111,0.0,0.0,0.0,0.0,0.0,0.0,0.0,4157.666666666667,0.0,0.0,0.0,0.0,0.0,0.0,262.222,0.0,0.0,0.0,0.0,0.0,0.0,0.0,0.0,0.0,0.0,0.0,8729.666666666666,132.222,0.0,0.0,0.0,0.0,0.0,0.0,0.0,132.222,277.778,237.778,15.556,310.0,298.889,228.889,231.111,278.889,220.0,0.3216069720480391,110.55575,1.1084306634270464,0.9021764130091814,1.0259561262654702,406.66700000000003,6.833058347082646,3.3335,1.8437513183614347,142.222,1.2652807877806438,176.33335
malecns_ge5,1.0,A,0.3,3,2,49298,,3.889,1.0,0.0,423.33299999999997,2.965,6.111,25.0,180.0,246.55550000000002,99.0,7.778,0.0,0.0,0.0,0.0,0.0,0.0,0.0,0.0,0.0,0.0,0.0,0.0,0.0,0.0,0.0,0.0,0.0,10703.333333333334,0.0,0.0,0.0,0.0,0.0,0.0,43.333,7.778,90.0,60.0,65.556,57.778,0.0,0.0,0.0,0.0,0.0,0.0,9910.666666666666,0.0,0.0,432.222,414.444,43.333,2.222,37.778,0.0,0.0,0.0,10.0,3.333,0.0,0.0,0.0,0.0,0.0,0.0,8060.333333333333,0.0,0.0,425.556,270.0,0.0,8.889,50.0,3.333,7.778,0.0,15.556,0.0,0.0,0.0,0.0,0.0,0.0,0.0,9371.0,3.333,0.0,0.0,0.0,3.333,0.0,180.0,1.111,13.333,5.556,10.0,4.444,5.556,0.0,0.0,0.0,0.0,0.0,11842.0,78.889,0.0,0.0,0.0,0.0,0.0,13.333,0.0,158.889,286.667,262.222,98.889,324.444,293.333,275.556,260.0,273.333,232.222,0.035176822553327165,110.55575,1.1084306634270464,0.9021764130091814,1.0409819336213657,406.66700000000003,1.8332083395830208,3.3335,1.2656269775421523,142.222,1.398235217558108,176.33335
malecns_ge5,1.0,A,0.3,1,2,49298,,62.222,0.9821445790877824,1.111,418.889,3.0,0.0,5.5555,213.333,263.77779999999996,9033.0,110.0,14.444,0.0,0.0,0.0,2.222,12.222,6.667,1.111,0.0,0.0,20.0,0.0,0.0,0.0,0.0,0.0,0.0,8763.0,2.222,0.0,0.0,0.0,0.0,0.0,8.889,0.0,0.0,0.0,0.0,38.889,0.0,0.0,0.0,0.0,0.0,0.0,4588.333333333333,0.0,0.0,438.889,398.889,3.333,0.0,2.222,2.222,0.0,0.0,0.0,2.222,0.0,0.0,0.0,0.0,0.0,0.0,4655.0,0.0,0.0,427.778,131.111,0.0,0.0,11.111,0.0,0.0,0.0,0.0,18.889,0.0,0.0,0.0,0.0,0.0,0.0,7802.0,1.111,0.0,0.0,0.0,6.667,0.0,213.333,3.333,0.0,0.0,3.333,7.778,0.0,0.0,0.0,0.0,0.0,0.0,9739.666666666666,0.0,0.0,0.0,0.0,0.0,0.0,22.222,0.0,246.667,272.222,282.222,202.222,305.556,288.889,264.444,300.0,276.667,198.889,0.5628110704327907,110.55575,1.088639167379548,0.9021764130091814,1.030054073726169,406.66700000000003,0.0,3.3335,1.5,142.222,1.495904206436275,176.33335
malecns_ge5,1.0,A,0.3,6,1,49298,,8.889,-1.7499718753515583,24.4445,416.66650000000004,2.9000000000000004,29.444499999999998,0.0,137.778,211.1111,428.3333333333333,17.778,0.0,0.0,0.0,0.0,0.0,1.111,1.111,0.0,0.0,0.0,4.444,0.0,0.0,0.0,0.0,0.0,0.0,4659.333333333333,48.889,0.0,0.0,2.222,16.667,0.0,5.556,14.444,0.0,0.0,0.0,0.0,0.0,0.0,0.0,0.0,0.0,0.0,6418.0,0.0,0.0,424.444,408.889,0.0,3.333,0.0,54.444,0.0,0.0,0.0,0.0,0.0,0.0,0.0,0.0,0.0,0.0,5123.666666666667,0.0,0.0,425.556,234.444,0.0,5.556,0.0,53.333,0.0,0.0,0.0,0.0,0.0,0.0,0.0,0.0,0.0,0.0,4473.666666666667,0.0,0.0,1.111,1.111,3.333,0.0,137.778,0.0,0.0,0.0,5.556,0.0,0.0,0.0,0.0,0.0,0.0,0.0,6385.0,71.111,0.0,0.0,0.0,0.0,0.0,1.111,0.0,11.111,172.222,225.556,72.222,301.111,300.0,271.111,260.0,280.0,217.778,0.07901333333333332,112.5,-1.9542038897683027,0.8954909385422629,1.0231925092455714,407.222,10.5991720662347,2.778,0.8794321714209118,156.667,1.1897309805212224,177.4444
malecns_ge5,1.0,A,0.3,6,2,49298,,6.111,-11.000245459008346,73.3335,416.667,2.9000000000000004,41.1115,0.0,115.556,211.7777,269.6666666666667,12.222,0.0,0.0,1.111,0.0,0.0,0.0,0.0,0.0,0.0,0.0,0.0,0.0,0.0,0.0,0.0,0.0,0.0,4719.0,146.667,0.0,0.0,2.222,5.556,0.0,2.222,13.333,0.0,0.0,0.0,0.0,0.0,0.0,0.0,0.0,0.0,0.0,8744.666666666666,0.0,0.0,426.667,406.667,0.0,3.333,0.0,51.111,0.0,0.0,0.0,0.0,0.0,0.0,0.0,0.0,0.0,0.0,5251.0,0.0,0.0,426.667,231.111,0.0,5.556,0.0,76.667,0.0,0.0,0.0,0.0,0.0,0.0,0.0,0.0,0.0,0.0,4783.666666666667,0.0,0.0,0.0,0.0,1.111,0.0,115.556,0.0,0.0,0.0,10.0,0.0,0.0,0.0,0.0,0.0,0.0,0.0,6445.666666666667,142.222,0.0,0.0,0.0,0.0,0.0,0.0,0.0,12.222,175.556,233.333,81.111,303.333,292.222,261.111,256.667,284.444,217.778,0.05527527966659355,110.55575,-12.193009371988976,0.9021764130091814,1.0245901437785705,406.66700000000003,12.332833358332083,3.3335,0.8125043945381164,142.222,1.2010076369558,176.33335
malecns_ge5,1.0,A,0.3,5,1,49298,,16.111,0.48274470858419716,8.3335,404.4445,3.0300000000000002,46.6665,11.6665,253.333,247.11119999999997,4068.0,31.111,1.111,0.0,0.0,0.0,1.111,4.444,15.556,0.0,0.0,0.0,1.111,0.0,0.0,0.0,0.0,0.0,0.0,9940.333333333334,16.667,0.0,0.0,0.0,4.444,1.111,52.222,36.667,0.0,0.0,11.111,1.111,0.0,0.0,0.0,0.0,0.0,0.0,8325.666666666666,0.0,0.0,403.333,405.556,0.0,3.333,7.778,71.111,0.0,0.0,3.333,0.0,0.0,0.0,0.0,0.0,0.0,0.0,11048.333333333334,0.0,0.0,397.778,16.667,0.0,23.333,23.333,70.0,0.0,0.0,24.444,0.0,0.0,0.0,0.0,0.0,0.0,0.0,10731.333333333334,0.0,0.0,0.0,0.0,25.556,0.0,253.333,96.667,0.0,0.0,7.778,0.0,2.222,0.0,0.0,0.0,0.0,0.0,11906.0,153.333,0.0,0.0,0.0,0.0,0.0,4.444,24.444,132.222,318.889,295.556,147.778,317.778,295.556,242.222,211.111,265.556,244.444,0.14320888888888889,112.5,0.5390838564709987,0.8954909385422629,0.9931793960051275,407.222,16.798596112311014,2.778,1.6170157084772159,156.667,1.3926119956448328,177.4444
malecns_ge5,1.0,A,0.3,5,2,49298,,21.111,0.7368433518071147,5.5555,402.77750000000003,3.0,53.888999999999996,12.222,255.556,246.33319999999998,4086.6666666666665,40.0,2.222,0.0,0.0,0.0,2.222,6.667,21.111,0.0,0.0,0.0,1.111,0.0,0.0,0.0,0.0,0.0,0.0,9971.666666666666,11.111,0.0,2.222,2.222,0.0,0.0,50.0,47.778,0.0,0.0,6.667,1.111,0.0,0.0,0.0,0.0,0.0,0.0,9832.0,0.0,0.0,403.333,402.222,0.0,3.333,15.556,84.444,0.0,0.0,3.333,0.0,0.0,0.0,0.0,0.0,0.0,0.0,10922.333333333334,0.0,0.0,401.111,11.111,0.0,25.556,24.444,82.222,0.0,0.0,12.222,0.0,0.0,0.0,0.0,0.0,0.0,0.0,10420.0,0.0,0.0,0.0,0.0,15.556,0.0,255.556,102.222,0.0,0.0,7.778,0.0,0.0,0.0,0.0,0.0,0.0,0.0,11931.666666666666,208.889,0.0,0.0,0.0,0.0,0.0,2.222,32.222,131.111,332.222,303.333,162.222,324.444,282.222,221.111,206.667,264.444,235.556,0.19095343299647463,110.55575,0.8167397652853687,0.9021764130091814,0.9904356635773249,406.66700000000003,16.16589170541473,3.3335,1.7968809326264572,142.222,1.3969745371479643,176.33335
malecns_ge5,1.0,A,0.4,0,1,65730,,107.222,0.9481869392475425,5.5555,426.111,3.0,32.2225,0.0,230.0,245.2223,1397.6666666666667,194.444,20.0,0.0,0.0,14.444,2.222,20.0,11.111,1.111,0.0,1.111,0.0,0.0,0.0,0.0,0.0,0.0,0.0,1000.0,11.111,0.0,3.333,2.222,0.0,0.0,0.0,0.0,0.0,0.0,2.222,2.222,0.0,0.0,0.0,0.0,0.0,0.0,2555.6666666666665,0.0,0.0,437.778,414.444,3.333,3.333,3.333,3.333,0.0,0.0,0.0,0.0,0.0,0.0,0.0,0.0,0.0,0.0,1780.6666666666667,0.0,0.0,430.0,165.556,0.0,18.889,0.0,45.556,0.0,0.0,0.0,0.0,0.0,0.0,0.0,0.0,0.0,0.0,1020.0,10.0,0.0,2.222,0.0,0.0,0.0,230.0,38.889,0.0,0.0,3.333,0.0,0.0,0.0,0.0,0.0,0.0,0.0,6651.0,0.0,0.0,0.0,0.0,0.0,0.0,15.556,0.0,135.556,258.889,275.556,142.222,316.667,318.889,240.0,263.333,273.333,227.778,0.9530844444444444,112.5,1.0588459340426843,0.8954909385422629,1.0463850184911425,407.222,11.5991720662347,2.778,1.468081982804292,156.667,1.381966971062485,177.4444
malecns_ge5,1.0,A,0.4,0,2,65730,,125.5555,0.9557526352887766,5.5555,426.111,2.9699999999999998,23.889,0.0,222.222,242.8888,1436.3333333333333,221.111,30.0,0.0,0.0,10.0,1.111,18.889,8.889,1.111,0.0,0.0,0.0,0.0,0.0,0.0,0.0,0.0,0.0,906.6666666666666,11.111,0.0,6.667,1.111,1.111,0.0,0.0,0.0,0.0,0.0,0.0,0.0,0.0,0.0,0.0,0.0,0.0,0.0,2662.3333333333335,0.0,0.0,440.0,412.222,3.333,3.333,3.333,5.556,0.0,0.0,0.0,0.0,0.0,0.0,0.0,0.0,0.0,0.0,1844.6666666666667,0.0,0.0,434.444,188.889,0.0,7.778,0.0,40.0,0.0,0.0,0.0,0.0,0.0,0.0,0.0,0.0,0.0,0.0,1086.3333333333333,3.333,0.0,0.0,0.0,0.0,0.0,222.222,38.889,0.0,0.0,4.444,0.0,0.0,0.0,0.0,0.0,0.0,0.0,6461.666666666667,0.0,0.0,0.0,0.0,0.0,0.0,11.111,0.0,141.111,273.333,282.222,128.889,321.111,298.889,226.667,264.444,268.889,223.333,1.1356758920273256,110.55575,1.0593855276052866,0.9021764130091814,1.0478130755630528,406.66700000000003,7.166341682915855,3.3335,1.5625008789076233,142.222,1.377441079636949,176.33335
malecns_ge5,1.0,A,0.3,8,1,49298,,38.889,1.0,0.0,416.1115,2.965,0.0,2.222,7.778,203.2222,2454.3333333333335,71.111,6.667,0.0,0.0,0.0,0.0,2.222,2.222,0.0,0.0,0.0,1.111,0.0,0.0,0.0,0.0,0.0,0.0,8354.666666666666,0.0,0.0,0.0,0.0,0.0,0.0,0.0,0.0,6.667,0.0,1.111,43.333,0.0,0.0,0.0,0.0,0.0,0.0,5267.666666666667,0.0,0.0,425.556,406.667,3.333,0.0,4.444,0.0,0.0,0.0,3.333,0.0,0.0,0.0,0.0,0.0,0.0,0.0,2383.6666666666665,0.0,0.0,418.889,125.556,0.0,0.0,4.444,0.0,0.0,0.0,3.333,0.0,0.0,0.0,0.0,0.0,0.0,0.0,5994.333333333333,16.667,0.0,7.778,3.333,0.0,0.0,7.778,0.0,3.333,0.0,22.222,16.667,0.0,0.0,0.0,0.0,0.0,0.0,9454.666666666666,0.0,0.0,0.0,0.0,0.0,0.0,0.0,1.111,17.778,216.667,194.444,128.889,290.0,284.444,218.889,208.889,261.111,211.111,0.34568000000000004,112.5,1.1167058838449706,0.8954909385422629,1.0218296162780989,407.222,0.0,2.778,0.049646702879355575,156.667,1.1452725473444074,177.4444
malecns_ge5,1.0,A,0.4,2,1,65730,,65.55550000000001,0.06779751508264009,61.111,407.77750000000003,2.9699999999999998,12.778,35.0,13.333,285.889,1614.6666666666667,128.889,2.222,0.0,0.0,0.0,0.0,26.667,36.667,0.0,0.0,1.111,0.0,0.0,0.0,0.0,0.0,0.0,0.0,1806.0,122.222,0.0,1.111,0.0,1.111,4.444,6.667,1.111,0.0,0.0,3.333,0.0,0.0,0.0,0.0,0.0,0.0,0.0,3004.0,0.0,0.0,413.333,402.222,0.0,0.0,87.778,5.556,0.0,0.0,0.0,2.222,0.0,0.0,0.0,0.0,0.0,0.0,2492.0,0.0,0.0,412.222,115.556,0.0,0.0,70.0,25.556,0.0,0.0,1.111,0.0,0.0,0.0,0.0,0.0,0.0,0.0,1203.3333333333333,0.0,0.0,0.0,0.0,3.333,1.111,13.333,20.0,0.0,0.0,35.556,31.111,0.0,0.0,0.0,0.0,0.0,0.0,3085.3333333333335,241.111,0.0,0.0,0.0,0.0,0.0,0.0,0.0,286.667,300.0,290.0,266.667,302.222,327.778,260.0,271.111,298.889,255.556,0.5827155555555557,112.5,0.07570988400285233,0.8954909385422629,1.0013641207989747,407.222,4.599712023038157,2.778,0.08510407424665054,156.667,1.611146928277252,177.4444
malecns_ge5,1.0,A,0.4,2,2,65730,,77.222,0.35251612234855345,50.0,406.667,2.9699999999999998,7.222,42.778,5.556,280.2221,1716.3333333333333,141.111,13.333,0.0,0.0,0.0,0.0,25.556,45.556,0.0,0.0,3.333,0.0,0.0,0.0,0.0,0.0,0.0,0.0,1918.6666666666667,100.0,0.0,1.111,0.0,0.0,0.0,14.444,5.556,0.0,0.0,11.111,0.0,0.0,0.0,0.0,0.0,0.0,0.0,3121.6666666666665,0.0,0.0,416.667,396.667,0.0,0.0,88.889,11.111,0.0,0.0,0.0,2.222,0.0,0.0,0.0,0.0,0.0,0.0,2465.0,0.0,0.0,415.556,116.667,0.0,0.0,85.556,14.444,0.0,0.0,1.111,0.0,0.0,0.0,0.0,0.0,0.0,0.0,1191.0,0.0,0.0,0.0,0.0,3.333,0.0,5.556,30.0,0.0,0.0,42.222,34.444,0.0,0.0,0.0,0.0,0.0,0.0,2899.3333333333335,236.667,0.0,0.0,0.0,0.0,0.0,0.0,0.0,272.222,302.222,294.444,257.778,303.333,312.222,252.222,261.111,296.667,250.0,0.6984892237626718,110.55575,0.390739679363537,0.9021764130091814,0.9999999999999999,406.66700000000003,2.1664916754162293,3.3335,0.03906568604013443,142.222,1.5891610974327885,176.33335
malecns_ge5,1.0,A,0.3,8,2,49298,,65.5555,1.0,0.0,416.111,3.0,0.0,3.3335,6.667,202.2223,8099.666666666667,114.444,16.667,0.0,0.0,0.0,2.222,11.111,1.111,2.222,0.0,0.0,2.222,0.0,0.0,0.0,0.0,0.0,0.0,8410.333333333334,0.0,0.0,0.0,0.0,0.0,3.333,0.0,0.0,8.889,0.0,1.111,45.556,0.0,0.0,0.0,0.0,0.0,0.0,8582.666666666666,0.0,0.0,427.778,404.444,3.333,0.0,3.333,0.0,0.0,0.0,3.333,0.0,0.0,0.0,0.0,0.0,0.0,0.0,2368.0,0.0,0.0,421.111,138.889,0.0,0.0,6.667,0.0,0.0,0.0,3.333,0.0,0.0,0.0,0.0,0.0,0.0,0.0,5142.0,7.778,0.0,10.0,6.667,0.0,0.0,6.667,0.0,4.444,0.0,23.333,10.0,0.0,0.0,0.0,0.0,0.0,0.0,9581.666666666666,0.0,0.0,0.0,0.0,0.0,0.0,0.0,0.0,13.333,220.0,192.222,146.667,297.778,273.333,220.0,185.556,256.667,216.667,0.5929632787078012,110.55575,1.1084306634270464,0.9021764130091814,1.023222931784482,406.66700000000003,0.0,3.3335,0.04687741699596405,142.222,1.1468182280890142,176.33335
malecns_ge5,1.0,A,0.4,1,1,65730,,2.222,1.0,0.0,418.889,3.035,0.0,2.222,112.222,292.3333,264.3333333333333,4.444,0.0,0.0,0.0,0.0,0.0,0.0,0.0,0.0,0.0,0.0,0.0,0.0,0.0,0.0,0.0,0.0,0.0,4379.0,0.0,0.0,0.0,0.0,5.556,0.0,3.333,23.333,5.556,0.0,0.0,1.111,0.0,0.0,0.0,0.0,0.0,0.0,2735.0,0.0,0.0,428.889,408.889,30.0,0.0,0.0,0.0,0.0,0.0,0.0,24.444,0.0,0.0,0.0,0.0,0.0,0.0,2020.3333333333333,0.0,0.0,424.444,198.889,0.0,0.0,4.444,0.0,0.0,0.0,0.0,7.778,0.0,0.0,0.0,0.0,0.0,0.0,5837.333333333333,0.0,0.0,3.333,1.111,41.111,0.0,112.222,30.0,13.333,0.0,3.333,6.667,0.0,0.0,0.0,0.0,0.0,0.0,6717.666666666667,0.0,0.0,0.0,0.0,2.222,0.0,45.556,1.111,314.444,297.778,307.778,234.444,310.0,334.444,281.111,327.778,296.667,218.889,0.01975111111111111,112.5,1.1167058838449706,0.8954909385422629,1.0286502202729715,407.222,0.0,2.778,0.7163091142359271,156.667,1.647464219778139,177.4444
malecns_ge5,1.0,A,0.4,1,2,65730,,0.0,,0.0,418.889,3.0,0.0,2.222,112.222,291.3333,258.0,0.0,0.0,0.0,0.0,0.0,0.0,0.0,0.0,0.0,0.0,0.0,0.0,0.0,0.0,0.0,0.0,0.0,0.0,4424.666666666667,0.0,0.0,0.0,0.0,5.556,0.0,2.222,23.333,21.111,0.0,0.0,0.0,0.0,0.0,0.0,0.0,0.0,0.0,2706.3333333333335,0.0,0.0,431.111,406.667,26.667,0.0,0.0,0.0,0.0,0.0,0.0,32.222,0.0,0.0,0.0,0.0,0.0,0.0,2021.6666666666667,0.0,0.0,426.667,190.0,0.0,0.0,4.444,0.0,0.0,0.0,0.0,5.556,0.0,0.0,0.0,0.0,0.0,0.0,5942.333333333333,1.111,0.0,0.0,0.0,35.556,0.0,112.222,12.222,15.556,0.0,3.333,5.556,0.0,0.0,0.0,0.0,0.0,0.0,6888.333333333333,0.0,0.0,0.0,0.0,3.333,0.0,36.667,0.0,312.222,310.0,313.333,232.222,317.778,315.556,275.556,328.889,293.333,214.444,0.0,110.55575,,0.9021764130091814,1.030054073726169,406.66700000000003,0.0,3.3335,0.7890621704096412,142.222,1.652173567847489,176.33335
malecns_ge5,1.0,A,0.3,9,1,49298,,46.1115,0.9879531136484391,0.5555,415.5555,3.0,4.4445,0.0,90.0,235.9998,3556.0,86.667,5.556,0.0,0.0,10.0,0.0,0.0,5.556,0.0,0.0,0.0,0.0,0.0,0.0,0.0,0.0,0.0,0.0,2978.6666666666665,1.111,0.0,37.778,8.889,0.0,0.0,0.0,2.222,0.0,0.0,0.0,1.111,0.0,0.0,0.0,0.0,0.0,0.0,5506.0,0.0,0.0,422.222,408.889,0.0,3.333,0.0,0.0,0.0,0.0,1.111,0.0,0.0,0.0,0.0,0.0,0.0,0.0,3061.6666666666665,0.0,0.0,420.0,217.778,0.0,6.667,0.0,2.222,0.0,0.0,0.0,0.0,0.0,0.0,0.0,0.0,0.0,0.0,8138.333333333333,0.0,0.0,0.0,1.111,6.667,0.0,90.0,20.0,0.0,0.0,56.667,27.778,0.0,0.0,0.0,0.0,0.0,0.0,7891.333333333333,0.0,0.0,0.0,0.0,0.0,0.0,0.0,0.0,92.222,253.333,270.0,171.111,314.444,298.889,253.333,218.889,273.333,214.444,0.40988,112.5,1.1032530549741708,0.8954909385422629,1.0204642676476223,407.222,1.5998920086393087,2.778,0.5744668628364621,156.667,1.32999294426874,177.4444
malecns_ge5,1.0,A,0.3,9,2,49298,,70.0,0.9920642857142857,0.5555,415.556,3.0,4.4445,0.0,97.778,233.7778,4270.333333333333,121.111,18.889,0.0,0.0,2.222,0.0,0.0,0.0,1.111,0.0,2.222,3.333,0.0,0.0,0.0,0.0,0.0,0.0,6591.666666666667,1.111,0.0,17.778,7.778,0.0,0.0,0.0,0.0,1.111,0.0,26.667,25.556,0.0,0.0,0.0,0.0,0.0,0.0,5530.666666666667,0.0,0.0,425.556,405.556,0.0,3.333,0.0,0.0,0.0,0.0,0.0,0.0,0.0,0.0,0.0,0.0,0.0,0.0,5449.666666666667,0.0,0.0,418.889,177.778,0.0,6.667,0.0,2.222,0.0,0.0,10.0,2.222,0.0,0.0,0.0,0.0,0.0,0.0,6098.0,0.0,0.0,0.0,3.333,2.222,0.0,97.778,15.556,0.0,0.0,46.667,18.889,0.0,0.0,0.0,0.0,0.0,0.0,9234.0,0.0,0.0,0.0,0.0,0.0,0.0,0.0,0.0,90.0,266.667,268.889,187.778,314.444,265.556,251.111,205.556,274.444,213.333,0.633164715539445,110.55575,1.0996344743765647,0.9021764130091814,1.0218581788047714,406.66700000000003,1.3332833358332083,3.3335,0.6875026367228699,142.222,1.325771897375057,176.33335
malecns_ge5,1.0,A,0.3,7,1,49298,,62.778,0.8938083405014495,6.6665,410.5555,3.0,0.5555,5.556,171.111,188.4444,4254.0,106.667,18.889,0.0,0.0,0.0,0.0,0.0,0.0,0.0,0.0,0.0,0.0,0.0,0.0,0.0,0.0,0.0,0.0,8182.333333333333,13.333,0.0,1.111,0.0,27.778,0.0,12.222,0.0,0.0,0.0,0.0,0.0,0.0,0.0,0.0,0.0,0.0,0.0,9192.666666666666,0.0,0.0,412.222,408.889,168.889,0.0,4.444,0.0,0.0,0.0,0.0,0.0,0.0,0.0,0.0,0.0,0.0,0.0,8392.0,50.0,10.0,397.778,28.889,5.556,1.111,5.556,0.0,0.0,5.556,2.222,0.0,0.0,0.0,0.0,0.0,0.0,0.0,8686.666666666666,0.0,0.0,0.0,0.0,123.333,0.0,171.111,0.0,0.0,0.0,10.0,2.222,0.0,0.0,0.0,0.0,0.0,0.0,8902.666666666666,138.889,0.0,0.0,0.0,22.222,0.0,8.889,0.0,8.889,225.556,154.444,6.667,302.222,292.222,234.444,197.778,258.889,203.333,0.5580266666666667,112.5,0.9981210328676776,0.8954909385422629,1.0081859526253494,407.222,0.19996400287976962,2.778,1.0921955485201094,156.667,1.0619912490898558,177.4444
malecns_ge5,1.0,A,0.3,7,2,49298,,57.778000000000006,0.88461871300495,6.6665,410.55550000000005,3.135,0.5555,6.6665,157.778,187.00000000000003,6495.666666666667,97.778,17.778,0.0,0.0,1.111,0.0,0.0,0.0,0.0,5.556,1.111,3.333,0.0,0.0,0.0,0.0,0.0,0.0,8210.666666666666,13.333,0.0,2.222,1.111,31.111,0.0,5.556,0.0,0.0,0.0,3.333,2.222,0.0,0.0,0.0,0.0,0.0,0.0,8260.333333333334,0.0,0.0,413.333,407.778,164.444,0.0,3.333,0.0,0.0,0.0,0.0,0.0,0.0,0.0,0.0,0.0,0.0,0.0,8825.333333333334,23.333,4.444,402.222,28.889,10.0,1.111,3.333,0.0,0.0,1.111,2.222,0.0,0.0,0.0,0.0,0.0,0.0,0.0,8631.333333333334,0.0,0.0,0.0,0.0,121.111,0.0,157.778,0.0,0.0,0.0,10.0,5.556,0.0,0.0,0.0,0.0,0.0,0.0,9012.333333333334,171.111,0.0,0.0,0.0,6.667,0.0,5.556,0.0,7.778,233.333,133.333,8.889,303.333,283.333,227.778,215.556,258.889,197.778,0.522614156206258,110.55575,0.9805385069360567,0.9021764130091814,1.0095618774082973,406.66700000000003,0.16664166791660417,3.3335,1.1093782959035872,142.222,1.0604913931482618,176.33335
malecns_ge5,1.0,A,0.4,3,1,65730,,10.5555,1.0,0.0,415.5555,3.065,22.222,7.778,237.778,274.3334,84.66666666666667,21.111,0.0,0.0,0.0,0.0,0.0,0.0,0.0,0.0,0.0,0.0,0.0,0.0,0.0,0.0,0.0,0.0,0.0,7767.333333333333,0.0,0.0,1.111,1.111,0.0,2.222,13.333,3.333,52.222,38.889,45.556,42.222,0.0,0.0,0.0,0.0,0.0,0.0,2553.0,0.0,0.0,421.111,410.0,0.0,6.667,14.444,0.0,0.0,0.0,0.0,0.0,0.0,0.0,0.0,0.0,0.0,0.0,1845.6666666666667,0.0,0.0,420.0,272.222,0.0,44.444,15.556,0.0,0.0,0.0,0.0,0.0,0.0,0.0,0.0,0.0,0.0,0.0,2736.0,21.111,0.0,0.0,0.0,0.0,0.0,237.778,0.0,0.0,0.0,0.0,0.0,0.0,0.0,0.0,0.0,0.0,0.0,9344.666666666666,101.111,0.0,0.0,0.0,0.0,0.0,6.667,0.0,245.556,298.889,306.667,152.222,321.111,316.667,282.222,277.778,291.111,251.111,0.09382666666666667,112.5,1.1167058838449706,0.8954909385422629,1.0204642676476223,407.222,7.999280057595393,2.778,1.5177286856836474,156.667,1.5460245575515483,177.4444
malecns_ge5,1.0,A,0.4,3,2,65730,,8.3335,1.0,0.0,416.66650000000004,2.965,15.0,9.4445,228.889,271.4445,95.66666666666667,16.667,0.0,0.0,0.0,0.0,0.0,0.0,0.0,0.0,0.0,0.0,0.0,0.0,0.0,0.0,0.0,0.0,0.0,7698.666666666667,0.0,0.0,1.111,1.111,0.0,1.111,14.444,2.222,47.778,36.667,32.222,37.778,0.0,0.0,0.0,0.0,0.0,0.0,2466.6666666666665,0.0,0.0,424.444,408.889,0.0,5.556,10.0,0.0,0.0,0.0,0.0,0.0,0.0,0.0,0.0,0.0,0.0,0.0,2251.6666666666665,0.0,0.0,422.222,263.333,0.0,28.889,18.889,1.111,0.0,0.0,0.0,0.0,0.0,0.0,0.0,0.0,0.0,0.0,2810.0,8.889,0.0,0.0,0.0,0.0,0.0,228.889,0.0,0.0,0.0,0.0,0.0,0.0,0.0,0.0,0.0,0.0,0.0,9375.333333333334,101.111,0.0,0.0,0.0,0.0,0.0,2.222,0.0,235.556,308.889,308.889,151.111,326.667,297.778,274.444,276.667,290.0,244.444,0.07537825938497093,110.55575,1.1084306634270464,0.9021764130091814,1.0245889142713818,406.66700000000003,4.4997750112494375,3.3335,1.6093782959035874,142.222,1.5393826522322636,176.33335
malecns_ge5,1.0,A,0.4,4,1,65730,,12.222,1.0,0.0,417.77750000000003,2.9000000000000004,58.889,0.0,263.333,249.6667,355.3333333333333,24.444,0.0,0.0,0.0,0.0,0.0,0.0,0.0,0.0,0.0,0.0,0.0,0.0,0.0,0.0,0.0,0.0,0.0,943.0,0.0,0.0,0.0,0.0,0.0,0.0,0.0,0.0,0.0,0.0,0.0,0.0,0.0,0.0,0.0,0.0,0.0,0.0,2188.6666666666665,0.0,0.0,422.222,413.333,2.222,18.889,0.0,0.0,0.0,0.0,0.0,0.0,0.0,0.0,0.0,0.0,0.0,0.0,1537.0,0.0,0.0,417.778,37.778,0.0,117.778,0.0,0.0,0.0,0.0,0.0,0.0,0.0,0.0,0.0,0.0,0.0,0.0,2554.0,0.0,0.0,0.0,0.0,3.333,0.0,263.333,0.0,0.0,0.0,0.0,0.0,0.0,0.0,0.0,0.0,0.0,0.0,6189.333333333333,183.333,0.0,0.0,0.0,0.0,0.0,0.0,2.222,225.556,312.222,227.778,88.889,312.222,315.556,242.222,252.222,282.222,237.778,0.10864,112.5,1.1167058838449706,0.8954909385422629,1.0259207508435204,407.222,21.198344132469405,2.778,1.6808453599034898,156.667,1.4070136899220262,177.4444
malecns_ge5,1.0,A,0.4,4,2,65730,,11.111,1.0,0.0,417.222,3.0300000000000002,54.4445,0.0,255.556,244.7779,248.0,22.222,0.0,0.0,0.0,0.0,0.0,0.0,0.0,0.0,0.0,0.0,0.0,0.0,0.0,0.0,0.0,0.0,0.0,916.0,0.0,0.0,0.0,0.0,0.0,0.0,0.0,0.0,0.0,0.0,0.0,0.0,0.0,0.0,0.0,0.0,0.0,0.0,2118.3333333333335,0.0,0.0,424.444,410.0,2.222,8.889,0.0,0.0,0.0,0.0,0.0,0.0,0.0,0.0,0.0,0.0,0.0,0.0,1541.0,0.0,0.0,420.0,44.444,0.0,108.889,0.0,0.0,0.0,0.0,0.0,0.0,0.0,0.0,0.0,0.0,0.0,0.0,3584.3333333333335,5.556,0.0,0.0,0.0,7.778,0.0,255.556,0.0,0.0,0.0,0.0,0.0,0.0,0.0,0.0,0.0,0.0,0.0,6471.333333333333,144.444,0.0,0.0,0.0,0.0,0.0,0.0,1.111,217.778,321.111,225.556,83.333,312.222,305.556,226.667,247.778,278.889,228.889,0.10050133077655392,110.55575,1.1084306634270464,0.9021764130091814,1.0259548967582812,406.66700000000003,16.332533373331334,3.3335,1.7968809326264572,142.222,1.388154311138534,176.33335
malecns_ge5,1.0,A,0.4,6,1,65730,,20.0,1.0,0.0,417.222,2.9000000000000004,33.3335,10.0,100.0,248.7777,368.6666666666667,40.0,0.0,0.0,0.0,0.0,0.0,1.111,0.0,0.0,0.0,0.0,4.444,0.0,0.0,0.0,0.0,0.0,0.0,3059.3333333333335,0.0,0.0,0.0,7.778,62.222,0.0,8.889,10.0,0.0,0.0,0.0,0.0,0.0,0.0,0.0,0.0,0.0,0.0,4685.666666666667,0.0,0.0,424.444,410.0,10.0,0.0,0.0,26.667,0.0,0.0,0.0,3.333,0.0,0.0,0.0,0.0,0.0,0.0,3929.6666666666665,0.0,0.0,424.444,252.222,20.0,0.0,0.0,66.667,0.0,0.0,0.0,0.0,0.0,0.0,0.0,0.0,0.0,0.0,2914.6666666666665,0.0,0.0,4.444,8.889,5.556,0.0,100.0,0.0,0.0,0.0,1.111,7.778,0.0,0.0,0.0,0.0,0.0,0.0,3699.3333333333335,0.0,0.0,0.0,0.0,0.0,0.0,0.0,0.0,96.667,212.222,273.333,232.222,302.222,308.889,285.556,274.444,283.333,218.889,0.17777777777777778,112.5,1.1167058838449706,0.8954909385422629,1.0245566300445457,407.222,11.99910007199424,2.778,0.6382965142627356,156.667,1.4020036698819462,177.4444
malecns_ge5,1.0,A,0.5,0,1,82162,,77.222,0.956832249876978,3.3335,419.4445,3.0,35.5555,0.0,255.556,276.6668,166.33333333333334,143.333,11.111,0.0,0.0,0.0,5.556,0.0,0.0,0.0,0.0,0.0,0.0,0.0,0.0,0.0,0.0,0.0,0.0,291.6666666666667,6.667,0.0,0.0,0.0,0.0,0.0,0.0,0.0,0.0,0.0,0.0,0.0,0.0,0.0,0.0,0.0,0.0,0.0,1615.3333333333333,0.0,0.0,428.889,410.0,3.333,27.778,1.111,52.222,0.0,0.0,0.0,0.0,0.0,0.0,0.0,0.0,0.0,0.0,1098.0,0.0,0.0,423.333,144.444,0.0,38.889,0.0,32.222,0.0,0.0,0.0,0.0,0.0,0.0,0.0,0.0,0.0,0.0,767.6666666666666,1.111,0.0,0.0,0.0,0.0,0.0,255.556,57.778,0.0,0.0,24.444,0.0,0.0,0.0,0.0,0.0,0.0,0.0,2371.0,0.0,0.0,0.0,0.0,0.0,0.0,4.444,0.0,196.667,285.556,288.889,177.778,321.111,327.778,301.111,307.778,296.667,263.333,0.6864177777777777,112.5,1.0685002032902426,0.8954909385422629,1.030014341071946,407.222,12.79895608351332,2.778,1.6312050399892766,156.667,1.5591745921539368,177.4444
malecns_ge5,1.0,A,0.5,0,2,82162,,111.6665,0.9253715304052692,8.3335,420.5555,2.9699999999999998,35.0,0.0,241.111,275.77779999999996,219.66666666666666,198.889,24.444,0.0,0.0,0.0,1.111,1.111,0.0,0.0,0.0,0.0,0.0,0.0,0.0,0.0,0.0,0.0,0.0,328.3333333333333,16.667,0.0,2.222,5.556,0.0,0.0,0.0,0.0,0.0,0.0,0.0,0.0,0.0,0.0,0.0,0.0,0.0,0.0,1711.6666666666667,0.0,0.0,434.444,406.667,3.333,26.667,2.222,57.778,0.0,0.0,0.0,0.0,0.0,0.0,0.0,0.0,0.0,0.0,1100.0,0.0,0.0,426.667,144.444,0.0,40.0,0.0,30.0,0.0,0.0,0.0,0.0,0.0,0.0,0.0,0.0,0.0,0.0,800.6666666666666,1.111,0.0,0.0,0.0,0.0,0.0,241.111,56.667,0.0,0.0,24.444,0.0,0.0,0.0,0.0,0.0,0.0,0.0,2332.6666666666665,0.0,0.0,0.0,0.0,0.0,0.0,4.444,0.0,195.556,293.333,295.556,173.333,326.667,310.0,292.222,307.778,300.0,263.333,1.0100469672540777,110.55575,1.0257101793636139,0.9021764130091814,1.0341520211868678,406.66700000000003,10.499475026248687,3.3335,1.6953143676786993,142.222,1.5639571300607626,176.33335
malecns_ge5,1.0,A,0.4,6,2,65730,,17.222,1.0,0.0,416.667,2.9000000000000004,36.6665,6.111,80.0,251.66680000000002,288.3333333333333,34.444,0.0,0.0,3.333,0.0,0.0,0.0,0.0,0.0,0.0,0.0,4.444,0.0,0.0,0.0,0.0,0.0,0.0,3072.0,0.0,0.0,0.0,5.556,52.222,0.0,7.778,8.889,0.0,0.0,0.0,0.0,0.0,0.0,0.0,0.0,0.0,0.0,4735.666666666667,0.0,0.0,426.667,406.667,8.889,0.0,0.0,33.333,0.0,0.0,0.0,3.333,0.0,0.0,0.0,0.0,0.0,0.0,4052.6666666666665,0.0,0.0,426.667,233.333,12.222,0.0,0.0,73.333,0.0,0.0,0.0,0.0,0.0,1.111,0.0,0.0,0.0,0.0,2982.0,0.0,0.0,0.0,3.333,2.222,0.0,80.0,0.0,0.0,0.0,3.333,6.667,0.0,0.0,0.0,0.0,0.0,0.0,3796.3333333333335,0.0,0.0,0.0,0.0,0.0,0.0,0.0,0.0,100.0,228.889,277.778,238.889,305.556,297.778,285.556,280.0,284.444,217.778,0.15577661044314747,110.55575,1.1084306634270464,0.9021764130091814,1.0245901437785705,406.66700000000003,10.9994000299985,3.3335,0.5625008789076232,142.222,1.4272217932682616,176.33335
malecns_ge5,1.0,A,0.4,8,1,65730,,30.5555,1.0,0.0,419.4445,2.965,0.5555,3.3335,8.889,224.0,593.6666666666666,61.111,0.0,0.0,0.0,0.0,0.0,0.0,0.0,0.0,0.0,1.111,2.222,0.0,0.0,0.0,0.0,0.0,0.0,7366.0,0.0,0.0,0.0,0.0,1.111,0.0,0.0,0.0,0.0,0.0,15.556,30.0,0.0,0.0,0.0,0.0,0.0,0.0,5882.333333333333,0.0,0.0,430.0,408.889,3.333,0.0,6.667,0.0,0.0,0.0,3.333,0.0,0.0,0.0,0.0,0.0,0.0,0.0,2222.0,0.0,0.0,422.222,193.333,0.0,1.111,6.667,0.0,0.0,0.0,5.556,0.0,0.0,0.0,0.0,0.0,0.0,0.0,1003.0,0.0,0.0,0.0,0.0,0.0,0.0,8.889,0.0,0.0,0.0,38.889,0.0,0.0,0.0,0.0,0.0,0.0,0.0,8033.333333333333,0.0,0.0,0.0,0.0,0.0,0.0,0.0,0.0,35.556,254.444,172.222,158.889,302.222,290.0,265.556,251.111,272.222,237.778,0.2716044444444444,112.5,1.1167058838449706,0.8954909385422629,1.030014341071946,407.222,0.19996400287976962,2.778,0.05673817715281456,156.667,1.262367254193426,177.4444
malecns_ge5,1.0,A,0.4,7,1,65730,,65.0,0.9145307692307693,5.5555,408.889,3.0,1.111,2.778,202.222,205.55550000000002,3837.0,107.778,22.222,0.0,0.0,7.778,0.0,0.0,0.0,0.0,0.0,0.0,0.0,0.0,0.0,0.0,0.0,0.0,0.0,3642.0,11.111,0.0,0.0,0.0,12.222,0.0,5.556,0.0,0.0,0.0,0.0,0.0,0.0,0.0,0.0,0.0,0.0,0.0,4473.666666666667,0.0,0.0,410.0,407.778,182.222,0.0,2.222,0.0,0.0,0.0,0.0,0.0,0.0,0.0,0.0,0.0,0.0,0.0,1814.0,20.0,3.333,400.0,16.667,0.0,2.222,5.556,0.0,0.0,0.0,0.0,0.0,0.0,0.0,0.0,0.0,0.0,0.0,3992.3333333333335,0.0,0.0,0.0,0.0,155.556,0.0,202.222,0.0,0.0,0.0,3.333,1.111,0.0,0.0,0.0,0.0,0.0,0.0,7253.666666666667,0.0,0.0,0.0,0.0,92.222,0.0,6.667,0.0,10.0,244.444,175.556,8.889,303.333,304.444,261.111,257.778,271.111,218.889,0.5777777777777777,112.5,1.021261890957267,0.8954909385422629,1.0040935902284258,407.222,0.39992800575953924,2.778,1.2907759770723892,156.667,1.158422018389986,177.4444
malecns_ge5,1.0,A,0.4,8,2,65730,,43.3335,1.0,0.0,418.889,3.0,1.111,2.222,5.556,224.55570000000003,685.3333333333334,86.667,0.0,0.0,0.0,0.0,0.0,0.0,2.222,0.0,0.0,0.0,1.111,0.0,0.0,0.0,0.0,0.0,0.0,7584.333333333333,0.0,0.0,0.0,0.0,0.0,0.0,0.0,0.0,2.222,0.0,8.889,37.778,0.0,0.0,0.0,0.0,0.0,0.0,3130.0,0.0,0.0,432.222,405.556,3.333,0.0,3.333,0.0,0.0,0.0,3.333,0.0,0.0,0.0,0.0,0.0,0.0,0.0,2260.3333333333335,0.0,0.0,424.444,184.444,0.0,2.222,4.444,0.0,0.0,0.0,6.667,0.0,0.0,0.0,0.0,0.0,0.0,0.0,1114.6666666666667,0.0,0.0,10.0,10.0,0.0,0.0,5.556,0.0,0.0,0.0,43.333,0.0,0.0,0.0,0.0,0.0,0.0,0.0,8107.0,0.0,0.0,0.0,0.0,0.0,0.0,0.0,0.0,26.667,261.111,187.778,165.556,306.667,274.444,268.889,236.667,275.556,242.222,0.39196061715469344,110.55575,1.1084306634270464,0.9021764130091814,1.030054073726169,406.66700000000003,0.33328333583320835,3.3335,0.03906568604013443,142.222,1.2734726584619418,176.33335
malecns_ge5,1.0,A,0.4,5,1,65730,,25.5555,0.7173993856508383,7.222,403.333,3.0300000000000002,13.3335,42.778,272.222,257.889,4234.666666666667,51.111,0.0,0.0,0.0,0.0,3.333,83.333,4.444,0.0,0.0,3.333,1.111,0.0,0.0,0.0,0.0,0.0,0.0,5553.666666666667,14.444,0.0,0.0,0.0,0.0,1.111,76.667,0.0,0.0,0.0,0.0,1.111,0.0,0.0,0.0,0.0,0.0,0.0,7956.333333333333,0.0,0.0,403.333,403.333,0.0,3.333,72.222,22.222,0.0,0.0,1.111,0.0,0.0,0.0,0.0,0.0,0.0,0.0,7406.0,0.0,0.0,397.778,6.667,0.0,15.556,85.556,11.111,0.0,0.0,0.0,0.0,0.0,0.0,0.0,0.0,0.0,0.0,3354.6666666666665,0.0,0.0,0.0,0.0,3.333,0.0,272.222,65.556,0.0,0.0,1.111,0.0,0.0,0.0,0.0,0.0,0.0,0.0,8308.666666666666,224.444,0.0,0.0,0.0,0.0,0.0,0.0,0.0,126.667,336.667,312.222,164.444,328.889,298.889,261.111,228.889,275.556,245.556,0.22716,112.5,0.8011241150230584,0.8954909385422629,0.9904499265756763,407.222,4.799676025917927,2.778,1.737583537056304,156.667,1.4533510215030736,177.4444
malecns_ge5,1.0,A,0.4,7,2,65730,,58.889,0.9056614987518892,5.5555,407.77750000000003,3.135,0.5555,5.5555,203.333,205.1112,3233.0,97.778,20.0,0.0,0.0,2.222,0.0,0.0,1.111,0.0,1.111,0.0,2.222,0.0,0.0,0.0,0.0,0.0,0.0,3412.3333333333335,11.111,0.0,0.0,0.0,6.667,0.0,1.111,0.0,0.0,0.0,0.0,0.0,0.0,0.0,0.0,0.0,0.0,0.0,4565.0,0.0,0.0,411.111,404.444,174.444,0.0,0.0,0.0,0.0,0.0,0.0,0.0,0.0,0.0,0.0,0.0,0.0,0.0,2398.0,1.111,0.0,403.333,13.333,0.0,1.111,11.111,0.0,0.0,0.0,0.0,0.0,0.0,0.0,0.0,0.0,0.0,0.0,4396.0,0.0,0.0,0.0,1.111,153.333,0.0,203.333,0.0,0.0,0.0,3.333,4.444,0.0,0.0,0.0,0.0,0.0,0.0,7162.666666666667,0.0,0.0,0.0,0.0,86.667,0.0,7.778,0.0,7.778,254.444,168.889,8.889,306.667,292.222,258.889,266.667,271.111,215.556,0.5326633847628911,110.55575,1.0038629759018898,0.9021764130091814,1.0027307354666102,406.66700000000003,0.16664166791660417,3.3335,1.429687390136547,142.222,1.1632014023439128,176.33335
malecns_ge5,1.0,A,0.5,1,1,82162,,2.222,1.0,0.0,418.33349999999996,3.035,0.0,10.0,298.889,304.11109999999996,138.66666666666666,4.444,0.0,0.0,0.0,0.0,3.333,0.0,0.0,0.0,0.0,0.0,0.0,0.0,0.0,0.0,0.0,0.0,0.0,3818.0,0.0,0.0,0.0,1.111,15.556,0.0,77.778,0.0,36.667,0.0,1.111,34.444,0.0,0.0,0.0,0.0,0.0,0.0,1578.6666666666667,0.0,0.0,426.667,410.0,3.333,0.0,11.111,0.0,0.0,0.0,0.0,46.667,0.0,0.0,0.0,0.0,0.0,0.0,2074.6666666666665,0.0,0.0,423.333,187.778,0.0,0.0,20.0,0.0,3.333,0.0,0.0,11.111,0.0,0.0,0.0,0.0,0.0,0.0,999.6666666666666,0.0,0.0,0.0,0.0,101.111,0.0,298.889,12.222,0.0,0.0,3.333,3.333,0.0,0.0,0.0,0.0,0.0,0.0,4817.666666666667,0.0,0.0,0.0,0.0,2.222,0.0,196.667,0.0,332.222,318.889,333.333,270.0,313.333,337.778,285.556,327.778,302.222,220.0,0.01975111111111111,112.5,1.1167058838449706,0.8954909385422629,1.027286099473997,407.222,0.0,2.778,1.907798068514748,156.667,1.7138388137354572,177.4444
malecns_ge5,1.0,A,0.4,5,2,65730,,28.889,0.7307625739901,7.778,402.22249999999997,3.0,15.0,45.5555,266.667,257.44449999999995,5038.666666666667,55.556,2.222,0.0,0.0,0.0,5.556,55.556,6.667,0.0,0.0,0.0,0.0,0.0,0.0,0.0,0.0,0.0,0.0,6897.333333333333,15.556,0.0,0.0,0.0,0.0,1.111,63.333,10.0,2.222,0.0,0.0,2.222,0.0,0.0,0.0,0.0,0.0,0.0,7791.333333333333,0.0,0.0,405.556,398.889,0.0,3.333,63.333,37.778,0.0,0.0,0.0,0.0,0.0,0.0,0.0,0.0,0.0,0.0,7491.0,0.0,0.0,397.778,7.778,0.0,11.111,91.111,18.889,0.0,0.0,0.0,0.0,0.0,0.0,0.0,0.0,0.0,0.0,3182.0,0.0,0.0,0.0,0.0,2.222,0.0,266.667,71.111,0.0,0.0,2.222,0.0,0.0,0.0,0.0,0.0,0.0,0.0,8187.333333333333,210.0,0.0,0.0,0.0,0.0,0.0,1.111,3.333,124.444,352.222,316.667,168.889,333.333,288.889,248.889,227.778,276.667,236.667,0.261307078103129,110.55575,0.8099996446955027,0.9021764130091814,0.9890709105976141,406.66700000000003,4.4997750112494375,3.3335,1.8750052734457394,142.222,1.4599875746703612,176.33335
malecns_ge5,1.0,A,0.4,9,1,65730,,24.4445,1.0,0.0,413.889,3.0,3.889,0.0,6.667,265.66650000000004,2922.0,48.889,0.0,0.0,0.0,1.111,3.333,0.0,0.0,5.556,0.0,26.667,31.111,0.0,0.0,0.0,0.0,0.0,0.0,6247.666666666667,0.0,0.0,0.0,0.0,0.0,0.0,0.0,0.0,10.0,0.0,51.111,46.667,0.0,0.0,0.0,0.0,0.0,0.0,2760.0,0.0,0.0,421.111,406.667,0.0,3.333,0.0,0.0,0.0,0.0,0.0,0.0,0.0,0.0,0.0,0.0,0.0,0.0,2079.0,0.0,0.0,418.889,212.222,0.0,6.667,0.0,1.111,0.0,0.0,0.0,0.0,0.0,0.0,0.0,0.0,0.0,0.0,1350.0,6.667,0.0,0.0,0.0,35.556,0.0,6.667,3.333,0.0,0.0,2.222,0.0,0.0,0.0,0.0,0.0,0.0,0.0,3818.0,0.0,0.0,0.0,0.0,0.0,0.0,0.0,0.0,150.0,320.0,312.222,200.0,330.0,313.333,274.444,243.333,278.889,234.444,0.21728444444444445,112.5,1.1167058838449706,0.8954909385422629,1.0163719052506988,407.222,1.3999280057595391,2.778,0.04255522860589658,156.667,1.4971816523936514,177.4444
malecns_ge5,1.0,A,0.5,1,2,82162,,0.5555,,0.0,419.4445,3.0,0.0,4.4445,293.333,301.6668,140.33333333333334,1.111,0.0,0.0,0.0,0.0,0.0,0.0,0.0,0.0,0.0,0.0,0.0,0.0,0.0,0.0,0.0,0.0,0.0,3801.6666666666665,0.0,0.0,0.0,0.0,20.0,0.0,93.333,0.0,38.889,0.0,0.0,13.333,0.0,0.0,0.0,0.0,0.0,0.0,1595.3333333333333,0.0,0.0,430.0,408.889,3.333,0.0,6.667,0.0,0.0,0.0,0.0,34.444,0.0,0.0,0.0,0.0,0.0,0.0,1701.3333333333333,0.0,0.0,427.778,201.111,0.0,0.0,8.889,0.0,0.0,0.0,0.0,1.111,0.0,0.0,0.0,0.0,0.0,0.0,1036.0,0.0,0.0,0.0,0.0,82.222,0.0,293.333,14.444,0.0,0.0,3.333,2.222,0.0,0.0,0.0,0.0,0.0,0.0,4866.333333333333,0.0,0.0,0.0,0.0,0.0,0.0,190.0,0.0,330.0,326.667,338.889,262.222,318.889,321.111,275.556,325.556,295.556,222.222,0.005024614278316596,110.55575,,0.9021764130091814,1.0314200562130686,406.66700000000003,0.0,3.3335,2.0625008789076236,142.222,1.7107756417036257,176.33335
malecns_ge5,1.0,A,0.4,9,2,65730,,31.6665,1.0,0.0,413.333,3.0,3.8890000000000002,0.0,4.444,262.7778,3912.3333333333335,63.333,0.0,0.0,0.0,1.111,1.111,0.0,0.0,5.556,0.0,12.222,18.889,0.0,0.0,0.0,0.0,0.0,0.0,6986.333333333333,0.0,0.0,0.0,0.0,0.0,0.0,0.0,0.0,15.556,0.0,115.556,98.889,0.0,0.0,0.0,0.0,0.0,0.0,2747.3333333333335,0.0,0.0,423.333,403.333,0.0,3.333,0.0,0.0,0.0,0.0,0.0,0.0,0.0,0.0,0.0,0.0,0.0,0.0,2101.0,0.0,0.0,422.222,195.556,0.0,5.556,0.0,2.222,0.0,0.0,0.0,0.0,0.0,0.0,0.0,0.0,0.0,0.0,1314.3333333333333,1.111,0.0,0.0,0.0,17.778,0.0,4.444,4.444,0.0,0.0,15.556,0.0,0.0,0.0,0.0,0.0,0.0,0.0,4377.666666666667,0.0,0.0,0.0,0.0,0.0,0.0,3.333,0.0,137.778,330.0,310.0,191.111,333.333,292.222,274.444,237.778,285.556,235.556,0.2864301494947119,110.55575,1.1084306634270464,0.9021764130091814,1.0163917898427952,406.66700000000003,1.1666416679166043,3.3335,0.031246923823318472,142.222,1.4902331294675681,176.33335
malecns_ge5,1.0,A,0.5,3,1,82162,,14.4445,1.0,0.0,413.889,3.065,22.222,11.111,250.0,296.0001,150.0,28.889,0.0,0.0,0.0,0.0,1.111,1.111,2.222,0.0,0.0,0.0,0.0,0.0,0.0,0.0,0.0,0.0,0.0,427.0,0.0,0.0,0.0,0.0,0.0,0.0,0.0,0.0,0.0,0.0,0.0,5.556,0.0,0.0,0.0,0.0,0.0,0.0,1915.0,0.0,0.0,415.556,412.222,0.0,8.889,36.667,0.0,0.0,0.0,0.0,0.0,0.0,0.0,0.0,0.0,0.0,0.0,1685.0,0.0,0.0,413.333,240.0,0.0,44.444,22.222,0.0,0.0,0.0,5.556,0.0,0.0,0.0,0.0,0.0,0.0,0.0,1822.3333333333333,48.889,0.0,0.0,0.0,0.0,0.0,250.0,0.0,0.0,0.0,0.0,0.0,0.0,0.0,0.0,0.0,0.0,0.0,6670.0,0.0,0.0,0.0,0.0,0.0,0.0,54.444,0.0,265.556,331.111,327.778,242.222,328.889,317.778,298.889,280.0,296.667,271.111,0.12839555555555554,112.5,1.1167058838449706,0.8954909385422629,1.0163719052506988,407.222,7.999280057595393,2.778,1.595741285656839,156.667,1.6681287208838373,177.4444
malecns_ge5,1.0,A,0.5,3,2,82162,,16.111,0.9655204518651853,0.5555,413.3335,2.965,19.4445,5.0,244.444,290.7777,155.33333333333334,32.222,0.0,0.0,0.0,0.0,0.0,1.111,1.111,0.0,0.0,0.0,0.0,0.0,0.0,0.0,0.0,0.0,0.0,420.0,1.111,0.0,0.0,0.0,0.0,0.0,0.0,0.0,0.0,0.0,0.0,6.667,0.0,0.0,0.0,0.0,0.0,0.0,2039.6666666666667,0.0,0.0,417.778,408.889,0.0,5.556,23.333,0.0,0.0,0.0,1.111,0.0,0.0,0.0,0.0,0.0,0.0,0.0,1672.0,0.0,0.0,415.556,237.778,0.0,38.889,10.0,0.0,0.0,0.0,8.889,0.0,0.0,0.0,0.0,0.0,0.0,0.0,1766.6666666666667,21.111,0.0,0.0,0.0,0.0,0.0,244.444,0.0,0.0,0.0,0.0,0.0,0.0,0.0,0.0,0.0,0.0,0.0,5445.0,0.0,0.0,0.0,0.0,0.0,0.0,47.778,0.0,240.0,336.667,332.222,236.667,332.222,302.222,294.444,276.667,293.333,263.333,0.14572738188651427,110.55575,1.070212475013309,0.9021764130091814,1.0163930193499842,406.66700000000003,5.8330583470826465,3.3335,1.7187495605461882,142.222,1.6490227174836751,176.33335
malecns_ge5,1.0,A,0.5,4,1,82162,,9.4445,1.0,0.0,413.333,2.9000000000000004,70.0,0.0,244.444,291.3334,249.0,18.889,0.0,0.0,0.0,1.111,2.222,2.222,0.0,0.0,0.0,0.0,0.0,0.0,0.0,0.0,0.0,0.0,0.0,566.0,0.0,0.0,0.0,0.0,0.0,0.0,0.0,0.0,0.0,0.0,0.0,0.0,0.0,0.0,0.0,0.0,0.0,0.0,1652.3333333333333,0.0,0.0,413.333,413.333,3.333,60.0,0.0,0.0,0.0,0.0,0.0,0.0,0.0,0.0,0.0,0.0,0.0,0.0,1049.0,0.0,0.0,413.333,55.556,0.0,127.778,0.0,12.222,0.0,0.0,0.0,0.0,0.0,0.0,0.0,0.0,0.0,0.0,1271.6666666666667,0.0,0.0,0.0,0.0,20.0,0.0,244.444,0.0,0.0,0.0,0.0,0.0,0.0,0.0,0.0,0.0,0.0,0.0,5207.666666666667,0.0,0.0,0.0,0.0,0.0,0.0,1.111,2.222,282.222,342.222,276.667,235.556,328.889,327.778,283.333,276.667,297.778,262.222,0.0839511111111111,112.5,1.1167058838449706,0.8954909385422629,1.015006556620222,407.222,25.197984161267097,2.778,1.5602775313244013,156.667,1.6418292152358709,177.4444
malecns_ge5,1.0,A,0.5,2,1,82162,,97.77799999999999,0.19886375258238043,78.3335,410.0,2.9699999999999998,2.222,43.889,247.778,293.111,1711.3333333333333,187.778,7.778,0.0,0.0,1.111,0.0,27.778,14.444,0.0,0.0,0.0,0.0,0.0,0.0,0.0,0.0,0.0,0.0,1579.0,156.667,0.0,6.667,0.0,0.0,0.0,11.111,0.0,0.0,0.0,2.222,1.111,0.0,0.0,0.0,0.0,0.0,0.0,2576.0,0.0,0.0,416.667,403.333,0.0,0.0,121.111,0.0,0.0,0.0,0.0,2.222,0.0,0.0,0.0,0.0,0.0,0.0,2012.6666666666667,0.0,0.0,413.333,156.667,0.0,0.0,87.778,4.444,0.0,0.0,0.0,0.0,0.0,0.0,0.0,0.0,0.0,0.0,1226.6666666666667,0.0,0.0,0.0,0.0,14.444,0.0,247.778,0.0,0.0,0.0,0.0,18.889,0.0,0.0,0.0,0.0,0.0,0.0,2409.6666666666665,238.889,0.0,0.0,0.0,0.0,0.0,0.0,0.0,291.111,301.111,287.778,243.333,304.444,324.444,286.667,314.444,311.111,266.667,0.8691377777777777,112.5,0.2220723225922347,0.8954909385422629,1.0068218318263749,407.222,0.7998560115190785,2.778,1.5815583371099209,156.667,1.6518470010887918,177.4444
malecns_ge5,1.0,A,0.5,2,2,82162,,98.3335,0.04519822847757893,93.889,410.0,2.9699999999999998,1.6665,52.778,237.778,288.22229999999996,1651.3333333333333,191.111,5.556,0.0,0.0,0.0,0.0,18.889,14.444,0.0,0.0,0.0,0.0,0.0,0.0,0.0,0.0,0.0,0.0,1761.3333333333333,187.778,0.0,4.444,1.111,2.222,0.0,17.778,0.0,0.0,0.0,2.222,0.0,0.0,0.0,0.0,0.0,0.0,0.0,2561.6666666666665,0.0,0.0,418.889,401.111,0.0,0.0,116.667,0.0,0.0,0.0,0.0,2.222,0.0,0.0,0.0,0.0,0.0,0.0,2037.0,0.0,0.0,417.778,146.667,0.0,0.0,105.556,3.333,0.0,0.0,0.0,0.0,0.0,0.0,0.0,0.0,0.0,0.0,1180.3333333333333,0.0,0.0,0.0,0.0,2.222,0.0,237.778,0.0,0.0,0.0,0.0,30.0,0.0,0.0,0.0,0.0,0.0,0.0,2335.6666666666665,233.333,0.0,0.0,0.0,0.0,0.0,0.0,0.0,282.222,302.222,285.556,236.667,305.556,310.0,277.778,306.667,311.111,264.444,0.8894471793642574,110.55575,0.050099102377130035,0.9021764130091814,1.0081958949213976,406.66700000000003,0.4999250037498125,3.3335,1.6718791748112105,142.222,1.6345308473978404,176.33335
malecns_ge5,1.0,A,0.5,4,2,82162,,16.111,1.0,0.0,415.0,3.0300000000000002,65.0,0.0,236.667,288.6666000000001,251.33333333333334,32.222,0.0,0.0,0.0,1.111,1.111,0.0,0.0,0.0,0.0,0.0,0.0,0.0,0.0,0.0,0.0,0.0,0.0,567.0,0.0,0.0,0.0,0.0,0.0,0.0,0.0,0.0,0.0,0.0,0.0,0.0,0.0,0.0,0.0,0.0,0.0,0.0,1596.0,0.0,0.0,418.889,411.111,2.222,45.556,0.0,0.0,0.0,0.0,0.0,0.0,0.0,0.0,0.0,0.0,0.0,0.0,1040.3333333333333,0.0,0.0,414.444,50.0,0.0,118.889,0.0,11.111,0.0,0.0,0.0,0.0,0.0,0.0,0.0,0.0,0.0,0.0,1283.0,0.0,0.0,0.0,0.0,11.111,0.0,236.667,0.0,0.0,0.0,0.0,0.0,0.0,0.0,0.0,0.0,0.0,0.0,5327.0,0.0,0.0,0.0,0.0,0.0,0.0,1.111,1.111,278.889,352.222,270.0,241.111,330.0,313.333,275.556,273.333,297.778,254.444,0.14572738188651427,110.55575,1.1084306634270464,0.9021764130091814,1.020490966810683,406.66700000000003,19.499025048747562,3.3335,1.6640674438553809,142.222,1.6370505068950376,176.33335
malecns_ge5,1.0,A,0.7,0,1,115027,,1.6665,,0.5555,412.778,3.0,113.3335,0.0,268.889,322.77770000000004,33.333333333333336,3.333,0.0,0.0,0.0,0.0,0.0,0.0,0.0,0.0,0.0,0.0,0.0,0.0,0.0,0.0,0.0,0.0,0.0,96.33333333333333,1.111,0.0,0.0,0.0,0.0,0.0,0.0,0.0,0.0,0.0,0.0,0.0,0.0,0.0,0.0,0.0,0.0,0.0,742.3333333333334,0.0,0.0,420.0,405.556,13.333,153.333,1.111,68.889,0.0,0.0,0.0,0.0,0.0,0.0,0.0,0.0,0.0,0.0,451.0,0.0,0.0,417.778,150.0,0.0,150.0,0.0,76.667,0.0,0.0,0.0,0.0,0.0,0.0,0.0,0.0,0.0,0.0,357.0,0.0,0.0,0.0,0.0,2.222,0.0,268.889,40.0,0.0,0.0,0.0,0.0,0.0,0.0,0.0,0.0,0.0,0.0,1089.0,0.0,0.0,0.0,0.0,0.0,13.333,3.333,96.667,314.444,364.444,347.778,303.333,336.667,334.444,316.667,317.778,308.889,283.333,0.014813333333333335,112.5,,0.8954909385422629,1.0136436636527497,407.222,40.796796256299494,2.778,1.7163091142359272,156.667,1.8190357092137033,177.4444
malecns_ge5,1.0,A,0.5,8,1,82162,,51.1115,1.0,0.0,421.111,2.965,5.0,8.889,26.667,255.77779999999998,473.3333333333333,96.667,5.556,0.0,0.0,0.0,0.0,0.0,0.0,0.0,0.0,0.0,0.0,0.0,0.0,0.0,0.0,0.0,0.0,495.3333333333333,0.0,0.0,0.0,0.0,0.0,0.0,0.0,0.0,0.0,0.0,0.0,0.0,0.0,0.0,0.0,0.0,0.0,0.0,2161.0,0.0,0.0,437.778,404.444,0.0,5.556,0.0,0.0,0.0,0.0,0.0,0.0,0.0,0.0,0.0,0.0,0.0,0.0,1573.6666666666667,0.0,0.0,430.0,134.444,0.0,10.0,17.778,0.0,0.0,0.0,0.0,0.0,0.0,0.0,0.0,0.0,0.0,0.0,681.3333333333334,0.0,0.0,6.667,1.111,0.0,8.889,26.667,0.0,0.0,0.0,0.0,11.111,0.0,0.0,0.0,0.0,0.0,0.0,5608.0,0.0,0.0,5.556,0.0,0.0,0.0,0.0,0.0,134.444,293.333,234.444,198.889,316.667,320.0,275.556,271.111,277.778,235.556,0.4543244444444444,112.5,1.1167058838449706,0.8954909385422629,1.0341067034688696,407.222,1.7998560115190785,2.778,0.1702145314584437,156.667,1.4414532101323005,177.4444
malecns_ge5,1.0,A,0.7,0,2,115027,,1.111,,0.5555,413.8885,2.9699999999999998,116.11099999999999,0.0,271.111,320.7777,37.0,2.222,0.0,0.0,0.0,0.0,0.0,0.0,0.0,0.0,0.0,0.0,0.0,0.0,0.0,0.0,0.0,0.0,0.0,99.0,1.111,0.0,0.0,0.0,0.0,0.0,0.0,0.0,0.0,0.0,0.0,0.0,0.0,0.0,0.0,0.0,0.0,0.0,749.0,0.0,0.0,424.444,403.333,14.444,152.222,1.111,62.222,0.0,0.0,0.0,0.0,0.0,0.0,0.0,0.0,0.0,0.0,466.3333333333333,0.0,0.0,421.111,145.556,0.0,154.444,0.0,77.778,0.0,0.0,0.0,0.0,0.0,0.0,0.0,0.0,0.0,0.0,374.0,0.0,0.0,0.0,0.0,2.222,0.0,271.111,31.111,0.0,0.0,0.0,0.0,0.0,0.0,0.0,0.0,0.0,0.0,1090.0,0.0,0.0,0.0,0.0,0.0,8.889,1.111,90.0,306.667,373.333,350.0,298.889,341.111,314.444,313.333,318.889,310.0,281.111,0.010049228556633191,110.55575,,0.9021764130091814,1.0177577723296949,406.66700000000003,34.83155842207889,3.3335,1.906252197269058,142.222,1.8191550265448935,176.33335
malecns_ge5,1.0,A,0.7,1,1,115027,,0.0,,0.0,415.55550000000005,3.035,0.0,0.0,264.444,321.2223,74.33333333333333,0.0,0.0,0.0,0.0,0.0,0.0,0.0,0.0,0.0,0.0,0.0,0.0,0.0,0.0,0.0,0.0,0.0,0.0,108.0,0.0,0.0,0.0,0.0,0.0,0.0,0.0,0.0,0.0,0.0,0.0,0.0,0.0,0.0,0.0,0.0,0.0,0.0,554.6666666666666,0.0,0.0,423.333,407.778,3.333,0.0,120.0,0.0,0.0,0.0,0.0,0.0,0.0,0.0,0.0,0.0,0.0,0.0,216.0,0.0,0.0,420.0,57.778,0.0,0.0,0.0,0.0,0.0,0.0,0.0,0.0,0.0,0.0,0.0,0.0,0.0,0.0,300.6666666666667,0.0,0.0,0.0,0.0,97.778,0.0,264.444,0.0,0.0,0.0,0.0,47.778,0.0,0.0,0.0,0.0,0.0,0.0,909.6666666666666,0.0,0.0,0.0,1.111,0.0,0.0,135.556,0.0,347.778,338.889,356.667,310.0,328.889,352.222,287.778,334.444,308.889,246.667,0.0,112.5,,0.8954909385422629,1.0204642676476223,407.222,0.0,2.778,1.6879368341769487,156.667,1.8102701465923974,177.4444
malecns_ge5,1.0,A,0.5,6,1,82162,,8.3335,1.0,0.0,415.0,2.9000000000000004,11.667000000000002,15.555499999999999,87.778,282.6667,255.0,16.667,0.0,0.0,0.0,5.556,0.0,1.111,0.0,0.0,0.0,0.0,0.0,0.0,0.0,0.0,0.0,0.0,0.0,1821.3333333333333,0.0,0.0,1.111,1.111,31.111,0.0,21.111,8.889,0.0,0.0,0.0,0.0,0.0,0.0,0.0,0.0,0.0,0.0,3192.0,1.111,0.0,423.333,406.667,38.889,3.333,5.556,0.0,0.0,0.0,0.0,7.778,0.0,0.0,0.0,0.0,0.0,0.0,2155.6666666666665,0.0,0.0,425.556,241.111,24.444,6.667,6.667,16.667,0.0,0.0,0.0,0.0,0.0,0.0,0.0,0.0,0.0,0.0,1471.6666666666667,0.0,0.0,0.0,4.444,0.0,0.0,87.778,2.222,0.0,0.0,1.111,0.0,0.0,0.0,0.0,0.0,0.0,0.0,2144.6666666666665,0.0,0.0,0.0,0.0,0.0,0.0,0.0,0.0,208.889,278.889,323.333,266.667,314.444,322.222,296.667,287.778,292.222,235.556,0.07407555555555556,112.5,1.1167058838449706,0.8954909385422629,1.0191001468486478,407.222,4.199784017278618,2.778,0.560283914289544,156.667,1.5929874371915935,177.4444
malecns_ge5,1.0,A,0.5,8,2,82162,,72.222,1.0,0.0,421.6665,3.0,5.5555,12.778,36.667,254.33339999999998,537.6666666666666,130.0,14.444,0.0,0.0,0.0,0.0,0.0,0.0,0.0,0.0,0.0,0.0,0.0,0.0,0.0,0.0,0.0,0.0,525.6666666666666,0.0,0.0,0.0,0.0,0.0,0.0,0.0,0.0,0.0,0.0,0.0,0.0,0.0,0.0,0.0,0.0,0.0,0.0,2203.0,0.0,0.0,441.111,402.222,0.0,1.111,0.0,0.0,0.0,0.0,0.0,0.0,0.0,0.0,0.0,0.0,0.0,0.0,1705.6666666666667,0.0,0.0,435.556,121.111,0.0,11.111,25.556,0.0,0.0,0.0,0.0,0.0,0.0,0.0,0.0,0.0,0.0,0.0,663.0,0.0,0.0,24.444,2.222,0.0,3.333,36.667,0.0,0.0,0.0,0.0,7.778,0.0,0.0,0.0,0.0,0.0,0.0,5683.333333333333,0.0,0.0,4.444,0.0,0.0,0.0,0.0,0.0,127.778,295.556,237.778,213.333,321.111,303.333,267.778,256.667,278.889,241.111,0.6532631726527114,110.55575,1.1084306634270464,0.9021764130091814,1.036883986160667,406.66700000000003,1.666566671666417,3.3335,0.25781524658632277,142.222,1.4423442871130163,176.33335
malecns_ge5,1.0,A,0.7,1,2,115027,,0.0,,0.0,415.0,3.0,0.0,0.0,260.0,319.3332,91.33333333333333,0.0,0.0,0.0,0.0,0.0,0.0,0.0,0.0,0.0,0.0,0.0,0.0,0.0,0.0,0.0,0.0,0.0,0.0,109.33333333333333,0.0,0.0,0.0,0.0,0.0,0.0,0.0,0.0,0.0,0.0,0.0,0.0,0.0,0.0,0.0,0.0,0.0,0.0,539.6666666666666,0.0,0.0,426.667,403.333,3.333,0.0,114.444,0.0,0.0,0.0,0.0,0.0,0.0,0.0,0.0,0.0,0.0,0.0,214.66666666666666,0.0,0.0,420.0,53.333,0.0,0.0,0.0,0.0,0.0,0.0,0.0,0.0,0.0,0.0,0.0,0.0,0.0,0.0,290.6666666666667,0.0,0.0,0.0,0.0,91.111,0.0,260.0,0.0,0.0,0.0,0.0,40.0,0.0,0.0,0.0,0.0,0.0,0.0,911.6666666666666,0.0,0.0,0.0,4.444,0.0,0.0,135.556,0.0,342.222,352.222,361.111,306.667,334.444,334.444,282.222,332.222,302.222,245.556,0.0,110.55575,,0.9021764130091814,1.020490966810683,406.66700000000003,0.0,3.3335,1.8281278564497756,142.222,1.8109631558635957,176.33335
malecns_ge5,1.0,A,0.5,6,2,82162,,10.5555,1.0,0.0,415.0,2.9000000000000004,13.8885,15.0,62.222,285.4443,647.3333333333334,21.111,0.0,0.0,1.111,7.778,0.0,2.222,6.667,0.0,0.0,0.0,0.0,0.0,0.0,0.0,0.0,0.0,0.0,1817.6666666666667,0.0,0.0,0.0,1.111,24.444,0.0,12.222,11.111,0.0,0.0,0.0,0.0,0.0,0.0,0.0,0.0,0.0,0.0,3287.3333333333335,1.111,0.0,425.556,404.444,37.778,3.333,3.333,1.111,0.0,0.0,0.0,6.667,0.0,0.0,0.0,0.0,0.0,0.0,2213.0,0.0,0.0,426.667,231.111,21.111,3.333,8.889,24.444,0.0,0.0,3.333,0.0,0.0,0.0,0.0,0.0,0.0,0.0,1478.0,0.0,0.0,0.0,2.222,0.0,0.0,62.222,5.556,0.0,0.0,6.667,0.0,0.0,0.0,0.0,0.0,0.0,0.0,2563.3333333333335,0.0,0.0,0.0,0.0,0.0,0.0,0.0,0.0,212.222,292.222,331.111,274.444,320.0,311.111,292.222,287.778,293.333,240.0,0.09547671649823732,110.55575,1.1084306634270464,0.9021764130091814,1.020490966810683,406.66700000000003,4.166341682915855,3.3335,0.4374991210923767,142.222,1.6187765955787716,176.33335
malecns_ge5,1.0,A,0.7,2,1,115027,,12.778,0.8695805290342776,1.6665,402.222,2.9699999999999998,17.778,39.4445,188.889,331.3333,35.333333333333336,25.556,0.0,0.0,0.0,0.0,0.0,0.0,0.0,0.0,0.0,0.0,0.0,0.0,0.0,0.0,0.0,0.0,0.0,79.66666666666667,3.333,0.0,0.0,0.0,0.0,0.0,0.0,0.0,0.0,0.0,0.0,0.0,0.0,0.0,0.0,0.0,0.0,0.0,595.3333333333334,0.0,0.0,412.222,392.222,4.444,0.0,91.111,0.0,0.0,0.0,0.0,73.333,0.0,0.0,0.0,0.0,0.0,0.0,356.6666666666667,0.0,0.0,412.222,0.0,0.0,15.556,78.889,20.0,0.0,0.0,0.0,0.0,0.0,0.0,0.0,0.0,0.0,0.0,332.3333333333333,0.0,0.0,0.0,0.0,0.0,0.0,188.889,0.0,0.0,0.0,0.0,35.556,0.0,0.0,0.0,0.0,0.0,0.0,870.3333333333334,110.0,0.0,0.0,0.0,0.0,0.0,2.222,0.0,362.222,371.111,325.556,336.667,327.778,334.444,313.333,328.889,323.333,290.0,0.11358222222222222,112.5,0.9710656932496001,0.8954909385422629,0.9877216849777272,407.222,6.399568034557235,2.778,1.2056719028257388,156.667,1.867251375642173,177.4444
malecns_ge5,1.0,A,0.7,3,1,115027,,0.0,,0.0,412.222,3.065,15.5555,40.0,110.0,321.7778,23.0,0.0,0.0,0.0,0.0,0.0,0.0,0.0,0.0,0.0,0.0,0.0,0.0,0.0,0.0,0.0,0.0,0.0,0.0,108.33333333333333,0.0,0.0,0.0,0.0,0.0,0.0,0.0,0.0,0.0,0.0,0.0,0.0,0.0,0.0,0.0,0.0,0.0,0.0,688.6666666666666,0.0,0.0,413.333,411.111,13.333,0.0,61.111,54.444,0.0,0.0,20.0,0.0,0.0,0.0,0.0,0.0,0.0,0.0,657.0,0.0,0.0,413.333,254.444,18.889,0.0,61.111,31.111,0.0,0.0,23.333,0.0,0.0,0.0,0.0,0.0,0.0,0.0,277.3333333333333,0.0,0.0,0.0,0.0,0.0,0.0,110.0,0.0,0.0,0.0,0.0,0.0,0.0,0.0,0.0,0.0,0.0,0.0,926.0,0.0,0.0,0.0,0.0,0.0,0.0,0.0,0.0,326.667,340.0,340.0,277.778,334.444,337.778,321.111,333.333,318.889,287.778,0.0,112.5,,0.8954909385422629,1.012278315022273,407.222,5.5995320374370054,2.778,0.7021261656890092,156.667,1.813400704671435,177.4444
malecns_ge5,1.0,A,0.7,2,2,115027,,14.4445,0.8076776627782201,2.778,398.333,2.9699999999999998,20.5555,43.3335,185.556,327.7778,34.0,28.889,0.0,0.0,0.0,0.0,0.0,0.0,0.0,0.0,0.0,0.0,0.0,0.0,0.0,0.0,0.0,0.0,0.0,81.0,5.556,0.0,0.0,0.0,0.0,0.0,0.0,0.0,0.0,0.0,0.0,0.0,0.0,0.0,0.0,0.0,0.0,0.0,656.0,0.0,0.0,413.333,383.333,3.333,0.0,98.889,0.0,0.0,0.0,0.0,68.889,0.0,0.0,0.0,0.0,0.0,0.0,376.6666666666667,0.0,0.0,413.333,0.0,0.0,17.778,86.667,23.333,0.0,0.0,0.0,0.0,0.0,0.0,0.0,0.0,0.0,0.0,339.0,0.0,0.0,0.0,0.0,0.0,0.0,185.556,0.0,0.0,0.0,0.0,38.889,0.0,0.0,0.0,0.0,0.0,0.0,885.0,104.444,0.0,0.0,0.0,0.0,0.0,1.111,0.0,356.667,375.556,324.444,335.556,327.778,320.0,304.444,324.444,321.111,287.778,0.1306535390515645,110.55575,0.8952546875884688,0.9021764130091814,0.9795065741749392,406.66700000000003,6.166341682915854,3.3335,1.3046926635822869,142.222,1.8588531324335416,176.33335
malecns_ge5,1.0,A,0.5,7,1,82162,,33.888999999999996,0.9672165009295052,1.111,407.778,3.0,0.0,1.111,168.889,232.8889,872.6666666666666,65.556,2.222,0.0,0.0,0.0,0.0,1.111,0.0,0.0,1.111,0.0,0.0,0.0,0.0,0.0,0.0,0.0,0.0,2118.6666666666665,2.222,0.0,2.222,0.0,3.333,0.0,8.889,0.0,0.0,0.0,0.0,0.0,0.0,0.0,0.0,0.0,0.0,0.0,4819.333333333333,0.0,0.0,410.0,405.556,167.778,0.0,0.0,0.0,0.0,0.0,0.0,4.444,0.0,0.0,0.0,0.0,0.0,0.0,4049.6666666666665,0.0,0.0,408.889,6.667,0.0,0.0,2.222,0.0,0.0,2.222,1.111,5.556,0.0,0.0,0.0,0.0,0.0,0.0,1074.3333333333333,0.0,0.0,0.0,0.0,15.556,0.0,168.889,0.0,0.0,0.0,52.222,16.667,0.0,0.0,0.0,0.0,0.0,0.0,4441.666666666667,0.0,0.0,0.0,0.0,2.222,0.0,0.0,0.0,38.889,293.333,250.0,93.333,307.778,310.0,264.444,258.889,276.667,235.556,0.30123555555555553,112.5,1.080096357539923,0.8954909385422629,1.0013653486304768,407.222,0.0,2.778,1.0780125999731915,156.667,1.312461255469319,177.4444
malecns_ge5,1.0,A,0.7,3,2,115027,,0.0,,0.0,412.778,2.965,14.4445,38.333,104.444,320.3335,24.0,0.0,0.0,0.0,0.0,0.0,0.0,0.0,0.0,0.0,0.0,0.0,0.0,0.0,0.0,0.0,0.0,0.0,0.0,110.0,0.0,0.0,0.0,0.0,0.0,0.0,0.0,0.0,0.0,0.0,0.0,0.0,0.0,0.0,0.0,0.0,0.0,0.0,725.0,0.0,0.0,415.556,410.0,8.889,0.0,62.222,53.333,0.0,0.0,21.111,0.0,0.0,0.0,0.0,0.0,0.0,0.0,721.6666666666666,0.0,0.0,415.556,257.778,13.333,0.0,63.333,28.889,0.0,0.0,21.111,0.0,0.0,0.0,0.0,0.0,0.0,0.0,273.0,0.0,0.0,0.0,0.0,0.0,0.0,104.444,0.0,0.0,0.0,0.0,0.0,0.0,0.0,0.0,0.0,0.0,0.0,942.6666666666666,0.0,0.0,0.0,0.0,0.0,0.0,0.0,0.0,321.111,347.778,345.556,280.0,336.667,321.111,315.556,328.889,320.0,286.667,0.0,110.55575,,0.9021764130091814,1.0150270368630845,406.66700000000003,4.333133343332833,3.3335,0.7343730224578475,142.222,1.816635934155394,176.33335
malecns_ge5,1.0,A,0.7,4,1,115027,,12.222,0.09090165275732276,11.111,412.22249999999997,2.9000000000000004,32.778,0.0,144.444,322.4446,62.333333333333336,24.444,0.0,0.0,0.0,0.0,0.0,0.0,0.0,0.0,0.0,0.0,0.0,0.0,0.0,0.0,0.0,0.0,0.0,169.0,22.222,0.0,0.0,0.0,0.0,0.0,0.0,0.0,0.0,0.0,0.0,0.0,0.0,0.0,0.0,0.0,0.0,0.0,571.0,0.0,0.0,416.667,407.778,30.0,6.667,0.0,0.0,0.0,0.0,0.0,1.111,0.0,0.0,0.0,0.0,0.0,0.0,328.3333333333333,0.0,0.0,416.667,60.0,0.0,65.556,0.0,0.0,0.0,0.0,0.0,34.444,0.0,0.0,0.0,0.0,0.0,0.0,368.0,0.0,0.0,0.0,0.0,4.444,0.0,144.444,0.0,0.0,0.0,13.333,0.0,0.0,0.0,0.0,0.0,0.0,0.0,1036.6666666666667,0.0,0.0,0.0,0.0,16.667,0.0,2.222,0.0,335.556,365.556,336.667,284.444,340.0,336.667,310.0,323.333,315.556,276.667,0.10864,112.5,0.10151041048533473,0.8954909385422629,1.012279542853775,407.222,11.79913606911447,2.778,0.9219810170616658,156.667,1.8171585014799,177.4444
malecns_ge5,1.0,A,0.5,7,2,82162,,35.5555,1.0,0.0,407.222,3.135,0.0,1.6665,161.111,232.8888,466.3333333333333,66.667,4.444,0.0,0.0,0.0,0.0,0.0,0.0,0.0,0.0,0.0,0.0,0.0,0.0,0.0,0.0,0.0,0.0,2415.6666666666665,0.0,0.0,3.333,0.0,2.222,0.0,6.667,1.111,0.0,0.0,1.111,0.0,0.0,0.0,0.0,0.0,0.0,0.0,4951.0,0.0,0.0,411.111,403.333,168.889,0.0,0.0,0.0,0.0,0.0,0.0,2.222,0.0,0.0,0.0,0.0,0.0,0.0,3801.3333333333335,0.0,0.0,410.0,6.667,1.111,0.0,2.222,0.0,0.0,0.0,0.0,6.667,0.0,0.0,0.0,0.0,0.0,0.0,1158.3333333333333,0.0,0.0,0.0,0.0,10.0,0.0,161.111,0.0,0.0,0.0,53.333,16.667,0.0,0.0,0.0,0.0,0.0,0.0,4521.0,0.0,0.0,0.0,0.0,2.222,0.0,1.111,0.0,41.111,304.444,254.444,93.333,313.333,295.556,256.667,262.222,277.778,230.0,0.3216069720480391,110.55575,1.1084306634270464,0.9021764130091814,1.0013647529797105,406.66700000000003,0.0,3.3335,1.1328134887710761,142.222,1.3207303099498762,176.33335
malecns_ge5,1.0,A,0.7,4,2,115027,,8.889,-0.06249296883788946,9.4445,410.5555,3.0300000000000002,26.111,0.0,141.111,320.3333,81.66666666666667,17.778,0.0,0.0,0.0,0.0,0.0,0.0,0.0,0.0,0.0,0.0,0.0,0.0,0.0,0.0,0.0,0.0,0.0,184.0,18.889,0.0,0.0,0.0,0.0,0.0,0.0,0.0,0.0,0.0,0.0,0.0,0.0,0.0,0.0,0.0,0.0,0.0,581.3333333333334,0.0,0.0,418.889,402.222,33.333,3.333,0.0,0.0,0.0,0.0,0.0,0.0,0.0,0.0,0.0,0.0,0.0,0.0,322.0,0.0,0.0,418.889,48.889,0.0,52.222,0.0,0.0,0.0,0.0,0.0,40.0,0.0,0.0,0.0,0.0,0.0,0.0,356.0,0.0,0.0,0.0,0.0,0.0,0.0,141.111,0.0,0.0,0.0,14.444,0.0,0.0,0.0,0.0,0.0,0.0,0.0,1022.3333333333334,0.0,0.0,0.0,0.0,14.444,0.0,0.0,0.0,330.0,373.333,341.111,285.556,341.111,324.444,300.0,321.111,311.111,275.556,0.08040287366328752,110.55575,-0.06926912290850756,0.9021764130091814,1.009561877408297,406.66700000000003,7.832908354582271,3.3335,0.9921882690441702,142.222,1.81663479994,176.33335
malecns_ge5,1.0,A,0.7,6,1,115027,,5.0,1.0,0.0,412.778,2.9000000000000004,5.5555,7.778,227.778,310.88890000000004,33.666666666666664,10.0,0.0,0.0,0.0,0.0,0.0,0.0,0.0,0.0,0.0,0.0,0.0,0.0,0.0,0.0,0.0,0.0,0.0,141.33333333333334,0.0,0.0,0.0,0.0,0.0,0.0,0.0,0.0,0.0,0.0,0.0,0.0,0.0,0.0,0.0,0.0,0.0,0.0,827.6666666666666,0.0,0.0,416.667,408.889,14.444,0.0,2.222,54.444,0.0,0.0,0.0,0.0,0.0,0.0,0.0,0.0,0.0,0.0,565.0,0.0,0.0,416.667,206.667,0.0,0.0,15.556,11.111,0.0,0.0,0.0,0.0,0.0,0.0,0.0,0.0,0.0,0.0,238.33333333333334,0.0,0.0,0.0,0.0,0.0,0.0,227.778,24.444,0.0,0.0,0.0,0.0,0.0,0.0,0.0,0.0,0.0,0.0,824.6666666666666,0.0,0.0,0.0,0.0,0.0,0.0,0.0,0.0,280.0,337.778,334.444,295.556,324.444,335.556,321.111,314.444,306.667,258.889,0.044444444444444446,112.5,1.1167058838449706,0.8954909385422629,1.0136436636527497,407.222,1.9998200143988483,2.778,1.4538990342573739,156.667,1.752035567197387,177.4444
malecns_ge5,1.0,A,0.7,6,2,115027,,0.5555,,0.0,411.111,2.9000000000000004,11.111,10.5555,230.0,312.55559999999997,24.333333333333332,1.111,0.0,0.0,0.0,0.0,0.0,0.0,0.0,0.0,0.0,0.0,0.0,0.0,0.0,0.0,0.0,0.0,0.0,209.33333333333334,0.0,0.0,0.0,0.0,0.0,0.0,15.556,0.0,0.0,0.0,0.0,0.0,0.0,0.0,0.0,0.0,0.0,0.0,865.0,0.0,0.0,418.889,403.333,16.667,0.0,2.222,66.667,0.0,0.0,0.0,0.0,0.0,0.0,0.0,0.0,0.0,0.0,623.6666666666666,0.0,0.0,417.778,207.778,0.0,0.0,21.111,22.222,0.0,0.0,0.0,0.0,0.0,0.0,0.0,0.0,0.0,0.0,242.66666666666666,0.0,0.0,0.0,0.0,0.0,0.0,230.0,26.667,0.0,0.0,0.0,0.0,0.0,0.0,0.0,0.0,0.0,0.0,873.3333333333334,0.0,0.0,0.0,0.0,0.0,0.0,0.0,0.0,280.0,346.667,342.222,297.778,330.0,322.222,318.889,316.667,306.667,264.444,0.005024614278316596,110.55575,,0.9021764130091814,1.0109278598951967,406.66700000000003,3.333133343332834,3.3335,1.6171900268594168,142.222,1.7725268646004853,176.33335
malecns_ge5,1.0,A,0.85,0,1,139676,,0.0,,0.0,413.889,3.0,84.4445,0.0,76.667,327.44450000000006,15.333333333333334,0.0,0.0,0.0,0.0,0.0,0.0,0.0,0.0,0.0,0.0,0.0,0.0,0.0,0.0,0.0,0.0,0.0,0.0,39.0,0.0,0.0,0.0,0.0,0.0,0.0,0.0,0.0,0.0,0.0,0.0,0.0,0.0,0.0,0.0,0.0,0.0,0.0,223.66666666666666,0.0,0.0,420.0,407.778,0.0,128.889,0.0,41.111,0.0,0.0,0.0,0.0,0.0,0.0,0.0,0.0,0.0,0.0,142.66666666666666,0.0,0.0,417.778,182.222,0.0,123.333,0.0,45.556,0.0,0.0,0.0,0.0,0.0,0.0,0.0,0.0,0.0,0.0,77.33333333333333,0.0,0.0,0.0,0.0,0.0,0.0,76.667,73.333,0.0,0.0,0.0,0.0,0.0,0.0,0.0,0.0,0.0,0.0,275.3333333333333,0.0,0.0,21.111,0.0,0.0,0.0,0.0,0.0,326.667,370.0,346.667,302.222,334.444,333.333,325.556,320.0,317.778,297.778,0.0,112.5,,0.8954909385422629,1.0163719052506988,407.222,30.397588192944568,2.778,0.4893627885898115,156.667,1.8453357784184796,177.4444
malecns_ge5,1.0,A,0.5,9,2,82162,,22.778,1.0,0.0,405.0,3.0,1.111,0.0,21.111,269.3334,368.0,45.556,0.0,0.0,0.0,0.0,0.0,0.0,0.0,0.0,0.0,0.0,1.111,0.0,0.0,0.0,0.0,0.0,0.0,612.3333333333334,0.0,0.0,0.0,0.0,0.0,0.0,0.0,0.0,0.0,0.0,0.0,0.0,0.0,0.0,0.0,0.0,0.0,0.0,1992.3333333333333,0.0,0.0,414.444,395.556,0.0,0.0,0.0,0.0,0.0,0.0,0.0,0.0,0.0,0.0,0.0,0.0,0.0,0.0,1393.0,0.0,0.0,412.222,62.222,0.0,2.222,0.0,0.0,0.0,0.0,0.0,0.0,0.0,0.0,0.0,0.0,0.0,0.0,1676.0,0.0,0.0,0.0,0.0,2.222,0.0,21.111,0.0,0.0,0.0,24.444,3.333,0.0,0.0,0.0,0.0,0.0,0.0,2391.6666666666665,0.0,0.0,0.0,0.0,0.0,0.0,0.0,132.222,166.667,332.222,343.333,203.333,331.111,295.556,262.222,235.556,286.667,236.667,0.2060317984365354,110.55575,1.1084306634270464,0.9021764130091814,0.9959008230321122,406.66700000000003,0.33328333583320835,3.3335,0.14843695068273544,142.222,1.5274104416436256,176.33335
malecns_ge5,1.0,A,0.7,8,1,115027,,0.0,,0.0,415.0,2.965,2.778,0.0,3.333,315.4444,36.0,0.0,0.0,0.0,0.0,0.0,0.0,0.0,0.0,0.0,0.0,22.222,0.0,0.0,0.0,0.0,0.0,0.0,0.0,115.33333333333333,0.0,0.0,0.0,0.0,0.0,0.0,0.0,0.0,0.0,0.0,21.111,0.0,0.0,0.0,0.0,0.0,0.0,0.0,712.3333333333334,0.0,0.0,425.556,404.444,0.0,0.0,0.0,0.0,0.0,0.0,1.111,0.0,0.0,0.0,0.0,0.0,0.0,0.0,500.0,0.0,0.0,423.333,21.111,0.0,5.556,0.0,0.0,0.0,0.0,1.111,0.0,0.0,0.0,0.0,0.0,0.0,0.0,179.33333333333334,0.0,0.0,0.0,0.0,0.0,0.0,3.333,2.222,0.0,0.0,0.0,43.333,0.0,0.0,0.0,0.0,0.0,0.0,855.6666666666666,0.0,0.0,102.222,95.556,0.0,0.0,0.0,0.0,340.0,362.222,314.444,327.778,328.889,327.778,298.889,278.889,294.444,281.111,0.0,112.5,,0.8954909385422629,1.0191001468486478,407.222,1.0,2.778,0.02127442282037698,156.667,1.7777083976727357,177.4444
malecns_ge5,1.0,A,0.5,9,1,82162,,18.889,1.0,0.0,406.111,3.0,1.6665,0.0,30.0,273.3332,1053.0,37.778,0.0,0.0,0.0,0.0,5.556,0.0,0.0,0.0,0.0,0.0,3.333,0.0,0.0,0.0,0.0,0.0,0.0,532.0,0.0,0.0,0.0,0.0,0.0,0.0,0.0,1.111,0.0,0.0,0.0,0.0,0.0,0.0,0.0,0.0,0.0,0.0,1997.0,0.0,0.0,412.222,400.0,0.0,0.0,0.0,0.0,0.0,0.0,0.0,0.0,0.0,0.0,0.0,0.0,0.0,0.0,1385.6666666666667,0.0,0.0,411.111,60.0,0.0,3.333,0.0,0.0,0.0,0.0,0.0,0.0,0.0,0.0,0.0,0.0,0.0,0.0,1672.6666666666667,0.0,0.0,0.0,0.0,1.111,0.0,30.0,0.0,0.0,0.0,20.0,5.556,0.0,0.0,0.0,0.0,0.0,0.0,3315.0,0.0,0.0,0.0,0.0,0.0,0.0,0.0,144.444,183.333,325.556,344.444,220.0,324.444,312.222,263.333,241.111,281.111,237.778,0.1679022222222222,112.5,1.1167058838449706,0.8954909385422629,0.997271758402051,407.222,0.5998920086393089,2.778,0.19148895427882068,156.667,1.5403878623388507,177.4444
malecns_ge5,1.0,A,0.7,8,2,115027,,2.222,1.0,0.0,413.3335,3.0,0.0,0.0,3.333,313.55549999999994,38.0,4.444,0.0,0.0,0.0,0.0,0.0,0.0,0.0,0.0,0.0,15.556,0.0,0.0,0.0,0.0,0.0,0.0,0.0,121.66666666666667,0.0,0.0,0.0,0.0,0.0,0.0,0.0,0.0,0.0,0.0,16.667,0.0,0.0,0.0,0.0,0.0,0.0,0.0,734.6666666666666,0.0,0.0,427.778,398.889,0.0,0.0,0.0,0.0,0.0,0.0,0.0,0.0,0.0,0.0,0.0,0.0,0.0,0.0,521.0,0.0,0.0,426.667,15.556,0.0,0.0,0.0,0.0,0.0,0.0,0.0,0.0,0.0,0.0,0.0,0.0,0.0,0.0,184.33333333333334,0.0,0.0,0.0,0.0,0.0,0.0,3.333,4.444,0.0,0.0,0.0,42.222,0.0,0.0,0.0,0.0,0.0,0.0,872.3333333333334,0.0,0.0,94.444,85.556,0.0,0.0,0.0,0.0,335.556,371.111,320.0,326.667,332.222,312.222,292.222,268.889,294.444,282.222,0.020098457113266383,110.55575,1.1084306634270464,0.9021764130091814,1.0163930193499842,406.66700000000003,0.0,3.3335,0.023435192867488856,142.222,1.7781973744614954,176.33335
malecns_ge5,1.0,A,0.7,9,1,115027,,0.0,,0.0,406.667,3.0,33.3335,0.0,190.0,293.7776,19.0,0.0,0.0,0.0,0.0,0.0,0.0,0.0,0.0,0.0,0.0,0.0,0.0,0.0,0.0,0.0,0.0,0.0,0.0,110.66666666666667,0.0,0.0,0.0,0.0,0.0,0.0,0.0,0.0,0.0,0.0,0.0,0.0,0.0,0.0,0.0,0.0,0.0,0.0,916.6666666666666,0.0,0.0,416.667,396.667,0.0,63.333,0.0,70.0,0.0,0.0,0.0,0.0,0.0,0.0,0.0,0.0,0.0,0.0,425.6666666666667,0.0,0.0,414.444,0.0,0.0,61.111,0.0,5.556,0.0,0.0,0.0,0.0,0.0,0.0,0.0,0.0,0.0,0.0,283.3333333333333,0.0,0.0,0.0,0.0,0.0,0.0,190.0,0.0,0.0,0.0,0.0,0.0,0.0,0.0,0.0,0.0,0.0,0.0,1322.0,6.667,0.0,0.0,0.0,0.0,0.0,0.0,115.556,226.667,344.444,344.444,232.222,331.111,323.333,294.444,283.333,296.667,261.111,0.0,112.5,,0.8954909385422629,0.9986371070325277,407.222,11.99910007199424,2.778,1.2127633770991977,156.667,1.655603670783637,177.4444
malecns_ge5,1.0,A,0.7,5,1,115027,,0.0,,0.0,410.0,3.0300000000000002,28.3335,45.5555,275.556,332.11119999999994,46.666666666666664,0.0,0.0,0.0,0.0,0.0,0.0,0.0,0.0,0.0,0.0,0.0,0.0,0.0,0.0,0.0,0.0,0.0,0.0,53.666666666666664,0.0,0.0,0.0,0.0,0.0,0.0,0.0,0.0,0.0,0.0,0.0,0.0,0.0,0.0,0.0,0.0,0.0,0.0,1363.6666666666667,0.0,0.0,407.778,412.222,0.0,0.0,66.667,33.333,0.0,0.0,20.0,28.889,0.0,0.0,0.0,0.0,0.0,0.0,1117.3333333333333,0.0,0.0,406.667,203.333,0.0,0.0,91.111,56.667,0.0,0.0,36.667,58.889,0.0,0.0,0.0,0.0,0.0,0.0,1090.6666666666667,0.0,0.0,0.0,0.0,3.333,0.0,275.556,0.0,0.0,0.0,25.556,48.889,0.0,0.0,0.0,0.0,0.0,0.0,1199.0,0.0,0.0,0.0,0.0,0.0,0.0,0.0,0.0,341.111,371.111,356.667,328.889,340.0,346.667,318.889,320.0,312.222,285.556,0.0,112.5,,0.8954909385422629,1.0068218318263749,407.222,10.199244060475163,2.778,1.7588643428418236,156.667,1.8716352840664452,177.4444
malecns_ge5,1.0,A,0.7,5,2,115027,,0.0,,0.5555,410.0,3.0,30.0,40.5555,260.0,331.99989999999997,328.0,0.0,0.0,0.0,0.0,0.0,0.0,12.222,7.778,0.0,0.0,1.111,2.222,0.0,0.0,0.0,0.0,0.0,0.0,60.0,1.111,0.0,0.0,0.0,0.0,0.0,0.0,0.0,0.0,0.0,0.0,0.0,0.0,0.0,0.0,0.0,0.0,0.0,1123.6666666666667,0.0,0.0,410.0,410.0,0.0,0.0,18.889,10.0,0.0,0.0,17.778,24.444,0.0,0.0,0.0,0.0,0.0,0.0,1057.0,0.0,0.0,410.0,207.778,0.0,0.0,81.111,60.0,0.0,0.0,31.111,53.333,0.0,0.0,0.0,0.0,0.0,0.0,1083.0,0.0,0.0,0.0,0.0,1.111,0.0,260.0,1.111,0.0,0.0,24.444,48.889,0.0,0.0,0.0,0.0,0.0,0.0,1191.6666666666667,0.0,0.0,0.0,0.0,0.0,0.0,0.0,0.0,338.889,380.0,362.222,332.222,346.667,334.444,308.889,323.333,312.222,281.111,0.0,110.55575,,0.9021764130091814,1.0081958949213976,406.66700000000003,8.999550022498875,3.3335,1.8281278564497756,142.222,1.8827969865031202,176.33335
malecns_ge5,1.0,A,0.5,5,1,82162,,5.0,-0.5555999999999999,7.778,407.778,3.0300000000000002,22.778,61.111,305.556,304.9998,1592.6666666666667,10.0,0.0,0.0,0.0,0.0,2.222,84.444,28.889,0.0,0.0,13.333,0.0,0.0,0.0,0.0,0.0,0.0,0.0,5161.333333333333,15.556,0.0,0.0,0.0,0.0,0.0,110.0,26.667,0.0,0.0,20.0,2.222,0.0,0.0,0.0,0.0,0.0,0.0,5761.333333333333,0.0,0.0,406.667,408.889,3.333,0.0,111.111,46.667,0.0,0.0,10.0,0.0,0.0,0.0,0.0,0.0,0.0,0.0,5238.0,0.0,0.0,402.222,41.111,0.0,0.0,122.222,45.556,2.222,0.0,13.333,0.0,0.0,0.0,0.0,0.0,0.0,0.0,2754.0,0.0,0.0,0.0,0.0,3.333,0.0,305.556,61.111,0.0,0.0,13.333,0.0,0.0,0.0,0.0,0.0,0.0,0.0,3547.6666666666665,214.444,0.0,0.0,0.0,0.0,0.0,38.889,5.556,302.222,353.333,318.889,254.444,333.333,324.444,293.333,290.0,303.333,276.667,0.044444444444444446,112.5,-0.6204417890642655,0.8954909385422629,1.0013653486304768,407.222,8.199424046076313,2.778,1.9503532971206443,156.667,1.7188471431051078,177.4444
malecns_ge5,1.0,A,0.5,5,2,82162,,5.0,-0.7777999999999998,8.889,407.778,3.0,20.0,52.222,308.889,306.9999,913.3333333333334,10.0,0.0,0.0,0.0,0.0,2.222,40.0,20.0,0.0,0.0,10.0,0.0,0.0,0.0,0.0,0.0,0.0,0.0,5190.0,17.778,0.0,0.0,0.0,0.0,0.0,114.444,36.667,3.333,0.0,26.667,0.0,0.0,0.0,0.0,0.0,0.0,0.0,5807.0,0.0,0.0,410.0,405.556,0.0,0.0,103.333,51.111,0.0,0.0,4.444,0.0,0.0,0.0,0.0,0.0,0.0,0.0,5480.333333333333,0.0,0.0,405.556,36.667,0.0,0.0,104.444,40.0,2.222,0.0,7.778,0.0,0.0,0.0,0.0,0.0,0.0,0.0,3129.3333333333335,0.0,0.0,0.0,0.0,1.111,0.0,308.889,84.444,0.0,0.0,13.333,0.0,0.0,0.0,0.0,0.0,0.0,0.0,3560.0,190.0,0.0,0.0,0.0,0.0,0.0,37.778,14.444,303.333,366.667,328.889,263.333,338.889,312.222,284.444,290.0,307.778,274.444,0.04522605110996036,110.55575,-0.8621373700135565,0.9021764130091814,1.0027319649737991,406.66700000000003,5.9997000149992505,3.3335,2.1718791748112105,142.222,1.7410200622854386,176.33335
malecns_ge5,1.0,A,0.85,0,2,139676,,0.0,,0.0,414.44449999999995,2.9699999999999998,91.11099999999999,0.0,84.444,325.88890000000004,15.666666666666666,0.0,0.0,0.0,0.0,0.0,0.0,0.0,0.0,0.0,0.0,0.0,0.0,0.0,0.0,0.0,0.0,0.0,0.0,41.666666666666664,0.0,0.0,0.0,0.0,0.0,0.0,0.0,0.0,0.0,0.0,0.0,0.0,0.0,0.0,0.0,0.0,0.0,0.0,223.66666666666666,0.0,0.0,422.222,406.667,0.0,125.556,0.0,46.667,0.0,0.0,0.0,0.0,0.0,0.0,0.0,0.0,0.0,0.0,140.33333333333334,0.0,0.0,420.0,177.778,0.0,131.111,0.0,51.111,0.0,0.0,0.0,0.0,0.0,0.0,0.0,0.0,0.0,0.0,82.33333333333333,0.0,0.0,0.0,0.0,0.0,0.0,84.444,65.556,0.0,0.0,0.0,0.0,0.0,0.0,0.0,0.0,0.0,0.0,283.6666666666667,0.0,0.0,28.889,0.0,0.0,0.0,0.0,0.0,322.222,381.111,351.111,295.556,340.0,312.222,317.778,322.222,318.889,297.778,0.0,110.55575,,0.9021764130091814,1.019124984323783,406.66700000000003,27.33193340332983,3.3335,0.5937478027309417,142.222,1.8481410351473504,176.33335
malecns_ge5,1.0,A,0.85,1,1,139676,,0.0,,0.0,411.111,3.035,10.0,0.0,155.556,331.5554,15.666666666666666,0.0,0.0,0.0,0.0,0.0,0.0,0.0,0.0,0.0,0.0,0.0,0.0,0.0,0.0,0.0,0.0,0.0,0.0,39.0,0.0,0.0,0.0,0.0,0.0,0.0,0.0,0.0,0.0,0.0,0.0,0.0,0.0,0.0,0.0,0.0,0.0,0.0,94.0,0.0,0.0,414.444,407.778,13.333,0.0,0.0,20.0,0.0,0.0,0.0,0.0,0.0,0.0,0.0,0.0,0.0,0.0,52.333333333333336,0.0,0.0,416.667,0.0,0.0,0.0,0.0,20.0,0.0,0.0,0.0,0.0,0.0,0.0,0.0,0.0,0.0,0.0,77.66666666666667,0.0,0.0,0.0,0.0,36.667,0.0,155.556,0.0,0.0,0.0,0.0,0.0,0.0,0.0,0.0,0.0,0.0,0.0,277.6666666666667,0.0,0.0,0.0,0.0,0.0,0.0,2.222,0.0,351.111,368.889,350.0,294.444,332.222,351.111,323.333,341.111,322.222,281.111,0.0,112.5,,0.8954909385422629,1.009550073424324,407.222,3.599712023038157,2.778,0.9929085257265411,156.667,1.8685030353169783,177.4444
malecns_ge5,1.0,A,0.85,1,2,139676,,0.0,,0.0,410.0,3.0,11.6665,0.0,152.222,330.1112,15.333333333333334,0.0,0.0,0.0,0.0,0.0,0.0,0.0,0.0,0.0,0.0,0.0,0.0,0.0,0.0,0.0,0.0,0.0,0.0,38.0,0.0,0.0,0.0,0.0,0.0,0.0,0.0,0.0,0.0,0.0,0.0,0.0,0.0,0.0,0.0,0.0,0.0,0.0,94.0,0.0,0.0,416.667,403.333,12.222,0.0,0.0,21.111,0.0,0.0,0.0,0.0,0.0,0.0,0.0,0.0,0.0,0.0,53.666666666666664,0.0,0.0,416.667,0.0,0.0,0.0,0.0,23.333,0.0,0.0,0.0,0.0,0.0,0.0,0.0,0.0,0.0,0.0,81.0,0.0,0.0,0.0,0.0,32.222,0.0,152.222,0.0,0.0,0.0,0.0,0.0,0.0,0.0,0.0,0.0,0.0,0.0,277.3333333333333,0.0,0.0,0.0,0.0,0.0,0.0,5.556,0.0,348.889,377.778,353.333,295.556,337.778,332.222,317.778,341.111,318.889,277.778,0.0,110.55575,,0.9021764130091814,1.0081958949213976,406.66700000000003,3.4997750112494375,3.3335,1.070312609863453,142.222,1.8720860234323229,176.33335
malecns_ge5,1.0,A,0.85,2,1,139676,,0.0,,0.0,407.778,2.9699999999999998,0.0,7.778,137.778,336.88890000000004,12.0,0.0,0.0,0.0,0.0,0.0,0.0,0.0,0.0,0.0,0.0,0.0,0.0,0.0,0.0,0.0,0.0,0.0,0.0,27.333333333333332,0.0,0.0,0.0,0.0,0.0,0.0,0.0,0.0,0.0,0.0,0.0,0.0,0.0,0.0,0.0,0.0,0.0,0.0,225.33333333333334,0.0,0.0,408.889,406.667,0.0,0.0,35.556,0.0,0.0,0.0,0.0,0.0,0.0,0.0,0.0,0.0,0.0,0.0,132.66666666666666,0.0,0.0,408.889,0.0,0.0,0.0,15.556,0.0,0.0,0.0,0.0,0.0,0.0,0.0,0.0,0.0,0.0,0.0,72.33333333333333,0.0,0.0,0.0,0.0,0.0,13.333,137.778,51.111,0.0,0.0,0.0,43.333,0.0,0.0,0.0,0.0,0.0,0.0,246.33333333333334,103.333,0.0,0.0,0.0,0.0,25.556,0.0,17.778,365.556,381.111,325.556,326.667,334.444,343.333,324.444,340.0,330.0,297.778,0.0,112.5,,0.8954909385422629,1.0013653486304768,407.222,0.0,2.778,0.8794321714209118,156.667,1.8985603377734097,177.4444
malecns_ge5,1.0,A,0.85,2,2,139676,,0.0,,0.0,405.5555,2.9699999999999998,1.6665,10.0,143.333,333.889,12.666666666666666,0.0,0.0,0.0,0.0,0.0,0.0,0.0,0.0,0.0,0.0,0.0,0.0,0.0,0.0,0.0,0.0,0.0,0.0,27.0,0.0,0.0,0.0,0.0,0.0,0.0,0.0,0.0,0.0,0.0,0.0,0.0,0.0,0.0,0.0,0.0,0.0,0.0,225.33333333333334,0.0,0.0,410.0,401.111,0.0,0.0,40.0,0.0,0.0,0.0,0.0,0.0,0.0,0.0,0.0,0.0,0.0,0.0,143.0,0.0,0.0,410.0,0.0,0.0,3.333,20.0,0.0,0.0,0.0,0.0,0.0,0.0,0.0,0.0,0.0,0.0,0.0,72.0,0.0,0.0,0.0,0.0,0.0,12.222,143.333,48.889,0.0,0.0,0.0,46.667,0.0,0.0,0.0,0.0,0.0,0.0,246.0,105.556,0.0,0.0,0.0,0.0,18.889,0.0,11.111,360.0,387.778,323.333,325.556,336.667,328.889,318.889,336.667,326.667,294.444,0.0,110.55575,,0.9021764130091814,0.9972668055190118,406.66700000000003,0.4999250037498125,3.3335,1.0078117309558297,142.222,1.8935102180047054,176.33335
malecns_ge5,1.0,A,0.7,7,1,115027,,1.111,,0.0,411.111,3.0,38.3335,0.0,158.889,300.0,28.333333333333332,2.222,0.0,0.0,0.0,0.0,0.0,0.0,0.0,0.0,0.0,0.0,0.0,0.0,0.0,0.0,0.0,0.0,0.0,71.0,0.0,0.0,0.0,0.0,0.0,0.0,0.0,0.0,0.0,0.0,0.0,0.0,0.0,0.0,0.0,0.0,0.0,0.0,1104.0,0.0,0.0,413.333,408.889,112.222,0.0,0.0,6.667,0.0,0.0,0.0,6.667,0.0,0.0,0.0,0.0,0.0,0.0,883.0,0.0,0.0,412.222,3.333,0.0,50.0,0.0,26.667,0.0,0.0,0.0,0.0,0.0,0.0,0.0,0.0,0.0,0.0,366.6666666666667,0.0,0.0,0.0,0.0,0.0,0.0,158.889,0.0,0.0,0.0,31.111,0.0,0.0,0.0,0.0,0.0,0.0,0.0,903.0,0.0,0.0,0.0,0.0,16.667,0.0,0.0,0.0,245.556,326.667,312.222,242.222,328.889,333.333,313.333,317.778,305.556,274.444,0.009875555555555556,112.5,,0.8954909385422629,1.009550073424324,407.222,13.79895608351332,2.778,1.014182948546918,156.667,1.6906704297233386,177.4444
malecns_ge5,1.0,A,0.7,9,2,115027,,0.0,,0.0,405.5555,3.0,58.889,0.0,182.222,294.2223,23.666666666666668,0.0,0.0,0.0,0.0,0.0,0.0,0.0,0.0,0.0,0.0,0.0,0.0,0.0,0.0,0.0,0.0,0.0,0.0,115.0,0.0,0.0,0.0,0.0,0.0,0.0,0.0,0.0,0.0,0.0,1.111,0.0,0.0,0.0,0.0,0.0,0.0,0.0,859.6666666666666,0.0,0.0,416.667,394.444,0.0,52.222,0.0,44.444,0.0,0.0,0.0,0.0,0.0,0.0,0.0,0.0,0.0,0.0,561.6666666666666,0.0,0.0,416.667,2.222,0.0,58.889,0.0,58.889,0.0,0.0,0.0,3.333,0.0,0.0,0.0,0.0,0.0,0.0,289.6666666666667,0.0,0.0,0.0,0.0,0.0,0.0,182.222,0.0,0.0,0.0,0.0,0.0,0.0,0.0,0.0,0.0,0.0,0.0,2309.0,4.444,0.0,0.0,0.0,0.0,0.0,0.0,61.111,215.556,352.222,348.889,237.778,333.333,305.556,296.667,286.667,301.111,264.444,0.0,110.55575,,0.9021764130091814,0.9972668055190118,406.66700000000003,17.66581670916454,3.3335,1.2812504394538116,142.222,1.6685573092100843,176.33335
malecns_ge5,1.0,A,0.7,7,2,115027,,1.6665,,0.0,408.8885,3.135,36.667,1.111,153.333,299.6664999999999,30.0,3.333,0.0,0.0,0.0,0.0,0.0,0.0,0.0,0.0,0.0,1.111,0.0,0.0,0.0,0.0,0.0,0.0,0.0,71.0,0.0,0.0,0.0,0.0,0.0,0.0,0.0,0.0,0.0,0.0,0.0,0.0,0.0,0.0,0.0,0.0,0.0,0.0,1115.6666666666667,0.0,0.0,413.333,404.444,113.333,0.0,0.0,2.222,0.0,0.0,0.0,5.556,0.0,0.0,0.0,0.0,0.0,0.0,924.6666666666666,0.0,0.0,413.333,3.333,0.0,46.667,2.222,26.667,0.0,0.0,0.0,0.0,0.0,0.0,0.0,0.0,0.0,0.0,384.0,0.0,0.0,0.0,0.0,0.0,0.0,153.333,0.0,0.0,0.0,36.667,0.0,0.0,0.0,0.0,0.0,0.0,0.0,894.3333333333334,0.0,0.0,0.0,0.0,10.0,0.0,0.0,0.0,244.444,337.778,312.222,244.444,332.222,320.0,310.0,320.0,304.444,271.111,0.015073842834949789,110.55575,,0.9021764130091814,1.0054627004404095,406.66700000000003,10.999550022498877,3.3335,1.0781243408192824,142.222,1.69943178644312,176.33335
malecns_ge5,1.0,A,0.85,3,1,139676,,0.0,,0.0,411.1115,3.065,0.0,0.0,133.333,327.55550000000005,9.0,0.0,0.0,0.0,0.0,0.0,0.0,0.0,0.0,0.0,0.0,0.0,0.0,0.0,0.0,0.0,0.0,0.0,0.0,26.0,0.0,0.0,0.0,0.0,0.0,0.0,0.0,0.0,0.0,0.0,0.0,0.0,0.0,0.0,0.0,0.0,0.0,0.0,169.0,0.0,0.0,416.667,405.556,0.0,0.0,0.0,24.444,0.0,0.0,0.0,0.0,0.0,0.0,0.0,0.0,0.0,0.0,101.33333333333333,0.0,0.0,414.444,136.667,0.0,0.0,0.0,0.0,0.0,0.0,0.0,0.0,0.0,0.0,0.0,0.0,0.0,0.0,90.0,0.0,0.0,0.0,0.0,0.0,0.0,133.333,0.0,0.0,0.0,0.0,0.0,0.0,0.0,0.0,0.0,0.0,0.0,364.3333333333333,0.0,0.0,0.0,0.0,0.0,0.0,0.0,0.0,331.111,347.778,350.0,275.556,342.222,338.889,331.111,334.444,324.444,300.0,0.0,112.5,,0.8954909385422629,1.0095513012558262,407.222,0.0,2.778,0.8510598913619333,156.667,1.8459613264774772,177.4444
malecns_ge5,1.0,A,0.85,4,1,139676,,0.0,,0.0,412.778,2.9000000000000004,49.4445,2.778,104.444,333.0,7.333333333333333,0.0,0.0,0.0,0.0,0.0,0.0,0.0,0.0,0.0,0.0,0.0,0.0,0.0,0.0,0.0,0.0,0.0,0.0,36.333333333333336,0.0,0.0,0.0,0.0,0.0,0.0,0.0,0.0,0.0,0.0,0.0,0.0,0.0,0.0,0.0,0.0,0.0,0.0,217.66666666666666,0.0,0.0,415.556,410.0,90.0,60.0,0.0,0.0,0.0,0.0,0.0,0.0,0.0,0.0,0.0,0.0,0.0,0.0,108.0,0.0,0.0,416.667,70.0,5.556,98.889,0.0,0.0,0.0,0.0,0.0,0.0,0.0,0.0,0.0,0.0,0.0,0.0,84.0,0.0,0.0,0.0,0.0,20.0,0.0,104.444,0.0,0.0,0.0,0.0,0.0,0.0,0.0,0.0,0.0,0.0,0.0,264.0,0.0,0.0,0.0,0.0,0.0,0.0,0.0,0.0,346.667,364.444,337.778,304.444,335.556,342.222,334.444,345.556,325.556,293.333,0.0,112.5,,0.8954909385422629,1.0136436636527497,407.222,17.798596112311014,2.778,0.6666624113565716,156.667,1.8766441769929059,177.4444
malecns_ge5,1.0,A,0.85,4,2,139676,,0.0,,0.0,411.1115,3.0300000000000002,47.778,0.0,112.222,331.6666000000001,12.666666666666666,0.0,0.0,0.0,0.0,0.0,0.0,0.0,0.0,0.0,0.0,0.0,0.0,0.0,0.0,0.0,0.0,0.0,0.0,38.333333333333336,0.0,0.0,0.0,0.0,0.0,0.0,0.0,0.0,0.0,0.0,0.0,0.0,0.0,0.0,0.0,0.0,0.0,0.0,215.0,0.0,0.0,416.667,405.556,86.667,51.111,0.0,0.0,0.0,0.0,0.0,0.0,0.0,0.0,0.0,0.0,0.0,0.0,105.33333333333333,0.0,0.0,416.667,72.222,0.0,95.556,0.0,0.0,0.0,0.0,0.0,0.0,0.0,0.0,0.0,0.0,0.0,0.0,84.66666666666667,0.0,0.0,0.0,0.0,15.556,0.0,112.222,0.0,0.0,0.0,0.0,0.0,0.0,0.0,0.0,0.0,0.0,0.0,257.3333333333333,0.0,0.0,0.0,0.0,0.0,0.0,0.0,0.0,344.444,376.667,343.333,302.222,337.778,327.778,328.889,343.333,323.333,288.889,0.0,110.55575,,0.9021764130091814,1.0109290894023857,406.66700000000003,14.33268336583171,3.3335,0.7890621704096412,142.222,1.8809068165494507,176.33335
malecns_ge5,1.0,A,0.85,6,1,139676,,0.0,,0.0,407.77750000000003,2.9000000000000004,0.0,0.0,95.556,329.99989999999997,7.0,0.0,0.0,0.0,0.0,0.0,0.0,0.0,0.0,0.0,0.0,0.0,0.0,0.0,0.0,0.0,0.0,0.0,0.0,21.0,0.0,0.0,0.0,0.0,0.0,0.0,0.0,0.0,0.0,0.0,0.0,0.0,0.0,0.0,0.0,0.0,0.0,0.0,206.0,0.0,0.0,414.444,401.111,0.0,0.0,26.667,0.0,0.0,0.0,0.0,0.0,0.0,0.0,0.0,0.0,0.0,0.0,149.33333333333334,0.0,0.0,413.333,148.889,0.0,0.0,0.0,0.0,0.0,0.0,0.0,0.0,0.0,0.0,0.0,0.0,0.0,0.0,48.333333333333336,0.0,0.0,0.0,0.0,0.0,0.0,95.556,0.0,0.0,0.0,0.0,0.0,0.0,0.0,0.0,0.0,0.0,0.0,213.66666666666666,4.444,0.0,0.0,0.0,0.0,0.0,0.0,0.0,338.889,363.333,341.111,303.333,330.0,341.111,334.444,335.556,321.111,291.111,0.0,112.5,,0.8954909385422629,1.0013641207989747,407.222,0.0,2.778,0.6099306171688996,156.667,1.8597369091388625,177.4444
malecns_ge5,1.0,A,0.85,3,2,139676,,0.0,,0.0,410.0,2.965,0.0,0.0,138.889,326.0,8.666666666666666,0.0,0.0,0.0,0.0,0.0,0.0,0.0,0.0,0.0,0.0,0.0,0.0,0.0,0.0,0.0,0.0,0.0,0.0,26.0,0.0,0.0,0.0,0.0,0.0,0.0,0.0,0.0,0.0,0.0,0.0,0.0,0.0,0.0,0.0,0.0,0.0,0.0,172.0,0.0,0.0,416.667,403.333,0.0,0.0,0.0,20.0,0.0,0.0,0.0,0.0,0.0,0.0,0.0,0.0,0.0,0.0,107.0,0.0,0.0,416.667,136.667,0.0,0.0,0.0,0.0,0.0,0.0,0.0,0.0,0.0,0.0,0.0,0.0,0.0,0.0,89.66666666666667,0.0,0.0,0.0,0.0,0.0,0.0,138.889,0.0,0.0,0.0,0.0,0.0,0.0,0.0,0.0,0.0,0.0,0.0,365.6666666666667,0.0,0.0,0.0,0.0,0.0,0.0,0.0,0.0,326.667,356.667,353.333,277.778,343.333,321.111,325.556,333.333,324.444,297.778,0.0,110.55575,,0.9021764130091814,1.0081958949213976,406.66700000000003,0.0,3.3335,0.9765648071325111,142.222,1.8487710917985736,176.33335
malecns_ge5,1.0,A,0.85,6,2,139676,,0.0,,0.0,406.111,2.9000000000000004,0.0,0.0,91.111,331.7777,7.0,0.0,0.0,0.0,0.0,0.0,0.0,0.0,0.0,0.0,0.0,0.0,0.0,0.0,0.0,0.0,0.0,0.0,0.0,20.666666666666668,0.0,0.0,0.0,0.0,0.0,0.0,0.0,0.0,0.0,0.0,0.0,0.0,0.0,0.0,0.0,0.0,0.0,0.0,205.0,0.0,0.0,414.444,397.778,0.0,0.0,14.444,0.0,0.0,0.0,0.0,0.0,0.0,0.0,0.0,0.0,0.0,0.0,151.66666666666666,0.0,0.0,416.667,142.222,0.0,0.0,0.0,0.0,0.0,0.0,0.0,0.0,0.0,0.0,0.0,0.0,0.0,0.0,47.333333333333336,0.0,0.0,0.0,0.0,0.0,0.0,91.111,0.0,0.0,0.0,0.0,0.0,0.0,0.0,0.0,0.0,0.0,0.0,224.66666666666666,3.333,0.0,0.0,0.0,0.0,0.0,0.0,0.0,338.889,374.444,350.0,310.0,334.444,326.667,331.111,336.667,324.444,291.111,0.0,110.55575,,0.9021764130091814,0.9986327880059114,406.66700000000003,0.0,3.3335,0.6406252197269058,142.222,1.8815368732006736,176.33335
malecns_ge5,1.0,A,0.85,5,1,139676,,0.0,,0.0,411.111,3.0300000000000002,3.3335,0.0,232.222,340.00010000000003,15.0,0.0,0.0,0.0,0.0,0.0,0.0,0.0,0.0,0.0,0.0,0.0,0.0,0.0,0.0,0.0,0.0,0.0,0.0,26.333333333333332,0.0,0.0,0.0,0.0,0.0,0.0,0.0,0.0,0.0,0.0,0.0,0.0,0.0,0.0,0.0,0.0,0.0,0.0,164.33333333333334,0.0,0.0,414.444,407.778,0.0,0.0,0.0,24.444,0.0,0.0,0.0,0.0,0.0,0.0,0.0,0.0,0.0,0.0,104.33333333333333,0.0,0.0,414.444,147.778,0.0,0.0,0.0,6.667,0.0,0.0,0.0,0.0,0.0,0.0,0.0,0.0,0.0,0.0,138.0,0.0,0.0,0.0,0.0,23.333,0.0,232.222,42.222,0.0,0.0,0.0,0.0,0.0,0.0,0.0,0.0,0.0,0.0,302.6666666666667,0.0,0.0,0.0,0.0,0.0,0.0,0.0,0.0,356.667,376.667,358.889,327.778,348.889,352.222,330.0,330.0,321.111,297.778,0.0,112.5,,0.8954909385422629,1.009550073424324,407.222,1.1999640028797696,2.778,1.48226493135121,156.667,1.9160937172432606,177.4444
malecns_ge5,1.0,A,0.85,5,2,139676,,0.0,,0.0,410.0,3.0,0.0,0.0,231.111,339.88870000000003,15.333333333333334,0.0,0.0,0.0,0.0,0.0,0.0,0.0,0.0,0.0,0.0,0.0,0.0,0.0,0.0,0.0,0.0,0.0,0.0,28.0,0.0,0.0,0.0,0.0,0.0,0.0,0.0,0.0,0.0,0.0,0.0,0.0,0.0,0.0,0.0,0.0,0.0,0.0,151.33333333333334,0.0,0.0,416.667,403.333,0.0,0.0,0.0,27.778,0.0,0.0,0.0,0.0,0.0,0.0,0.0,0.0,0.0,0.0,94.66666666666667,0.0,0.0,415.556,136.667,0.0,0.0,0.0,0.0,0.0,0.0,0.0,0.0,0.0,0.0,0.0,0.0,0.0,0.0,135.33333333333334,0.0,0.0,0.0,0.0,20.0,0.0,231.111,56.667,0.0,0.0,0.0,0.0,0.0,0.0,0.0,0.0,0.0,0.0,312.3333333333333,0.0,0.0,0.0,0.0,0.0,0.0,0.0,0.0,354.444,386.667,364.444,333.333,351.111,337.778,323.333,331.111,322.222,294.444,0.0,110.55575,,0.9021764130091814,1.0081958949213976,406.66700000000003,0.0,3.3335,1.6250017578152465,142.222,1.9275349784938585,176.33335
malecns_ge5,1.0,A,0.95,0,1,156109,,0.0,,0.0,407.222,3.0,0.0,0.0,0.0,340.5557,1.3333333333333333,0.0,0.0,0.0,0.0,0.0,0.0,0.0,0.0,0.0,0.0,0.0,0.0,0.0,0.0,0.0,0.0,0.0,0.0,12.333333333333334,0.0,0.0,0.0,0.0,0.0,0.0,0.0,0.0,0.0,0.0,0.0,0.0,0.0,0.0,0.0,0.0,0.0,0.0,32.333333333333336,0.0,0.0,414.444,400.0,0.0,0.0,0.0,0.0,0.0,0.0,0.0,0.0,0.0,0.0,0.0,0.0,0.0,0.0,26.0,0.0,0.0,413.333,64.444,0.0,0.0,0.0,0.0,0.0,0.0,0.0,0.0,0.0,0.0,0.0,0.0,0.0,0.0,13.333333333333334,0.0,0.0,0.0,0.0,0.0,0.0,0.0,0.0,0.0,0.0,0.0,0.0,0.0,0.0,0.0,0.0,0.0,0.0,81.66666666666667,0.0,0.0,0.0,0.0,40.0,54.444,0.0,0.0,367.778,377.778,350.0,335.556,336.667,344.444,325.556,342.222,326.667,298.889,0.0,112.5,,0.8954909385422629,1.0,407.222,0.0,2.778,0.0,156.667,1.919224838879108,177.4444
malecns_ge5,1.0,A,0.95,0,2,156109,,0.0,,0.0,407.22249999999997,2.9699999999999998,0.0,0.0,0.0,339.2223,1.0,0.0,0.0,0.0,0.0,0.0,0.0,0.0,0.0,0.0,0.0,0.0,0.0,0.0,0.0,0.0,0.0,0.0,0.0,12.333333333333334,0.0,0.0,0.0,0.0,0.0,0.0,0.0,0.0,0.0,0.0,0.0,0.0,0.0,0.0,0.0,0.0,0.0,0.0,32.0,0.0,0.0,416.667,397.778,0.0,0.0,0.0,1.111,0.0,0.0,0.0,0.0,0.0,0.0,0.0,0.0,0.0,0.0,24.666666666666668,0.0,0.0,416.667,63.333,0.0,0.0,0.0,0.0,0.0,0.0,0.0,0.0,0.0,0.0,0.0,0.0,0.0,0.0,13.333333333333334,0.0,0.0,0.0,0.0,0.0,0.0,0.0,0.0,0.0,0.0,0.0,0.0,0.0,0.0,0.0,0.0,0.0,0.0,85.33333333333333,0.0,0.0,4.444,0.0,36.667,43.333,0.0,0.0,365.556,388.889,353.333,331.111,338.889,326.667,320.0,341.111,327.778,298.889,0.0,110.55575,,0.9021764130091814,1.0013659824868995,406.66700000000003,0.0,3.3335,0.0,142.222,1.923755772801912,176.33335
malecns_ge5,1.0,A,0.95,1,1,156109,,0.0,,0.0,410.5555,3.035,0.0,0.0,66.667,336.33349999999996,3.0,0.0,0.0,0.0,0.0,0.0,0.0,0.0,0.0,0.0,0.0,0.0,0.0,0.0,0.0,0.0,0.0,0.0,0.0,10.666666666666666,0.0,0.0,0.0,0.0,0.0,0.0,0.0,0.0,0.0,0.0,0.0,0.0,0.0,0.0,0.0,0.0,0.0,0.0,17.0,0.0,0.0,414.444,406.667,0.0,0.0,0.0,0.0,0.0,0.0,0.0,0.0,0.0,0.0,0.0,0.0,0.0,0.0,8.333333333333334,0.0,0.0,413.333,0.0,0.0,0.0,0.0,0.0,0.0,0.0,0.0,0.0,0.0,0.0,0.0,0.0,0.0,0.0,10.0,0.0,0.0,0.0,0.0,0.0,0.0,66.667,0.0,0.0,0.0,0.0,0.0,0.0,0.0,0.0,0.0,0.0,0.0,66.33333333333333,0.0,0.0,0.0,0.0,0.0,0.0,0.0,0.0,355.556,373.333,352.222,295.556,336.667,350.0,335.556,348.889,326.667,288.889,0.0,112.5,,0.8954909385422629,1.0081859526253494,407.222,0.0,2.778,0.42553313716353797,156.667,1.8954303432511814,177.4444
malecns_ge5,1.0,A,0.95,1,2,156109,,0.0,,0.0,409.4445,3.0,0.5555,0.0,72.222,334.9999,3.0,0.0,0.0,0.0,0.0,0.0,0.0,0.0,0.0,0.0,0.0,0.0,0.0,0.0,0.0,0.0,0.0,0.0,0.0,12.333333333333334,0.0,0.0,0.0,0.0,0.0,0.0,0.0,0.0,0.0,0.0,0.0,0.0,0.0,0.0,0.0,0.0,0.0,0.0,18.666666666666668,0.0,0.0,415.556,403.333,0.0,0.0,0.0,1.111,0.0,0.0,0.0,0.0,0.0,0.0,0.0,0.0,0.0,0.0,8.666666666666666,0.0,0.0,414.444,0.0,0.0,0.0,0.0,1.111,0.0,0.0,0.0,0.0,0.0,0.0,0.0,0.0,0.0,0.0,10.0,0.0,0.0,0.0,0.0,0.0,0.0,72.222,0.0,0.0,0.0,0.0,0.0,0.0,0.0,0.0,0.0,0.0,0.0,64.66666666666667,0.0,0.0,0.0,0.0,0.0,0.0,0.0,0.0,353.333,383.333,357.778,298.889,342.222,333.333,328.889,345.556,322.222,284.444,0.0,110.55575,,0.9021764130091814,1.006829912434498,406.66700000000003,0.16664166791660417,3.3335,0.5078117309558295,142.222,1.8998102174092424,176.33335
malecns_ge5,1.0,A,0.85,7,1,139676,,0.0,,0.0,411.66650000000004,3.0,43.888999999999996,10.5555,271.111,324.88880000000006,7.666666666666667,0.0,0.0,0.0,0.0,0.0,0.0,0.0,0.0,0.0,0.0,0.0,0.0,0.0,0.0,0.0,0.0,0.0,0.0,24.0,0.0,0.0,0.0,0.0,0.0,0.0,0.0,0.0,0.0,0.0,0.0,0.0,0.0,0.0,0.0,0.0,0.0,0.0,257.0,0.0,0.0,413.333,410.0,121.111,51.111,87.778,17.778,0.0,0.0,0.0,0.0,0.0,0.0,0.0,0.0,0.0,0.0,171.0,0.0,0.0,413.333,40.0,0.0,61.111,21.111,26.667,0.0,0.0,0.0,0.0,0.0,0.0,0.0,0.0,0.0,0.0,113.66666666666667,0.0,0.0,0.0,0.0,1.111,0.0,271.111,0.0,0.0,0.0,23.333,18.889,0.0,0.0,0.0,0.0,0.0,0.0,242.66666666666666,0.0,0.0,0.0,0.0,8.889,0.0,25.556,0.0,323.333,348.889,335.556,274.444,334.444,341.111,338.889,340.0,317.778,294.444,0.0,112.5,,0.8954909385422629,1.0109141942232984,407.222,15.798776097912166,2.778,1.730492062782845,156.667,1.8309329570276665,177.4444
malecns_ge5,1.0,A,0.85,8,1,139676,,1.111,,0.0,411.66650000000004,2.965,0.0,0.0,77.778,339.00019999999995,22.666666666666668,2.222,0.0,0.0,0.0,0.0,0.0,0.0,0.0,0.0,0.0,8.889,0.0,0.0,0.0,0.0,0.0,0.0,0.0,33.666666666666664,0.0,0.0,0.0,0.0,0.0,0.0,0.0,0.0,0.0,0.0,7.778,0.0,0.0,0.0,0.0,0.0,0.0,0.0,201.0,0.0,0.0,418.889,404.444,0.0,0.0,0.0,0.0,0.0,0.0,0.0,0.0,0.0,0.0,0.0,0.0,0.0,0.0,99.0,0.0,0.0,414.444,0.0,0.0,0.0,0.0,0.0,0.0,0.0,0.0,0.0,0.0,0.0,0.0,0.0,0.0,0.0,66.0,0.0,0.0,0.0,0.0,0.0,0.0,77.778,0.0,0.0,0.0,0.0,16.667,0.0,0.0,0.0,0.0,0.0,0.0,271.3333333333333,41.111,0.0,0.0,0.0,0.0,0.0,0.0,0.0,358.889,377.778,350.0,340.0,337.778,345.556,336.667,338.889,316.667,287.778,0.009875555555555556,112.5,,0.8954909385422629,1.0109141942232984,407.222,0.0,2.778,0.49645426286327055,156.667,1.9104587127009922,177.4444
malecns_ge5,1.0,A,0.95,2,2,156109,,0.0,,0.0,407.778,2.9699999999999998,0.0,12.222,133.333,339.4445,2.0,0.0,0.0,0.0,0.0,0.0,0.0,0.0,0.0,0.0,0.0,0.0,0.0,0.0,0.0,0.0,0.0,0.0,0.0,2.0,0.0,0.0,0.0,0.0,0.0,0.0,0.0,0.0,0.0,0.0,0.0,0.0,0.0,0.0,0.0,0.0,0.0,0.0,60.0,0.0,0.0,415.556,400.0,0.0,0.0,24.444,0.0,0.0,0.0,16.667,0.0,0.0,0.0,0.0,0.0,0.0,0.0,42.0,0.0,0.0,415.556,0.0,0.0,0.0,24.444,0.0,0.0,0.0,0.0,0.0,0.0,0.0,0.0,0.0,0.0,0.0,17.0,0.0,0.0,0.0,0.0,0.0,0.0,133.333,0.0,0.0,0.0,0.0,0.0,0.0,0.0,0.0,0.0,0.0,0.0,61.666666666666664,0.0,0.0,0.0,0.0,0.0,0.0,0.0,0.0,358.889,387.778,351.111,326.667,341.111,328.889,331.111,344.444,327.778,296.667,0.0,110.55575,,0.9021764130091814,1.0027319649737991,406.66700000000003,0.0,3.3335,0.9374991210923767,142.222,1.9250158861043587,176.33335
malecns_ge5,1.0,A,0.95,3,1,156109,,0.0,,0.0,410.556,3.065,0.0,0.0,92.222,338.88890000000004,1.0,0.0,0.0,0.0,0.0,0.0,0.0,0.0,0.0,0.0,0.0,0.0,0.0,0.0,0.0,0.0,0.0,0.0,0.0,7.0,0.0,0.0,0.0,0.0,0.0,0.0,0.0,0.0,0.0,0.0,0.0,0.0,0.0,0.0,0.0,0.0,0.0,0.0,26.333333333333332,0.0,0.0,415.556,405.556,0.0,0.0,0.0,0.0,0.0,0.0,0.0,0.0,0.0,0.0,0.0,0.0,0.0,0.0,9.666666666666666,0.0,0.0,413.333,0.0,0.0,0.0,0.0,0.0,0.0,0.0,0.0,0.0,0.0,0.0,0.0,0.0,0.0,0.0,18.0,0.0,0.0,0.0,0.0,0.0,0.0,92.222,6.667,0.0,0.0,0.0,0.0,0.0,0.0,0.0,0.0,0.0,0.0,79.0,0.0,0.0,0.0,0.0,0.0,0.0,0.0,0.0,358.889,371.111,346.667,314.444,341.111,343.333,338.889,346.667,328.889,298.889,0.0,112.5,,0.8954909385422629,1.0081871804568516,407.222,0.0,2.778,0.58864981138338,156.667,1.9098314739715654,177.4444
malecns_ge5,1.0,A,0.95,3,2,156109,,0.0,,0.0,410.0,2.965,0.0,0.0,90.0,337.88890000000004,1.0,0.0,0.0,0.0,0.0,0.0,0.0,0.0,0.0,0.0,0.0,0.0,0.0,0.0,0.0,0.0,0.0,0.0,0.0,7.0,0.0,0.0,0.0,0.0,0.0,0.0,0.0,0.0,0.0,0.0,0.0,0.0,0.0,0.0,0.0,0.0,0.0,0.0,24.666666666666668,0.0,0.0,417.778,402.222,0.0,0.0,0.0,0.0,0.0,0.0,0.0,0.0,0.0,0.0,0.0,0.0,0.0,0.0,9.0,0.0,0.0,416.667,0.0,0.0,0.0,0.0,0.0,0.0,0.0,0.0,0.0,0.0,0.0,0.0,0.0,0.0,0.0,18.0,0.0,0.0,0.0,0.0,0.0,0.0,90.0,11.111,0.0,0.0,0.0,0.0,0.0,0.0,0.0,0.0,0.0,0.0,74.0,0.0,0.0,0.0,0.0,0.0,0.0,0.0,0.0,356.667,381.111,352.222,315.556,343.333,326.667,333.333,344.444,328.889,296.667,0.0,110.55575,,0.9021764130091814,1.0081958949213976,406.66700000000003,0.0,3.3335,0.6328134887710761,142.222,1.9161939587718377,176.33335
malecns_ge5,1.0,A,0.95,2,1,156109,,0.0,,0.0,410.0,2.9699999999999998,0.0,11.6665,130.0,341.88890000000004,2.0,0.0,0.0,0.0,0.0,0.0,0.0,0.0,0.0,0.0,0.0,0.0,0.0,0.0,0.0,0.0,0.0,0.0,0.0,2.0,0.0,0.0,0.0,0.0,0.0,0.0,0.0,0.0,0.0,0.0,0.0,0.0,0.0,0.0,0.0,0.0,0.0,0.0,59.333333333333336,0.0,0.0,413.333,406.667,0.0,0.0,25.556,0.0,0.0,0.0,11.111,0.0,0.0,0.0,0.0,0.0,0.0,0.0,41.666666666666664,0.0,0.0,414.444,0.0,0.0,0.0,23.333,0.0,0.0,0.0,0.0,0.0,0.0,0.0,0.0,0.0,0.0,0.0,17.0,0.0,0.0,0.0,0.0,0.0,0.0,130.0,0.0,0.0,0.0,0.0,0.0,0.0,0.0,0.0,0.0,0.0,0.0,66.33333333333333,0.0,0.0,0.0,0.0,0.0,0.0,0.0,16.667,363.333,380.0,350.0,328.889,338.889,343.333,335.556,347.778,330.0,301.111,0.0,112.5,,0.8954909385422629,1.0068218318263749,407.222,0.0,2.778,0.8297854685415563,156.667,1.9267381782687987,177.4444
malecns_ge5,1.0,A,0.85,7,2,139676,,0.0,,0.0,409.4445,3.135,45.0,8.889,264.444,324.88890000000004,7.0,0.0,0.0,0.0,0.0,0.0,0.0,0.0,0.0,0.0,0.0,0.0,0.0,0.0,0.0,0.0,0.0,0.0,0.0,24.333333333333332,0.0,0.0,0.0,0.0,0.0,0.0,0.0,0.0,0.0,0.0,0.0,0.0,0.0,0.0,0.0,0.0,0.0,0.0,270.6666666666667,0.0,0.0,413.333,405.556,124.444,52.222,86.667,12.222,0.0,0.0,0.0,0.0,0.0,0.0,0.0,0.0,0.0,0.0,178.0,0.0,0.0,414.444,55.556,0.0,66.667,17.778,23.333,0.0,0.0,0.0,0.0,0.0,0.0,0.0,0.0,0.0,0.0,120.0,0.0,0.0,0.0,0.0,0.0,0.0,264.444,0.0,0.0,0.0,23.333,20.0,0.0,0.0,0.0,0.0,0.0,0.0,243.33333333333334,0.0,0.0,0.0,0.0,7.778,0.0,15.556,0.0,322.222,358.889,341.111,276.667,335.556,328.889,333.333,341.111,321.111,290.0,0.0,110.55575,,0.9021764130091814,1.006829912434498,406.66700000000003,13.499325033748313,3.3335,1.8593747802730942,142.222,1.8424699581786432,176.33335
malecns_ge5,1.0,A,0.85,9,1,139676,,0.0,,0.0,405.55550000000005,3.0,33.3335,0.0,137.778,329.889,8.666666666666666,0.0,0.0,0.0,0.0,0.0,0.0,0.0,0.0,0.0,0.0,0.0,0.0,0.0,0.0,0.0,0.0,0.0,0.0,31.666666666666668,0.0,0.0,0.0,0.0,0.0,0.0,0.0,0.0,0.0,0.0,0.0,0.0,0.0,0.0,0.0,0.0,0.0,0.0,146.0,0.0,0.0,413.333,397.778,0.0,83.333,0.0,4.444,0.0,0.0,0.0,0.0,0.0,0.0,0.0,0.0,0.0,0.0,57.0,0.0,0.0,413.333,0.0,0.0,66.667,0.0,0.0,0.0,0.0,0.0,2.222,0.0,0.0,0.0,0.0,0.0,0.0,86.0,0.0,0.0,0.0,0.0,0.0,0.0,137.778,0.0,0.0,0.0,0.0,0.0,0.0,0.0,0.0,0.0,0.0,0.0,200.66666666666666,0.0,0.0,0.0,0.0,0.0,0.0,0.0,0.0,335.556,362.222,345.556,305.556,338.889,344.444,325.556,332.222,316.667,292.222,0.0,112.5,,0.8954909385422629,0.9959076376030767,407.222,11.99910007199424,2.778,0.8794321714209118,156.667,1.859111924636675,177.4444
malecns_ge5,1.0,A,0.85,8,2,139676,,5.0,1.0,0.0,408.889,3.0,0.0,0.0,80.0,339.111,23.333333333333332,10.0,0.0,0.0,0.0,0.0,0.0,0.0,0.0,0.0,0.0,3.333,0.0,0.0,0.0,0.0,0.0,0.0,0.0,37.333333333333336,0.0,0.0,0.0,0.0,0.0,0.0,0.0,0.0,0.0,0.0,3.333,0.0,0.0,0.0,0.0,0.0,0.0,0.0,193.33333333333334,0.0,0.0,418.889,398.889,0.0,0.0,0.0,0.0,0.0,0.0,0.0,0.0,0.0,0.0,0.0,0.0,0.0,0.0,98.66666666666667,0.0,0.0,416.667,0.0,0.0,0.0,0.0,0.0,0.0,0.0,0.0,0.0,0.0,0.0,0.0,0.0,0.0,0.0,67.0,0.0,0.0,0.0,0.0,0.0,0.0,80.0,0.0,0.0,0.0,0.0,16.667,0.0,0.0,0.0,0.0,0.0,0.0,285.0,37.778,0.0,0.0,0.0,0.0,0.0,2.222,0.0,358.889,387.778,352.222,341.111,342.222,334.444,334.444,334.444,315.556,290.0,0.04522605110996036,110.55575,1.1084306634270464,0.9021764130091814,1.0054639299475983,406.66700000000003,0.0,3.3335,0.5625008789076232,142.222,1.9231245819352947,176.33335
malecns_ge5,1.0,A,0.95,4,1,156109,,0.0,,0.0,411.111,2.9000000000000004,53.3335,5.0,120.0,341.5556,1.0,0.0,0.0,0.0,0.0,0.0,0.0,0.0,0.0,0.0,0.0,0.0,0.0,0.0,0.0,0.0,0.0,0.0,0.0,2.6666666666666665,0.0,0.0,0.0,0.0,0.0,0.0,0.0,0.0,0.0,0.0,0.0,0.0,0.0,0.0,0.0,0.0,0.0,0.0,47.0,0.0,0.0,414.444,407.778,27.778,105.556,0.0,0.0,0.0,0.0,0.0,0.0,0.0,0.0,0.0,0.0,0.0,0.0,30.0,0.0,0.0,415.556,46.667,10.0,106.667,0.0,0.0,0.0,0.0,0.0,0.0,0.0,0.0,0.0,0.0,0.0,0.0,21.666666666666668,0.0,0.0,0.0,0.0,0.0,0.0,120.0,0.0,0.0,0.0,0.0,0.0,0.0,0.0,0.0,0.0,0.0,0.0,66.33333333333333,0.0,0.0,0.0,0.0,0.0,0.0,0.0,0.0,365.556,377.778,346.667,324.444,337.778,350.0,334.444,347.778,330.0,301.111,0.0,112.5,,0.8954909385422629,1.009550073424324,407.222,19.198524118070555,2.778,0.7659558171152827,156.667,1.9248598434213762,177.4444
malecns_ge5,1.0,A,0.85,9,2,139676,,0.0,,0.0,403.333,3.0,26.111,0.0,127.778,329.4443,9.0,0.0,0.0,0.0,0.0,0.0,0.0,0.0,0.0,0.0,0.0,0.0,0.0,0.0,0.0,0.0,0.0,0.0,0.0,31.666666666666668,0.0,0.0,0.0,0.0,0.0,0.0,0.0,0.0,0.0,0.0,0.0,0.0,0.0,0.0,0.0,0.0,0.0,0.0,147.33333333333334,0.0,0.0,413.333,393.333,0.0,71.111,0.0,5.556,0.0,0.0,0.0,1.111,0.0,0.0,0.0,0.0,0.0,0.0,56.333333333333336,0.0,0.0,415.556,0.0,0.0,52.222,0.0,0.0,0.0,0.0,0.0,0.0,0.0,0.0,0.0,0.0,0.0,0.0,84.33333333333333,0.0,0.0,0.0,0.0,0.0,0.0,127.778,0.0,0.0,0.0,0.0,0.0,0.0,0.0,0.0,0.0,0.0,0.0,199.0,0.0,0.0,0.0,0.0,0.0,0.0,0.0,0.0,333.333,372.222,346.667,304.444,343.333,325.556,324.444,334.444,318.889,291.111,0.0,110.55575,,0.9021764130091814,0.9918016460642245,406.66700000000003,7.832908354582271,3.3335,0.8984404663132286,142.222,1.868303982201892,176.33335
malecns_ge5,1.0,A,0.95,4,2,156109,,0.0,,0.0,411.1115,3.0300000000000002,51.111,2.778,117.778,339.889,1.0,0.0,0.0,0.0,0.0,0.0,0.0,0.0,0.0,0.0,0.0,0.0,0.0,0.0,0.0,0.0,0.0,0.0,0.0,2.3333333333333335,0.0,0.0,0.0,0.0,0.0,0.0,0.0,0.0,0.0,0.0,0.0,0.0,0.0,0.0,0.0,0.0,0.0,0.0,49.0,0.0,0.0,416.667,405.556,18.889,103.333,0.0,0.0,0.0,0.0,0.0,0.0,0.0,0.0,0.0,0.0,0.0,0.0,30.666666666666668,0.0,0.0,415.556,45.556,5.556,102.222,0.0,0.0,0.0,0.0,0.0,0.0,0.0,0.0,0.0,0.0,0.0,0.0,20.666666666666668,0.0,0.0,0.0,0.0,0.0,0.0,117.778,0.0,0.0,0.0,0.0,0.0,0.0,0.0,0.0,0.0,0.0,0.0,64.33333333333333,0.0,0.0,0.0,0.0,0.0,0.0,0.0,0.0,361.111,387.778,348.889,325.556,340.0,333.333,330.0,346.667,326.667,298.889,0.0,110.55575,,0.9021764130091814,1.0109290894023857,406.66700000000003,15.332533373331334,3.3335,0.8281278564497757,142.222,1.927536679816949,176.33335
malecns_ge5,1.0,A,0.95,7,1,156109,,0.0,,0.0,408.333,3.0,0.0,0.0,191.111,334.9999,2.0,0.0,0.0,0.0,0.0,0.0,0.0,0.0,0.0,0.0,0.0,0.0,0.0,0.0,0.0,0.0,0.0,0.0,0.0,6.333333333333333,0.0,0.0,0.0,0.0,0.0,0.0,0.0,0.0,0.0,0.0,0.0,0.0,0.0,0.0,0.0,0.0,0.0,0.0,17.0,0.0,0.0,413.333,403.333,0.0,0.0,0.0,0.0,0.0,0.0,0.0,0.0,0.0,0.0,0.0,0.0,0.0,0.0,6.666666666666667,0.0,0.0,414.444,0.0,0.0,0.0,0.0,0.0,0.0,0.0,0.0,0.0,0.0,0.0,0.0,0.0,0.0,0.0,18.666666666666668,0.0,0.0,0.0,0.0,0.0,0.0,191.111,0.0,0.0,0.0,0.0,0.0,0.0,0.0,0.0,0.0,0.0,0.0,70.0,0.0,0.0,0.0,0.0,26.667,0.0,0.0,0.0,350.0,364.444,341.111,304.444,335.556,344.444,338.889,344.444,325.556,301.111,0.0,112.5,,0.8954909385422629,1.002728241597949,407.222,0.0,2.778,1.2198548513726566,156.667,1.8879147496342517,177.4444
malecns_ge5,1.0,A,0.95,5,1,156109,,0.0,,0.0,411.66650000000004,3.0300000000000002,0.0,0.0,158.889,338.5556,3.0,0.0,0.0,0.0,0.0,0.0,0.0,0.0,0.0,0.0,0.0,0.0,0.0,0.0,0.0,0.0,0.0,0.0,0.0,10.333333333333334,0.0,0.0,0.0,0.0,0.0,0.0,0.0,0.0,0.0,0.0,0.0,0.0,0.0,0.0,0.0,0.0,0.0,0.0,38.666666666666664,0.0,0.0,413.333,410.0,0.0,0.0,0.0,0.0,0.0,0.0,0.0,0.0,0.0,0.0,0.0,0.0,0.0,0.0,34.0,0.0,0.0,414.444,173.333,0.0,0.0,0.0,0.0,0.0,0.0,0.0,0.0,0.0,0.0,0.0,0.0,0.0,0.0,26.0,0.0,0.0,0.0,0.0,12.222,0.0,158.889,0.0,0.0,0.0,0.0,0.0,0.0,0.0,0.0,0.0,0.0,0.0,62.333333333333336,0.0,0.0,0.0,0.0,0.0,0.0,0.0,0.0,362.222,377.778,355.556,323.333,340.0,347.778,330.0,328.889,321.111,298.889,0.0,112.5,,0.8954909385422629,1.0109141942232984,407.222,0.0,2.778,1.014182948546918,156.667,1.9079531391241427,177.4444
malecns_ge5,1.0,A,0.95,5,2,156109,,0.0,,0.0,411.667,3.0,0.0,0.0,161.111,337.8888999999999,3.0,0.0,0.0,0.0,0.0,0.0,0.0,0.0,0.0,0.0,0.0,0.0,0.0,0.0,0.0,0.0,0.0,0.0,0.0,11.0,0.0,0.0,0.0,0.0,0.0,0.0,0.0,0.0,0.0,0.0,0.0,0.0,0.0,0.0,0.0,0.0,0.0,0.0,38.333333333333336,0.0,0.0,416.667,406.667,0.0,0.0,0.0,0.0,0.0,0.0,0.0,0.0,0.0,0.0,0.0,0.0,0.0,0.0,33.666666666666664,0.0,0.0,414.444,165.556,0.0,0.0,0.0,0.0,0.0,0.0,0.0,0.0,0.0,0.0,0.0,0.0,0.0,0.0,23.666666666666668,0.0,0.0,0.0,0.0,0.0,0.0,161.111,0.0,0.0,0.0,0.0,0.0,0.0,0.0,0.0,0.0,0.0,0.0,61.333333333333336,0.0,0.0,0.0,0.0,0.0,0.0,0.0,0.0,360.0,386.667,360.0,325.556,344.444,333.333,325.556,328.889,322.222,292.222,0.0,110.55575,,0.9021764130091814,1.0122950718892851,406.66700000000003,0.0,3.3335,1.1328134887710761,142.222,1.916193958771837,176.33335
malecns_ge5,1.0,A,0.95,6,2,156109,,0.0,,0.0,408.333,2.9000000000000004,0.0,0.0,0.0,338.2223,4.333333333333333,0.0,0.0,0.0,0.0,0.0,0.0,0.0,0.0,0.0,0.0,0.0,0.0,0.0,0.0,0.0,0.0,0.0,0.0,10.666666666666666,0.0,0.0,0.0,0.0,0.0,0.0,0.0,0.0,0.0,0.0,0.0,0.0,0.0,0.0,0.0,0.0,0.0,0.0,61.666666666666664,0.0,0.0,413.333,403.333,0.0,0.0,0.0,0.0,0.0,0.0,0.0,0.0,0.0,0.0,0.0,0.0,0.0,0.0,53.333333333333336,0.0,0.0,414.444,166.667,0.0,0.0,0.0,0.0,0.0,0.0,0.0,0.0,0.0,0.0,0.0,0.0,0.0,0.0,12.666666666666666,0.0,0.0,0.0,0.0,0.0,0.0,0.0,0.0,0.0,0.0,0.0,0.0,0.0,0.0,0.0,0.0,0.0,0.0,55.333333333333336,0.0,0.0,0.0,0.0,0.0,0.0,0.0,0.0,355.556,387.778,360.0,325.556,340.0,327.778,333.333,336.667,324.444,291.111,0.0,110.55575,,0.9021764130091814,1.0040967179535099,406.66700000000003,0.0,3.3335,0.0,142.222,1.9180846958332047,176.33335
malecns_ge5,1.0,A,0.95,7,2,156109,,0.0,,0.0,406.66650000000004,3.135,0.0,0.0,193.333,334.1111,1.3333333333333333,0.0,0.0,0.0,0.0,0.0,0.0,0.0,0.0,0.0,0.0,0.0,0.0,0.0,0.0,0.0,0.0,0.0,0.0,6.0,0.0,0.0,0.0,0.0,0.0,0.0,0.0,0.0,0.0,0.0,0.0,0.0,0.0,0.0,0.0,0.0,0.0,0.0,16.0,0.0,0.0,414.444,398.889,0.0,0.0,0.0,0.0,0.0,0.0,0.0,0.0,0.0,0.0,0.0,0.0,0.0,0.0,6.333333333333333,0.0,0.0,415.556,0.0,0.0,0.0,0.0,0.0,0.0,0.0,0.0,0.0,0.0,0.0,0.0,0.0,0.0,0.0,18.333333333333332,0.0,0.0,0.0,0.0,0.0,0.0,193.333,0.0,0.0,0.0,0.0,0.0,0.0,0.0,0.0,0.0,0.0,0.0,68.66666666666667,0.0,0.0,0.0,0.0,30.0,0.0,0.0,0.0,348.889,375.556,343.333,301.111,337.778,332.222,334.444,344.444,327.778,295.556,0.0,110.55575,,0.9021764130091814,0.999998770492811,406.66700000000003,0.0,3.3335,1.359374780273094,142.222,1.8947697641994554,176.33335
malecns_ge5,1.0,A,0.95,6,1,156109,,0.0,,0.0,411.111,2.9000000000000004,0.0,0.0,0.0,336.6667,3.3333333333333335,0.0,0.0,0.0,0.0,0.0,0.0,0.0,0.0,0.0,0.0,0.0,0.0,0.0,0.0,0.0,0.0,0.0,0.0,10.333333333333334,0.0,0.0,0.0,0.0,0.0,0.0,0.0,0.0,0.0,0.0,0.0,0.0,0.0,0.0,0.0,0.0,0.0,0.0,63.0,0.0,0.0,413.333,408.889,0.0,0.0,0.0,0.0,0.0,0.0,0.0,0.0,0.0,0.0,0.0,0.0,0.0,0.0,52.0,0.0,0.0,413.333,168.889,0.0,0.0,0.0,0.0,0.0,0.0,0.0,0.0,0.0,0.0,0.0,0.0,0.0,0.0,12.333333333333334,0.0,0.0,0.0,0.0,0.0,0.0,0.0,0.0,0.0,0.0,0.0,0.0,0.0,0.0,0.0,0.0,0.0,0.0,54.333333333333336,0.0,0.0,0.0,0.0,0.0,0.0,0.0,0.0,355.556,375.556,352.222,322.222,336.667,341.111,338.889,333.333,321.111,290.0,0.0,112.5,,0.8954909385422629,1.009550073424324,407.222,0.0,2.778,0.0,156.667,1.8973081145417945,177.4444
malecns_ge5,1.0,A,0.95,8,1,156109,,0.0,,0.0,411.1115,2.965,0.0,0.0,0.0,342.2222,1.0,0.0,0.0,0.0,0.0,0.0,0.0,0.0,0.0,0.0,0.0,0.0,0.0,0.0,0.0,0.0,0.0,0.0,0.0,4.0,0.0,0.0,0.0,0.0,0.0,0.0,0.0,0.0,0.0,0.0,0.0,0.0,0.0,0.0,0.0,0.0,0.0,0.0,38.0,0.0,0.0,415.556,406.667,0.0,0.0,0.0,0.0,0.0,0.0,0.0,0.0,0.0,0.0,0.0,0.0,0.0,0.0,17.0,0.0,0.0,414.444,0.0,0.0,0.0,0.0,0.0,0.0,0.0,0.0,0.0,0.0,0.0,0.0,0.0,0.0,0.0,17.666666666666668,0.0,0.0,0.0,0.0,0.0,0.0,0.0,0.0,0.0,0.0,0.0,16.667,0.0,0.0,0.0,0.0,0.0,0.0,75.33333333333333,93.333,0.0,0.0,0.0,0.0,23.333,0.0,0.0,363.333,376.667,353.333,335.556,340.0,343.333,341.111,340.0,326.667,302.222,0.0,112.5,,0.8954909385422629,1.0095513012558262,407.222,0.0,2.778,0.0,156.667,1.9286165131162212,177.4444
malecns_ge5,1.0,A,0.95,8,2,156109,,0.0,,0.0,408.889,3.0,0.0,0.0,0.0,342.6667,1.0,0.0,0.0,0.0,0.0,0.0,0.0,0.0,0.0,0.0,0.0,0.0,0.0,0.0,0.0,0.0,0.0,0.0,0.0,4.333333333333333,0.0,0.0,0.0,0.0,0.0,0.0,0.0,0.0,0.0,0.0,0.0,0.0,0.0,0.0,0.0,0.0,0.0,0.0,37.666666666666664,0.0,0.0,416.667,401.111,0.0,0.0,0.0,0.0,0.0,0.0,0.0,0.0,0.0,0.0,0.0,0.0,0.0,0.0,17.0,0.0,0.0,415.556,0.0,0.0,0.0,0.0,0.0,0.0,0.0,0.0,0.0,0.0,0.0,0.0,0.0,0.0,0.0,18.0,0.0,0.0,0.0,0.0,0.0,0.0,0.0,0.0,0.0,0.0,0.0,16.667,0.0,0.0,0.0,0.0,0.0,0.0,76.33333333333333,94.444,0.0,0.0,0.0,0.0,20.0,0.0,0.0,362.222,387.778,358.889,337.778,344.444,331.111,336.667,336.667,327.778,303.333,0.0,110.55575,,0.9021764130091814,1.0054639299475983,406.66700000000003,0.0,3.3335,0.0,142.222,1.9432892303129272,176.33335
malecns_ge5,1.0,A,0.95,9,2,156109,,0.0,,0.0,407.222,3.0,0.0,0.0,0.0,333.2222,4.0,0.0,0.0,0.0,0.0,0.0,0.0,0.0,0.0,0.0,0.0,0.0,0.0,0.0,0.0,0.0,0.0,0.0,0.0,7.333333333333333,0.0,0.0,0.0,0.0,0.0,0.0,0.0,0.0,0.0,0.0,0.0,0.0,0.0,0.0,0.0,0.0,0.0,0.0,33.333333333333336,0.0,0.0,414.444,400.0,0.0,0.0,0.0,0.0,0.0,0.0,0.0,0.0,0.0,0.0,0.0,0.0,0.0,0.0,11.0,0.0,0.0,415.556,0.0,0.0,0.0,0.0,0.0,0.0,0.0,0.0,0.0,0.0,0.0,0.0,0.0,0.0,0.0,16.333333333333332,0.0,0.0,0.0,0.0,0.0,0.0,0.0,0.0,0.0,0.0,0.0,0.0,0.0,0.0,0.0,0.0,0.0,0.0,60.666666666666664,0.0,0.0,0.0,0.0,0.0,0.0,0.0,0.0,335.556,375.556,344.444,301.111,344.444,330.0,334.444,340.0,328.889,297.778,0.0,110.55575,,0.9021764130091814,1.0013647529797105,406.66700000000003,0.0,3.3335,0.0,142.222,1.8897287438819712,176.33335
malecns_ge5,1.0,A,0.95,9,1,156109,,0.0,,0.0,408.8885,3.0,0.0,0.0,0.0,333.55570000000006,4.0,0.0,0.0,0.0,0.0,0.0,0.0,0.0,0.0,0.0,0.0,0.0,0.0,0.0,0.0,0.0,0.0,0.0,0.0,7.0,0.0,0.0,0.0,0.0,0.0,0.0,0.0,0.0,0.0,0.0,0.0,0.0,0.0,0.0,0.0,0.0,0.0,0.0,33.666666666666664,0.0,0.0,413.333,404.444,0.0,0.0,0.0,0.0,0.0,0.0,0.0,0.0,0.0,0.0,0.0,0.0,0.0,0.0,12.0,0.0,0.0,413.333,0.0,0.0,0.0,0.0,0.0,0.0,0.0,0.0,0.0,0.0,0.0,0.0,0.0,0.0,0.0,16.0,0.0,0.0,0.0,0.0,0.0,0.0,0.0,0.0,0.0,0.0,0.0,0.0,0.0,0.0,0.0,0.0,0.0,0.0,60.333333333333336,0.0,0.0,0.0,0.0,0.0,0.0,0.0,0.0,340.0,365.556,338.889,303.333,340.0,346.667,336.667,338.889,327.778,297.778,0.0,112.5,,0.8954909385422629,1.0040923623969236,407.222,0.0,2.778,0.0,156.667,1.8797758621855638,177.4444
